Altitude (km),O (kg/m3),N2 (kg/m3),O2 (kg/m3),Total (kg/m3),Neutral Temp. (K),He (kg/m3),Ar (kg/m3),H (kg/m3),N (kg/m3),H2 (kg/m3)
0,0.0,0.0,0.0,0.0,165.0,0.34274879628123833,0.0,0.0,0.0,6.124492553550377
1,0.0,0.0,0.0,0.0,159.00067330971223,0.33028660233218354,0.0,0.0,0.0,5.901808725423205
2,0.0,0.0,0.0,0.0,153.21947947237476,0.3182775282181476,0.0,0.0,0.0,5.687221582348024
3,0.0,0.0,0.0,0.0,147.648487274371,0.3067050987032509,0.0,0.0,0.0,5.480436732453715
4,0.0,0.0,0.0,0.0,142.2800538774877,0.2955534375838706,0.0,0.0,0.0,5.281170487826787
5,0.0,0.0,0.0,0.0,137.10681433371317,0.2848072459080935,0.0,0.0,0.0,5.089149475320245
6,0.0,0.0,0.0,0.0,132.12167148127332,0.2744517809871009,0.0,0.0,0.0,4.904110261513259
7,0.0,0.0,0.0,0.0,127.31778620804282,0.2644728361696892,0.0,0.0,0.0,4.725798991307134
8,0.0,0.0,0.0,0.0,122.68856806897455,0.2548567213521806,0.0,0.0,0.0,4.553971039661777
9,0.0,0.0,0.0,0.0,118.22766624467523,0.24559024419698441,0.0,0.0,0.0,4.388390675994865
10,0.0,0.0,0.0,0.0,113.928960828723,0.2366606920340434,0.0,0.0,0.0,4.228830740783313
11,0.0,0.0,0.0,0.0,109.78655443177448,0.22805581442033548,0.0,0.0,0.0,4.075072333923369
12,0.0,0.0,0.0,0.0,105.79476409094251,0.2197638063335038,0.0,0.0,0.0,3.9269045144217953
13,0.0,0.0,0.0,0.0,101.9481134733456,0.2117732919765594,0.0,0.0,0.0,3.7841240110061456
14,0.0,0.0,0.0,0.0,98.24132536313269,0.2040733091714377,0.0,0.0,0.0,3.646534943257127
15,0.0,0.0,0.0,0.0,94.6693144216764,0.19665329431999795,0.0,0.0,0.0,3.5139485528804633
16,0.0,0.0,0.0,0.0,91.22718021100242,0.18950306791183447,0.0,0.0,0.0,3.3861829447495917
17,0.0,0.0,0.0,0.0,87.91020047088388,0.18261282055901698,0.0,0.0,0.0,3.2630628373639343
18,0.0,0.0,0.0,0.0,84.71382464037768,0.17597309953860218,0.0,0.0,0.0,3.1444193223803976
19,0.0,0.0,0.0,0.0,81.6336676149148,0.16957479582445306,0.0,0.0,0.0,3.0300896328881954
20,0.0,0.0,0.0,0.0,78.66550373038002,0.16340913159057585,0.0,0.0,0.0,2.9199169201091024
21,0.0,0.0,0.0,0.0,75.8052609659279,0.15746764816882985,0.0,0.0,0.0,2.8137500382167784
22,0.0,0.0,0.0,0.0,73.04901535758171,0.15174219444448983,0.0,0.0,0.0,2.7114433369799777
23,0.0,0.0,0.0,0.0,70.39298561495151,0.14622491567374035,0.0,0.0,0.0,2.6128564619451478
24,0.0,0.0,0.0,0.0,67.83352793368593,0.14090824270776126,0.0,0.0,0.0,2.517854161884309
25,0.0,0.0,0.0,0.0,65.36713099654082,0.13578488160862054,0.0,0.0,0.0,2.426306103244038
26,0.0,0.0,0.0,0.0,62.990411156206974,0.13084780364272866,0.0,0.0,0.0,2.338086691341007
27,0.0,0.0,0.0,0.0,60.700107793287984,0.1260902356381265,0.0,0.0,0.0,2.2530748980587725
28,0.0,0.0,0.0,0.0,58.49307884306,0.12150565069237808,0.0,0.0,0.0,2.1711540958094306
29,0.0,0.0,0.0,0.0,56.36629648487649,0.11708775921832008,0.0,0.0,0.0,2.0922118975323567
30,0.0,0.0,0.0,0.0,54.316842988304415,0.112830500315384,0.0,0.0,0.0,2.0161400025105176
31,0.0,0.0,0.0,0.0,52.341906710292875,0.10872803345465307,0.0,0.0,0.0,1.9428340477928319
32,0.0,0.0,0.0,0.0,50.438778237883106,0.104774730466247,0.0,0.0,0.0,1.8721934650187508
33,0.0,0.0,0.0,0.0,48.604846671167714,0.10096516781804174,0.0,0.0,0.0,1.8041213424486333
34,0.0,0.0,0.0,0.0,46.83759604139995,0.09729411917513167,0.0,0.0,0.0,1.738524292010634
35,0.0,0.0,0.0,0.0,45.134601859338815,0.0937565482298262,0.0,0.0,0.0,1.6753123211817067
36,0.0,0.0,0.0,0.0,43.49352778909492,0.09034760179234468,0.0,0.0,0.0,1.614398709526959
37,0.0,0.0,0.0,0.0,41.912122442913756,0.08706260313273069,0.0,0.0,0.0,1.5556998897279815
38,0.0,0.0,0.0,0.0,40.38821629249933,0.08389704556485117,0.0,0.0,0.0,1.4991353329369344
39,0.0,0.0,0.0,0.0,38.9197186926405,0.08084658626367844,0.0,0.0,0.0,1.444627438299104
40,0.0,0.0,0.0,0.0,37.504615013057176,0.07790704030737337,0.0,0.0,0.0,1.392101426492378
41,0.0,0.0,0.0,0.0,36.140963874531096,0.07507437493599547,0.0,0.0,0.0,1.341485237137569
42,0.0,0.0,0.0,0.0,34.826894485529884,0.07234470401896403,0.0,0.0,0.0,1.2927094299388635
43,0.0,0.0,0.0,0.0,33.560604075670035,0.06971428272367955,0.0,0.0,0.0,1.245707089418749
44,0.0,0.0,0.0,0.0,32.34035542249823,0.06717950237799204,0.0,0.0,0.0,1.2004137331167453
45,0.0,0.0,0.0,0.0,31.164474468197703,0.06473688551946756,0.0,0.0,0.0,1.156767223125986
46,0.0,0.0,0.0,0.0,30.031348022950123,0.06238308112466122,0.0,0.0,0.0,1.1147076808462901
47,0.0,0.0,0.0,0.0,28.939421551802216,0.060114860011851734,0.0,0.0,0.0,1.0741774048367756
48,0.0,0.0,0.0,0.0,27.887197042000906,0.05792911041093043,0.0,0.0,0.0,1.0351207916553131
49,0.0,0.0,0.0,0.0,26.87323094787126,0.05582283369436725,0.0,0.0,0.0,0.9974842595762248
50,0.0,0.0,0.0,0.0,25.896132210417743,0.05379314026339688,0.0,0.0,0.0,0.9612161750815729
51,0.0,0.0,0.0,0.0,24.954560348931803,0.05183724558378117,0.0,0.0,0.0,0.9262667820251899
52,0.0,0.0,0.0,0.0,24.047223621987904,0.04995246636570978,0.0,0.0,0.0,0.8925881333722766
53,0.0,0.0,0.0,0.0,23.172877255304808,0.04813621688259763,0.0,0.0,0.0,0.8601340254209163
54,0.0,0.0,0.0,0.0,22.330321734041096,0.046386005423729455,0.0,0.0,0.0,0.8288599344152657
55,0.0,0.0,0.0,0.0,21.518401157182023,0.044699430875884516,0.0,0.0,0.0,0.7987229554634614
56,0.0,0.0,0.0,0.0,20.736001651760205,0.043074179429252,0.0,0.0,0.0,0.7696817436764466
57,0.0,0.0,0.0,0.0,19.982049844734405,0.04150802140311771,0.0,0.0,0.0,0.7416964574469597
58,0.0,0.0,0.0,0.0,19.255511390430307,0.03999880818696764,0.0,0.0,0.0,0.714728703790878
59,0.0,0.0,0.0,0.0,18.555389551522744,0.03854446929281143,0.0,0.0,0.0,0.6887414856759243
60,0.0,0.0,0.0,0.0,17.880723831612816,0.037143009514682086,0.0,0.0,0.0,0.6636991512654755
61,0.0,0.0,0.0,0.0,17.230588657523978,0.03579250619141516,0.0,0.0,0.0,0.6395673450078496
62,0.0,0.0,0.0,0.0,16.604092109509104,0.03449110656895184,0.0,0.0,0.0,0.6163129605039581
63,0.0,0.0,0.0,0.0,16.000374697626835,0.033237025258547756,0.0,0.0,0.0,0.5939040950886753
64,0.0,0.0,0.0,0.0,15.418608182608184,0.03202854178740004,0.0,0.0,0.0,0.5723100060636045
65,0.0,0.0,0.0,0.0,14.857994439595995,0.030863998238332482,0.0,0.0,0.0,0.5515010685212035
66,0.0,0.0,0.0,0.0,14.317764363198322,0.029741796975300824,0.0,0.0,0.0,0.5314487347024066
67,0.0,0.0,0.0,0.0,13.797176812353557,0.028660398451597544,0.0,0.0,0.0,0.5121254948319836
68,0.0,0.0,0.0,0.0,13.295517593559786,0.027618319097749353,0.0,0.0,0.0,0.49350483937790873
69,0.0,0.0,0.0,0.0,12.812098481073523,0.02661412928620989,0.0,0.0,0.0,0.47556122268296297
70,0.0,0.0,0.0,0.0,12.346256272733521,0.025646451370055168,0.0,0.0,0.0,0.4582700279186732
71,0.0,0.0,0.0,0.0,11.897351880114472,0.024713957792991292,0.0,0.0,0.0,0.4416075333135131
72,0.0,0.0,0.0,0.0,11.464769451762255,0.023815369268081366,0.0,0.0,0.0,0.4255508796090289
73,0.0,0.0,0.0,0.0,11.04791552830799,0.022949453022693123,0.0,0.0,0.0,0.41007803869924775
74,0.0,0.0,0.0,0.0,10.646218228301791,0.022115021107259495,0.0,0.0,0.0,0.3951677834103431
75,0.0,0.0,0.0,0.0,10.259126463649192,0.021310928765531867,0.0,0.0,0.0,0.3807996583790975
76,0.0,0.0,0.0,0.0,9.88610918357399,0.020536072864090187,0.0,0.0,0.0,0.3669539519902115
77,0.0,0.0,0.0,0.0,9.526654646070268,0.01978939037895546,0.0,0.0,0.0,0.3536116693339604
78,0.0,0.0,0.0,0.0,9.180269715844064,0.019069856937228236,0.0,0.0,0.0,0.340754506147097
79,0.0,0.0,0.0,0.0,8.846479187781615,0.01837648541175258,0.0,0.0,0.0,0.3283648237012539
80,0.0,0.0,0.0,0.0,8.524825135015961,0.017708324566877365,0.0,0.0,0.0,0.31642562460438994
81,0.0,0.0,0.0,0.0,8.214866280697551,0.017064457753457083,0.0,0.0,0.0,0.30492052948208626
82,0.0,0.0,0.0,0.0,7.9161773926070405,0.016444001651301908,0.0,0.0,0.0,0.29383375450670096
83,0.0,0.0,0.0,0.0,7.628348699779649,0.01584610505735166,0.0,0.0,0.0,0.2831500897435525
84,0.0,0.0,0.0,0.0,7.350985330340799,0.015269947717911212,0.0,0.0,0.0,0.27285487828442595
85,0.0,0.0,0.0,0.0,7.083706769781844,0.01471473920334537,0.0,0.0,0.0,0.2629339961397776
86,0.0,0.0,0.0,0.0,6.826146338932606,0.014179717823689288,0.0,0.0,0.0,0.25337383286204795
87,0.0,0.0,0.0,0.0,6.577950690914614,0.013664149583686813,0.0,0.0,0.0,0.24416127287350373
88,0.0,0.0,0.0,0.0,6.3387793263849135,0.0131673271758232,0.0,0.0,0.0,0.23528367747299078
89,0.0,0.0,0.0,0.0,6.108304126405364,0.012688569009970665,0.0,0.0,0.0,0.2267288674969133
90,0.0,0.0,0.0,0.0,5.886208902296645,0.012227218278315662,0.0,0.0,0.0,0.21848510661065298
91,0.0,0.0,0.0,0.0,5.672188961859327,0.011782642054284916,0.0,0.0,0.0,0.2105410852075036
92,0.0,0.0,0.0,0.0,5.465950691366972,0.011354230424234134,0.0,0.0,0.0,0.20288590489303368
93,0.0,0.0,0.0,0.0,5.26721115275779,0.01094139565070816,0.0,0.0,0.0,0.19550906353359143
94,0.0,0.0,0.0,0.0,5.075697695472209,0.010543571366124575,0.0,0.0,0.0,0.1884004408484385
95,0.0,0.0,0.0,0.0,4.891147582403853,0.010160211795774603,0.0,0.0,0.0,0.18155028452574745
96,0.0,0.0,0.0,0.0,4.713307629450812,0.00979079100907541,0.0,0.0,0.0,0.17494919684341623
97,0.0,0.0,0.0,0.0,4.541933858172622,0.009434802198046465,0.0,0.0,0.0,0.16858812177634278
98,0.0,0.0,0.0,0.0,4.37679116107652,0.009091756982020248,0.0,0.0,0.0,0.1624583325724743
99,0.0,0.0,0.0,0.0,4.217652979073721,0.008761184737633314,0.0,0.0,0.0,0.1565514197805853
100,0.0,0.0,0.0,0.0,4.064300990663244,0.008442631953178615,0.0,0.0,0.0,0.15085927971336036
101,0.0,0.0,0.0,0.0,3.916524812416885,0.008135661606433274,0.0,0.0,0.0,0.14537410332995457
102,0.0,0.0,0.0,0.0,3.7741217103544202,0.00783985256510828,0.0,0.0,0.0,0.14008836552277854
103,0.0,0.0,0.0,0.0,3.6368963218130634,0.007554799009097519,0.0,0.0,0.0,0.13499481479381129
104,0.0,0.0,0.0,0.0,3.504660387429655,0.007280109873733652,0.0,0.0,0.0,0.13008646330627818
105,0.0,0.0,0.0,0.0,3.37723249286783,0.0070154083132868755,0.0,0.0,0.0,0.12535657729804486
106,0.0,0.0,0.0,0.0,3.254437819935896,0.006760331183970701,0.0,0.0,0.0,0.12079866784357646
107,0.0,0.0,0.0,0.0,3.136107906753937,0.0065145285457453685,0.0,0.0,0.0,0.11640648195178754
108,0.0,0.0,0.0,0.0,3.0220804166411397,0.006277663182235478,0.0,0.0,0.0,0.11217399398757018
109,0.0,0.0,0.0,0.0,2.9121989154062837,0.006049410138103221,0.0,0.0,0.0,0.10809539740523194
110,0.0,0.0,0.0,0.0,2.8063126567358347,0.005829456273242493,0.0,0.0,0.0,0.1041650967825018
111,0.0,0.0,0.0,0.0,2.704276375385245,0.00561749983318232,0.0,0.0,0.0,0.10037770014417657
112,0.0,0.0,0.0,0.0,2.6059500878897084,0.00541325003511021,0.0,0.0,0.0,0.09672801156487557
113,0.0,0.0,0.0,0.0,2.511198900521014,0.005216426668947556,0.0,0.0,0.0,0.09321102404075664
114,0.0,0.0,0.0,0.0,2.4198928242269715,0.005026759712929701,0.0,0.0,0.0,0.08982191262041259
115,0.0,0.0,0.0,0.0,2.3319065962995724,0.004843988963163382,0.0,0.0,0.0,0.08655602778552568
116,0.0,0.0,0.0,0.0,2.24711950852722,0.004667863676653288,0.0,0.0,0.0,0.08340888907219843
117,0.0,0.0,0.0,0.0,2.1654152415952597,0.004498142227308013,0.0,0.0,0.0,0.08037617892421005
118,0.0,0.0,0.0,0.0,2.0866817055076328,0.004334591774453471,0.0,0.0,0.0,0.07745373676976544
119,0.0,0.0,0.0,0.0,2.0108108858107405,0.004176987943399042,0.0,0.0,0.0,0.07463755331361163
120,0.0,0.0,0.0,0.0,1.9376986954085245,0.004025114517618168,0.0,0.0,0.0,0.07192376503668962
121,0.0,0.0,0.0,0.0,1.867244831765493,0.003878763142121128,0.0,0.0,0.0,0.06930864889577691
122,0.0,0.0,0.0,0.0,1.7993526393017816,0.00373773303761306,0.0,0.0,0.0,0.06678861721584836
123,0.0,0.0,0.0,0.0,1.7339289767914605,0.0036018307250450443,0.0,0.0,0.0,0.06436021276814863
124,0.0,0.0,0.0,0.0,1.6708840895821973,0.0034708697601804296,0.0,0.0,0.0,0.06202010402722405
125,0.0,0.0,0.0,0.0,1.6101314864609386,0.0033446704778121675,0.0,0.0,0.0,0.05976508060040617
126,0.0,0.0,0.0,0.0,1.551587820996709,0.003223059745280312,0.0,0.0,0.0,0.05759204882347758
127,0.0,0.0,0.0,0.0,1.4951727771977343,0.0031058707249515126,0.0,0.0,0.0,0.05549802751647734
128,0.0,0.0,0.0,0.0,1.4408089593260123,0.0029929426453346327,0.0,0.0,0.0,0.05348014389382322
129,0.0,0.0,0.0,0.0,1.3884217857181922,0.002884120580518532,0.0,0.0,0.0,0.05153562962314052
130,0.0,0.0,0.0,0.0,1.3379393864670637,0.002779255237629361,0.0,0.0,0.0,0.04966181702738964
131,0.0,0.0,0.0,0.0,1.2892925048233115,0.0026782027520158343,0.0,0.0,0.0,0.047856135425082935
132,0.0,0.0,0.0,0.0,1.2424144021822539,0.0025808244898814655,0.0,0.0,0.0,0.046116107603569434
133,0.0,0.0,0.0,0.0,1.197240766525225,0.0024869868580930177,0.0,0.0,0.0,0.04443934642054961
134,0.0,0.0,0.0,0.0,1.1537096241899798,0.0023965611209042148,0.0,0.0,0.0,0.042823551529157185
135,0.0,0.0,0.0,0.0,1.111761254849102,0.0023094232233433257,0.0,0.0,0.0,0.04126650622211605
136,0.0,0.0,0.0,0.0,1.071338109579744,0.002225453621022271,0.0,0.0,0.0,0.039766074390641705
137,0.0,0.0,0.0,0.0,1.0323847319123245,0.0021445371161338067,0.0,0.0,0.0,0.03832019759391596
138,0.0,0.0,0.0,0.0,0.9948476817498573,0.002066562699411782,0.0,0.0,0.0,0.03692689223511428
139,0.0,0.0,0.0,0.0,0.958675462053537,0.001991423397837635,0.0,0.0,0.0,0.03558424684011124
140,0.0,0.0,0.0,0.0,0.923818448194011,0.0019190161278842353,0.0,0.0,0.0,0.034290419435131426
141,0.0,0.0,0.0,0.0,0.8902288198714015,0.001849241554095698,0.0,0.0,0.0,0.033043635019747504
142,0.0,0.0,0.0,0.0,0.8578604955106869,0.0017820039528091793,0.0,0.0,0.0,0.03184218313175902
143,0.0,0.0,0.0,0.0,0.8266690690424398,0.0017172110808316855,0.0,0.0,0.0,0.03068441550061118
144,0.0,0.0,0.0,0.0,0.7966117489821878,0.0016547740488917387,0.0,0.0,0.0,0.029568743786134253
145,0.0,0.0,0.0,0.0,0.76764729972482,0.001594607199692273,0.0,0.0,0.0,0.0284936373995013
146,0.0,0.0,0.0,0.0,0.7397359849735081,0.0015366279903974917,0.0,0.0,0.0,0.027457621403415178
147,0.0,0.0,0.0,0.0,0.7128395132255209,0.0014807568793924312,0.0,0.0,0.0,0.026459274488643506
148,0.0,0.0,0.0,0.0,0.6869209852401534,0.0014269172171599083,0.0,0.0,0.0,0.02549722702412611
149,0.0,0.0,0.0,0.0,0.6619448434166991,0.0013750351411251297,0.0,0.0,0.0,0.024570159177979663
150,0.0,0.0,0.0,0.0,0.6378768230130133,0.0013250394743237017,0.0,0.0,0.0,0.023676799106821644
151,0.0,0.0,0.0,0.0,0.6146839051377528,0.0012768616277540345,0.0,0.0,0.0,0.0228159212109299
152,0.0,0.0,0.0,0.0,0.5923342714517937,0.0012304355062801612,0.0,0.0,0.0,0.02198634445284363
153,0.0,0.0,0.0,0.0,0.5707972605166851,0.0011856974179558924,0.0,0.0,0.0,0.02118693073709935
154,0.0,0.0,0.0,0.0,0.5500433257302559,0.0011425859866459047,0.0,0.0,0.0,0.02041658334887901
155,0.0,0.0,0.0,0.0,0.5300439947916608,0.001101042067823883,0.0,0.0,0.0,0.01967424544942801
156,0.0,0.0,0.0,0.0,0.5107718306402647,0.0010610086674322134,0.0,0.0,0.0,0.018958898626179364
157,0.0,0.0,0.0,0.0,0.49220039381476577,0.0010224308636918936,0.0,0.0,0.0,0.018269561495594524
158,0.0,0.0,0.0,0.0,0.47430420618092894,0.000985255731755404,0.0,0.0,0.0,0.017605288356804374
159,0.0,0.0,0.0,0.0,0.4570587159781591,0.0009494322710991663,0.0,0.0,0.0,0.016965167894203225
160,0.0,0.0,0.0,0.0,0.44044026413696896,0.0009149113355559805,0.0,0.0,0.0,0.016348321927215925
161,0.0,0.0,0.0,0.0,0.4244260518211246,0.0008816455658914481,0.0,0.0,0.0,0.015753904205522813
162,0.0,0.0,0.0,0.0,0.40899410914994916,0.0008495893248318938,0.0,0.0,0.0,0.015181099248089901
163,0.0,0.0,0.0,0.0,0.3941232650578657,0.0008186986344546358,0.0,0.0,0.0,0.014629121224411273
164,0.0,0.0,0.0,0.0,0.3797931182498352,0.0007889311158547213,0.0,0.0,0.0,0.01409721287642905
165,0.0,0.0,0.0,0.0,0.3659840092128424,0.0007602459310053539,0.0,0.0,0.0,0.013584644479651915
166,0.0,0.0,0.0,0.0,0.35267699324502944,0.000732603726732244,0.0,0.0,0.0,0.013090712842046784
167,0.0,0.0,0.0,0.0,0.33985381446548185,0.0007059665807250376,0.0,0.0,0.0,0.012614740339330516
168,0.0,0.0,0.0,0.0,0.32749688076900374,0.0006802979495117349,0.0,0.0,0.0,0.012156073985337813
169,0.0,0.0,0.0,0.0,0.3155892396915281,0.0006555626183247422,0.0,0.0,0.0,0.011714084536190236
170,0.0,0.0,0.0,0.0,0.3041145551530492,0.000631726652789769,0.0,0.0,0.0,0.011288165627037184
171,0.0,0.0,0.0,0.0,0.29305708504617256,0.0006087573523712977,0.0,0.0,0.0,0.010877732940184627
172,0.0,0.0,0.0,0.0,0.2824016596395335,0.000586623205510752,0.0,0.0,0.0,0.010482223403470247
173,0.0,0.0,0.0,0.0,0.2721336607664606,0.0005652938463958257,0.0,0.0,0.0,0.01010109441778541
174,0.0,0.0,0.0,0.0,0.2622390017703276,0.0005447400133016564,0.0,0.0,0.0,0.009733823112683972
175,0.0,0.0,0.0,0.0,0.25270410817908423,0.0005249335084466966,0.0,0.0,0.0,0.00937990562905691
176,0.0,0.0,0.0,0.0,0.2435158990824532,0.0005058471593082081,0.0,0.0,0.0,0.009038856427888544
177,0.0,0.0,0.0,0.0,0.23466176918624232,0.0004874547813443051,0.0,0.0,0.0,0.008710207624146052
178,0.0,0.0,0.0,0.0,0.22612957151915639,0.00046973114207141245,0.0,0.0,0.0,0.008393508344888551
179,0.0,0.0,0.0,0.0,0.2179076007683793,0.0004526519264478464,0.0,0.0,0.0,0.008088324110714954
180,0.0,0.0,0.0,0.0,0.2099845772210683,0.00043619370351603577,0.0,0.0,0.0,0.007794236239702163
181,0.0,0.0,0.0,0.0,0.20234963128972816,0.0004203338942576165,0.0,0.0,0.0,0.007510841273015785
182,0.0,0.0,0.0,0.0,0.19499228860023507,0.0004050507406172994,0.0,0.0,0.0,0.007237750421405368
183,0.0,0.0,0.0,0.0,0.18790245562205513,0.0003903232756530194,0.0,0.0,0.0,0.00697458903182489
184,0.0,0.0,0.0,0.0,0.18107040582093986,0.0003761312947714089,0.0,0.0,0.0,0.006720996073446612
185,0.0,0.0,0.0,0.0,0.17448676631510468,0.0003624553280091385,0.0,0.0,0.0,0.006476623642363293
186,0.0,0.0,0.0,0.0,0.16814250501658215,0.00034927661332209464,0.0,0.0,0.0,0.006241136484299178
187,0.0,0.0,0.0,0.0,0.1620289182401106,0.0003365770708457521,0.0,0.0,0.0,0.006014211534675032
188,0.0,0.0,0.0,0.0,0.1561376187625569,0.0003243392780914259,0.0,0.0,0.0,0.005795537475396167
189,0.0,0.0,0.0,0.0,0.15046052431649518,0.00031254644604438006,0.0,0.0,0.0,0.005584814307755516
190,0.0,0.0,0.0,0.0,0.14498984650215188,0.00030118239613099437,0.0,0.0,0.0,0.005381752940865705
191,0.0,0.0,0.0,0.0,0.13971808010250888,0.0002902315380233973,0.0,0.0,0.0,0.005186074795055581
192,0.0,0.0,0.0,0.0,0.13463799278690447,0.00027967884825111247,0.0,0.0,0.0,0.004997511419687065
193,0.0,0.0,0.0,0.0,0.12974261518900596,0.000269509849590374,0.0,0.0,0.0,0.004815804124867994
194,0.0,0.0,0.0,0.0,0.1250252313455445,0.00025971059120284077,0.0,0.0,0.0,0.004640703626555761
195,0.0,0.0,0.0,0.0,0.12047936948269158,0.00025026762949645516,0.0,0.0,0.0,0.0044719697045647825
196,0.0,0.0,0.0,0.0,0.1160987931374397,0.00024116800968219365,0.0,0.0,0.0,0.004309370873008698
197,0.0,0.0,0.0,0.0,0.11187749260180552,0.00023239924800140597,0.0,0.0,0.0,0.004152684062725123
198,0.0,0.0,0.0,0.0,0.1078096766781178,0.0002239493145993598,0.0,0.0,0.0,0.00400169431524731
199,0.0,0.0,0.0,0.0,0.10388976473407945,0.00021580661702149558,0.0,0.0,0.0,0.003856194487902849
200,0.0,0.0,0.0,0.0,0.10011237904670439,0.0002079599843097515,0.0,0.0,0.0,0.003715984969634872
201,0.0,0.0,0.0,0.0,0.09647233742462498,0.0002003986516771374,0.0,0.0,0.0,0.0035808734071558486
202,0.0,0.0,0.0,0.0,0.09296464609864921,0.00019311224573953536,0.0,0.0,0.0,0.003450674441058322
203,0.0,0.0,0.0,0.0,0.08958449287081421,0.00018609077028446515,0.0,0.0,0.0,0.003325209451520536
204,0.0,0.0,0.0,0.0,0.08632724051253682,0.00017932459255729058,0.0,0.0,0.0,0.003204306313258086
205,0.0,0.0,0.0,0.0,0.08318842040280496,0.00017280443004605457,0.0,0.0,0.0,0.0030877991593854376
206,0.0,0.0,0.0,0.0,0.08016372639768113,0.00016652133774681054,0.0,0.0,0.0,0.002975528153863321
207,0.0,0.0,0.0,0.0,0.07724900892270818,0.00016046669589198103,0.0,0.0,0.0,0.0028673392722198356
208,0.0,0.0,0.0,0.0,0.07444026928011259,0.0001546321981249081,0.0,0.0,0.0,0.002763084090244451
209,0.0,0.0,0.0,0.0,0.07173365416299508,0.00014900984010437094,0.0,0.0,0.0,0.002662619580364978
210,0.0,0.0,0.0,0.0,0.06912545036898338,0.0001435919085234396,0.0,0.0,0.0,0.0025658079154282113
211,0.0,0.0,0.0,0.0,0.06661207970609365,0.00013837097052759697,0.0,0.0,0.0,0.0024725162796149984
212,0.0,0.0,0.0,0.0,0.06419009408381275,0.0001333398635176137,0.0,0.0,0.0,0.0023826166862303596
213,0.0,0.0,0.0,0.0,0.061856170782666677,0.0001284916853231861,0.0,0.0,0.0,0.0022959858021186818
214,0.0,0.0,0.0,0.0,0.0596071078957852,0.0001238197847338562,0.0,0.0,0.0,0.002212504778463093
215,0.0,0.0,0.0,0.0,0.057439819936209155,0.0001193177523742228,0.0,0.0,0.0,0.0021320590877368937
216,0.0,0.0,0.0,0.0,0.055351333603914456,0.00011497941191092689,0.0,0.0,0.0,0.0020545383665833746
217,0.0,0.0,0.0,0.0,0.05333878370674487,0.00011079881157934627,0.0,0.0,0.0,0.0019798362644084435
218,0.0,0.0,0.0,0.0,0.051399409229657786,0.00010677021601837563,0.0,0.0,0.0,0.0019078502974783492
219,0.0,0.0,0.0,0.0,0.049530549546891095,0.00010288809840209186,0.0,0.0,0.0,0.0018384817083223787
220,0.0,0.0,0.0,0.0,0.04772964077185295,9.914713285750616e-5,0.0,0.0,0.0,0.001771635330247563
221,0.0,0.0,0.0,0.0,0.0459942122397292,9.554218715800596e-5,0.0,0.0,0.0,0.001707219456779619
222,0.0,0.0,0.0,0.0,0.04432188311798034,9.206831568245756e-5,0.0,0.0,0.0,0.0016451457158509137
223,0.0,0.0,0.0,0.0,0.04271035914008021,8.872075263031441e-5,0.0,0.0,0.0,0.0015853289485629305
224,0.0,0.0,0.0,0.0,0.04115742945801442,8.549490548342074e-5,0.0,0.0,0.0,0.0015276870923568743
225,0.0,0.0,0.0,0.0,0.03966096360921982,8.238634870553995e-5,0.0,0.0,0.0,0.001472141068432117
226,0.0,0.0,0.0,0.0,0.038218908593805764,7.939081767096727e-5,0.0,0.0,0.0,0.0014186146732580963
227,0.0,0.0,0.0,0.0,0.03682928605804526,7.650420281389336e-5,0.0,0.0,0.0,0.001367034474030757
228,0.0,0.0,0.0,0.0,0.03549018958027386,7.372254399049583e-5,0.0,0.0,0.0,0.0013173297079301725
229,0.0,0.0,0.0,0.0,0.03419978205547201,7.104202504602258e-5,0.0,0.0,0.0,0.0012694321850411157
230,0.0,0.0,0.0,0.0,0.03295629317494217,6.845896857941223e-5,0.0,0.0,0.0,0.0012232761948033721
231,0.0,0.0,0.0,0.0,0.03175801699762474,6.596983089827265e-5,0.0,0.0,0.0,0.0011787984158635092
232,0.0,0.0,0.0,0.0,0.030603309609718868,6.35711971572921e-5,0.0,0.0,0.0,0.0011359378292043632
233,0.0,0.0,0.0,0.0,0.029490586869399336,6.125977667341767e-5,0.0,0.0,0.0,0.001094635634433132
234,0.0,0.0,0.0,0.0,0.028418322233533674,5.903239841136981e-5,0.0,0.0,0.0,0.0010548351691131643
235,0.0,0.0,0.0,0.0,0.027385044663419483,5.688600663330289e-5,0.0,0.0,0.0,0.001016481831028831
236,0.0,0.0,0.0,0.0,0.026389336606668135,5.4817656706641954e-5,0.0,0.0,0.0,0.0009795230032768082
237,0.0,0.0,0.0,0.0,0.025429832052465854,5.282451106434378e-5,0.0,0.0,0.0,0.0009439079820809929
238,0.0,0.0,0.0,0.0,0.0245052146575453,5.090383531204249e-5,0.0,0.0,0.0,0.0009095879072320591
239,0.0,0.0,0.0,0.0,0.023614215940295367,4.905299447673617e-5,0.0,0.0,0.0,0.0008765156950561793
240,0.0,0.0,0.0,0.0,0.022755613540532717,4.726944939187053e-5,0.0,0.0,0.0,0.0008446459738209864
241,0.0,0.0,0.0,0.0,0.021928229542547327,4.555075321385931e-5,0.0,0.0,0.0,0.0008139350214901484
242,0.0,0.0,0.0,0.0,0.021130928859120875,4.389454806526158e-5,0.0,0.0,0.0,0.0007843407057411427
243,0.0,0.0,0.0,0.0,0.020362617674302128,4.229856180001287e-5,0.0,0.0,0.0,0.0007558224261639798
244,0.0,0.0,0.0,0.0,0.019622241942801738,4.076060488626984e-5,0.0,0.0,0.0,0.0007283410585615342
245,0.0,0.0,0.0,0.0,0.01890878594394878,3.927856740259421e-5,0.0,0.0,0.0,0.0007018589012751052
246,0.0,0.0,0.0,0.0,0.01822127088822473,3.7850416143353926e-5,0.0,0.0,0.0,0.0006763396234615554
247,0.0,0.0,0.0,0.0,0.017558753574462956,3.6474191829370114e-5,0.0,0.0,0.0,0.0006517482152510572
248,0.0,0.0,0.0,0.0,0.016920325095872293,3.514800641998459e-5,0.0,0.0,0.0,0.0006280509397170996
249,0.0,0.0,0.0,0.0,0.01630510959310859,3.387004052285843e-5,0.0,0.0,0.0,0.0006052152865928266
250,0.0,0.0,0.0,0.0,0.01571226305268431,3.263854089794983e-5,0.0,0.0,0.0,0.0005832099276702411
251,0.0,0.0,0.0,0.0,0.015140972149067403,3.14518180522461e-5,0.0,0.0,0.0,0.0005620046738210725
252,0.0,0.0,0.0,0.0,0.014590453128880698,3.0308243921949616e-5,0.0,0.0,0.0,0.0005415704335803372
253,0.0,0.0,0.0,0.0,0.014059950735671697,2.9206249638939306e-5,0.0,0.0,0.0,0.0005218791732357967
254,0.0,0.0,0.0,0.0,0.01354873717377688,2.8144323378441775e-5,0.0,0.0,0.0,0.0005029038783685314
255,0.0,0.0,0.0,0.0,0.013056111109859693,2.712100828496068e-5,0.0,0.0,0.0,0.00048461851679189116
256,0.0,0.0,0.0,0.0,0.012581396710752164,2.6134900473618394e-5,0.0,0.0,0.0,0.0004669980028379687
257,0.0,0.0,0.0,0.0,0.012123942716279942,2.5184647104167497e-5,0.0,0.0,0.0,0.00045001816294259296
258,0.0,0.0,0.0,0.0,0.011683121545799357,2.426894452503109e-5,0.0,0.0,0.0,0.00043365570248164926
259,0.0,0.0,0.0,0.0,0.01125832843722001,2.3386536484824202e-5,0.0,0.0,0.0,0.00041788817381320243
260,0.0,0.0,0.0,0.0,0.010848980617332502,2.253621240890425e-5,0.0,0.0,0.0,0.0004026939454816078
261,0.0,0.0,0.0,0.0,0.010454516502302343,2.1716805738584665e-5,0.0,0.0,0.0,0.00038805217254133474
262,0.0,0.0,0.0,0.0,0.010074394927233749,2.092719233073443e-5,0.0,0.0,0.0,0.0003739427679598108
263,0.0,0.0,0.0,0.0,0.00970809440374616,2.016628891556741e-5,0.0,0.0,0.0,0.00036034637506004514
264,0.0,0.0,0.0,0.0,0.009355112404544771,1.9433051610505463e-5,0.0,0.0,0.0,0.00034724434096521946
265,0.0,0.0,0.0,0.0,0.009014964674004002,1.872647448807732e-5,0.0,0.0,0.0,0.0003346186910088316
266,0.0,0.0,0.0,0.0,0.008687184563817623,1.8045588195887546e-5,0.0,0.0,0.0,0.0003224521040752656
267,0.0,0.0,0.0,0.0,0.008371322392804482,1.7389458626763102e-5,0.0,0.0,0.0,0.00031072788883697316
268,0.0,0.0,0.0,0.0,0.008066944829991422,1.6757185637252842e-5,0.0,0.0,0.0,0.00029942996085566173
269,0.0,0.0,0.0,0.0,0.007773634300126891,1.6147901812721446e-5,0.0,0.0,0.0,0.0002885428205160663
270,0.0,0.0,0.0,0.0,0.007490988410810001,1.556077127734445e-5,0.0,0.0,0.0,0.00027805153176204864
271,0.0,0.0,0.0,0.0,0.00721861940044874,1.4994988547370909e-5,0.0,0.0,0.0,0.0002679417016058339
272,0.0,0.0,0.0,0.0,0.0069561536062903015,1.4449777426081187e-5,0.0,0.0,0.0,0.0002581994603822882
273,0.0,0.0,0.0,0.0,0.006703230951793585,1.392438993892358e-5,0.0,0.0,0.0,0.0002488114427211407
274,0.0,0.0,0.0,0.0,0.006459504452640497,1.3418105307368665e-5,0.0,0.0,0.0,0.0002397647692110438
275,0.0,0.0,0.0,0.0,0.00622463974070863,1.2930228960074197e-5,0.0,0.0,0.0,0.0002310470287303258
276,0.0,0.0,0.0,0.0,0.005998314605351911,1.2460091580003266e-5,0.0,0.0,0.0,0.00022264626142018333
277,0.0,0.0,0.0,0.0,0.005780218551360204,1.200704818618905e-5,0.0,0.0,0.0,0.00021455094227696556
278,0.0,0.0,0.0,0.0,0.005570052372991288,1.1570477248886177e-5,0.0,0.0,0.0,0.00020674996534103486
279,0.0,0.0,0.0,0.0,0.005367527743490754,1.1149779836894588e-5,0.0,0.0,0.0,0.00019923262846051017
280,0.0,0.0,0.0,0.0,0.0051723668195369134,1.0744378795886631e-5,0.0,0.0,0.0,0.00019198861860899924
281,0.0,0.0,0.0,0.0,0.004984301860067786,1.035371795660952e-5,0.0,0.0,0.0,0.00018500799773716635
282,0.0,0.0,0.0,0.0,0.004803074858967443,9.977261371877393e-6,0.0,0.0,0.0,0.00017828118913873416
283,0.0,0.0,0.0,0.0,0.004628437191107728,9.614492581305998e-6,0.0,0.0,0.0,0.00017179896431221154
284,0.0,0.0,0.0,0.0,0.004460149271259644,9.264913902781123e-6,0.0,0.0,0.0,0.00016555243030032019
285,0.0,0.0,0.0,0.0,0.0042979802254067044,8.928045749689171e-6,0.0,0.0,0.0,0.00015953301748975837
286,0.0,0.0,0.0,0.0,0.004141707574009054,8.603425972972675e-6,0.0,0.0,0.0,0.00015373246785455548
287,0.0,0.0,0.0,0.0,0.003991116926784091,8.29060922710862e-6,0.0,0.0,0.0,0.00014814282362689713
288,0.0,0.0,0.0,0.0,0.0038460016885846077,7.989166359139298e-6,0.0,0.0,0.0,0.00014275641637987035
289,0.0,0.0,0.0,0.0,0.0037061627759711643,7.698683819917874e-6,0.0,0.0,0.0,0.00013756585650715752
290,0.0,0.0,0.0,0.0,0.003571408344089744,7.41876309676079e-6,0.0,0.0,0.0,0.00013256402308524436
291,0.0,0.0,0.0,0.0,0.003441553523479958,7.149020166728547e-6,0.0,0.0,0.0,0.0001277440541042307
292,0.0,0.0,0.0,0.0,0.0033164201664528867,6.889084969785157e-6,0.0,0.0,0.0,0.00012309933705384853
293,0.0,0.0,0.0,0.0,0.003195836602690407,6.638600901113086e-6,0.0,0.0,0.0,0.00011862349985176445
294,0.0,0.0,0.0,0.0,0.0030796374037308943,6.397224321887527e-6,0.0,0.0,0.0,0.00011431040210172775
295,0.0,0.0,0.0,0.0,0.0029676631560181005,6.164624087838696e-6,0.0,0.0,0.0,0.00011015412666956769
296,0.0,0.0,0.0,0.0,0.002859760242201837,5.940481094955286e-6,0.0,0.0,0.0,0.00010614897156548226
297,0.0,0.0,0.0,0.0,0.002755780630390534,5.724487841706106e-6,0.0,0.0,0.0,0.00010228944212148598
298,0.0,0.0,0.0,0.0,0.0026555816710664144,5.516348007178988e-6,0.0,0.0,0.0,9.857024345327954e-5
299,0.0,0.0,0.0,0.0,0.0025590259013847892,5.315776044558469e-6,0.0,0.0,0.0,9.498627319620413e-5
300,0.0,0.0,0.0,0.0,0.0024659808565889395,5.12249678938446e-6,0.0,0.0,0.0,9.153261450531357e-5
301,0.0,0.0,0.0,0.0,0.0023763188882818293,4.936245082054348e-6,0.0,0.0,0.0,8.820452930995864e-5
302,0.0,0.0,0.0,0.0,0.0022899169893054426,4.756765404050895e-6,0.0,0.0,0.0,8.499745181363442e-5
303,0.0,0.0,0.0,0.0,0.0022066566249873618,4.583811527396595e-6,0.0,0.0,0.0,8.190698223016791e-5
304,0.0,0.0,0.0,0.0,0.002126423570523196,4.417146176853808e-6,0.0,0.0,0.0,7.892888074765647e-5
305,0.0,0.0,0.0,0.0,0.002049107754271701,4.256540704407134e-6,0.0,0.0,0.0,7.605906171187497e-5
306,0.0,0.0,0.0,0.0,0.001974603106747591,4.1017747755813966e-6,0.0,0.0,0.0,7.329358802117008e-5
307,0.0,0.0,0.0,0.0,0.0019028074151049503,3.952636067165069e-6,0.0,0.0,0.0,7.062866572515582e-5
308,0.0,0.0,0.0,0.0,0.0018336221829115176,3.808919975924238e-6,0.0,0.0,0.0,6.806063881979622e-5
309,0.0,0.0,0.0,0.0,0.0017669524950215472,3.670429337907673e-6,0.0,0.0,0.0,6.558598423173773e-5
310,0.0,0.0,0.0,0.0,0.0017027068873618312,3.5369741579578286e-6,0.0,0.0,0.0,6.320130698500894e-5
311,0.0,0.0,0.0,0.0,0.0016407972214522134,3.408371349056646e-6,0.0,0.0,0.0,6.090333554345594e-5
312,0.0,0.0,0.0,0.0,0.0015811385634885281,3.2844444811487235e-6,0.0,0.0,0.0,5.8688917322526246e-5
313,0.0,0.0,0.0,0.0,0.001523649067821981,3.16502353909706e-6,0.0,0.0,0.0,5.655501436424059e-5
314,0.0,0.0,0.0,0.0,0.0014682498646752154,3.049944689439522e-6,0.0,0.0,0.0,5.449869916942246e-5
315,0.0,0.0,0.0,0.0,0.0014148649519409291,2.939050055625852e-6,0.0,0.0,0.0,5.2517150681464436e-5
316,0.0,0.0,0.0,0.0,0.0013634210909146734,2.832187501427013e-6,0.0,0.0,0.0,5.060765041612393e-5
317,0.0,0.0,0.0,0.0,0.001313847705818761,2.729210422219678e-6,0.0,0.0,0.0,4.876757873203787e-5
318,0.0,0.0,0.0,0.0,0.0012660767869794153,2.6299775438594693e-6,0.0,0.0,0.0,4.699441123683889e-5
319,0.0,0.0,0.0,0.0,0.0012200427975243896,2.534352728867146e-6,0.0,0.0,0.0,4.528571532394481e-5
320,0.0,0.0,0.0,0.0,0.0011756825834729877,2.4422047896617157e-6,0.0,0.0,0.0,4.363914683526778e-5
321,0.0,0.0,0.0,0.0,0.0011329352870951927,2.3534073085843422e-6,0.0,0.0,0.0,4.205244684526647e-5
322,0.0,0.0,0.0,0.0,0.0010917422634210178,2.2678384644661115e-6,0.0,0.0,0.0,4.052343856192883e-5
323,0.0,0.0,0.0,0.0,0.0010520469997855203,2.185380865501668e-6,0.0,0.0,0.0,3.905002434043293e-5
324,0.0,0.0,0.0,0.0,0.0010137950382991547,2.1059213881995585e-6,0.0,0.0,0.0,3.763018280539086e-5
325,0.0,0.0,0.0,0.0,0.0009769339011370375,2.0293510221882056e-6,0.0,0.0,0.0,3.62619660777255e-5
326,0.0,0.0,0.0,0.0,0.0009414130185446827,1.95556472066471e-6,0.0,0.0,0.0,3.494349710237753e-5
327,0.0,0.0,0.0,0.0,0.0009071836594614137,1.8844612562812628e-6,0.0,0.0,0.0,3.367296707317581e-5
328,0.0,0.0,0.0,0.0,0.0008741988646662625,1.8159430822714343e-6,0.0,0.0,0.0,3.244863295133769e-5
329,0.0,0.0,0.0,0.0,0.0008424133823546777,1.7499161986258933e-6,0.0,0.0,0.0,3.126881507419643e-5
330,0.0,0.0,0.0,0.0,0.0008117836060576117,1.686290023133875e-6,0.0,0.0,0.0,3.0131894850873427e-5
331,0.0,0.0,0.0,0.0,0.0007822675148178563,1.6249772671135517e-6,0.0,0.0,0.0,2.9036312541735278e-5
332,0.0,0.0,0.0,0.0,0.0007538246155415427,1.5658938156607941e-6,0.0,0.0,0.0,2.7980565118588813e-5
333,0.0,0.0,0.0,0.0,0.0007264158874456977,1.5089586122520023e-6,0.0,0.0,0.0,2.6963204202677966e-5
334,0.0,0.0,0.0,0.0,0.0007000037285256857,1.4540935475427728e-6,0.0,0.0,0.0,2.598283407765492e-5
335,0.0,0.0,0.0,0.0,0.0006745519039690493,1.401223352209752e-6,0.0,0.0,0.0,2.5038109774798006e-5
336,0.0,0.0,0.0,0.0,0.0006500254964450125,1.3502754936887417e-6,0.0,0.0,0.0,2.4127735227850703e-5
337,0.0,0.0,0.0,0.0,0.0006263908582014365,1.3011800766673587e-6,0.0,0.0,0.0,2.3250461494949863e-5
338,0.0,0.0,0.0,0.0,0.0006036155649034956,1.253869747195714e-6,0.0,0.0,0.0,2.2405085045203413e-5
339,0.0,0.0,0.0,0.0,0.0005816683711507768,1.2082796002836201e-6,0.0,0.0,0.0,2.1590446107567934e-5
340,0.0,0.0,0.0,0.0,0.0005605191676117394,1.164347090857487e-6,0.0,0.0,0.0,2.080542707975972e-5
341,0.0,0.0,0.0,0.0,0.000540138939716764,1.1220119479548196e-6,0.0,0.0,0.0,2.004895099501768e-5
342,0.0,0.0,0.0,0.0,0.0005204997278530886,1.0812160920385348e-6,0.0,0.0,0.0,1.9319980044613568e-5
343,0.0,0.0,0.0,0.0,0.0005015745890070483,1.041903555317713e-6,0.0,0.0,0.0,1.861751415408338e-5
344,0.0,0.0,0.0,0.0,0.0004833375598009874,1.0040204049654515e-6,0.0,0.0,0.0,1.7940589611226407e-5
345,0.0,0.0,0.0,0.0,0.0004657636208741225,9.67514669128464e-7,0.0,0.0,0.0,1.728827774398924e-5
346,0.0,0.0,0.0,0.0,0.00044882866255851556,9.323362656269655e-7,0.0,0.0,0.0,1.665968364642184e-5
347,0.0,0.0,0.0,0.0,0.0004325094518030404,8.984369332469718e-7,0.0,0.0,0.0,1.6053944950956828e-5
348,0.0,0.0,0.0,0.0,0.0004167836002999871,8.65770165530796e-7,0.0,0.0,0.0,1.547023064532841e-5
349,0.0,0.0,0.0,0.0,0.00040162953377056955,8.34291146974895e-7,0.0,0.0,0.0,1.4907739932507653e-5
350,0.0,0.0,0.0,0.0,0.0003870264623671897,8.039566915475167e-7,0.0,0.0,0.0,1.4365701132089689e-5
351,0.0,0.0,0.0,0.0,0.00037295435215187395,7.747251834418417e-7,0.0,0.0,0.0,1.3843370621626406e-5
352,0.0,0.0,0.0,0.0,0.00035939389761173045,7.465565199832923e-7,0.0,0.0,0.0,1.3340031816451454e-5
353,0.0,0.0,0.0,0.0,0.00034632649517373854,7.19412056612721e-7,0.0,0.0,0.0,1.2854994186598558e-5
354,0.0,0.0,0.0,0.0,0.0003337342176825289,6.932545538699851e-7,0.0,0.0,0.0,1.2387592309464297e-5
355,0.0,0.0,0.0,0.0,0.000321599789806134,6.680481263051617e-7,0.0,0.0,0.0,1.1937184956915358e-5
356,0.0,0.0,0.0,0.0,0.0003099065643359834,6.437581932473483e-7,0.0,0.0,0.0,1.1503154215588555e-5
357,0.0,0.0,0.0,0.0,0.0002986384993486124,6.203514313634684e-7,0.0,0.0,0.0,1.1084904639175977e-5
358,0.0,0.0,0.0,0.0,0.00028778013619776597,5.97795728942031e-7,0.0,0.0,0.0,1.0681862431532915e-5
359,0.0,0.0,0.0,0.0,0.00027731657830670005,5.760601418391105e-7,0.0,0.0,0.0,1.0293474659487604e-5
360,0.0,0.0,0.0,0.0,0.0002672334707315806,5.551148510261017e-7,0.0,0.0,0.0,9.919208494272654e-6
361,0.0,0.0,0.0,0.0,0.0002575169804679553,5.349311216810354e-7,0.0,0.0,0.0,9.558550480538002e-6
362,0.0,0.0,0.0,0.0,0.00024815377747326625,5.154812637672988e-7,0.0,0.0,0.0,9.211005831941918e-6
363,0.0,0.0,0.0,0.0,0.00023913101637938058,4.967385940457078e-7,0.0,0.0,0.0,8.87609775235424e-6
364,0.0,0.0,0.0,0.0,0.00023043631887004461,4.786773994678024e-7,0.0,0.0,0.0,8.553366781740294e-6
365,0.0,0.0,0.0,0.0,0.00022205775669908244,4.612729019001369e-7,0.0,0.0,0.0,8.24237016582807e-6
366,0.0,0.0,0.0,0.0,0.00021398383532605087,4.445012241311919e-7,0.0,0.0,0.0,7.942681248694234e-6
367,0.0,0.0,0.0,0.0,0.00020620347814688872,4.2833935711424694e-7,0.0,0.0,0.0,7.6538888874352e-6
368,0.0,0.0,0.0,0.0,0.00019870601129793854,4.1276512840130046e-7,0.0,0.0,0.0,7.375596888120737e-6
369,0.0,0.0,0.0,0.0,0.000191481149012482,3.9775717172470693e-7,0.0,0.0,0.0,7.107423462255856e-6
370,0.0,0.0,0.0,0.0,0.00018451897950970877,3.8329489768481917e-7,0.0,0.0,0.0,6.849000703005612e-6
371,0.0,0.0,0.0,0.0,0.00017780995139675583,3.6935846550341546e-7,0.0,0.0,0.0,6.599974080464155e-6
372,0.0,0.0,0.0,0.0,0.00017134486056515972,3.559287558041522e-7,0.0,0.0,0.0,6.360001955275445e-6
373,0.0,0.0,0.0,0.0,0.00016511483756375254,3.4298734438271747e-7,0.0,0.0,0.0,6.128755109938683e-6
374,0.0,0.0,0.0,0.0,0.00015911133543066933,3.305164769306804e-7,0.0,0.0,0.0,5.905916297155095e-6
375,0.0,0.0,0.0,0.0,0.000153326117967781,3.184990446783763e-7,0.0,0.0,0.0,5.691179804596737e-6
376,0.0,0.0,0.0,0.0,0.00014775124844146405,3.0691856092340606e-7,0.0,0.0,0.0,5.484251035500112e-6
377,0.0,0.0,0.0,0.0,0.000142379078694202,2.9575913841254204e-7,0.0,0.0,0.0,5.28484610450911e-6
378,0.0,0.0,0.0,0.0,0.0001372022386520887,2.8500546754602783e-7,0.0,0.0,0.0,5.0926914482130845e-6
379,0.0,0.0,0.0,0.0,0.00013221362621382995,2.746427953743503e-7,0.0,0.0,0.0,4.907523449845421e-6
380,0.0,0.0,0.0,0.0,0.00012740639750737914,2.6465690535868583e-7,0.0,0.0,0.0,4.729088077628017e-6
381,0.0,0.0,0.0,0.0,0.00012277395750083723,2.5503409786724767e-7,0.0,0.0,0.0,4.557140536265382e-6
382,0.0,0.0,0.0,0.0,0.00011830995095473388,2.45761171380772e-7,0.0,0.0,0.0,4.39144493111017e-6
383,0.0,0.0,0.0,0.0,0.00011400825370328322,2.3682540438137186e-7,0.0,0.0,0.0,4.231773944539638e-6
384,0.0,0.0,0.0,0.0,0.00010986296425264569,2.2821453789989714e-7,0.0,0.0,0.0,4.077908524098787e-6
385,0.0,0.0,0.0,0.0,0.00010586839568467571,2.1991675869786938e-7,0.0,0.0,0.0,3.9296375819825534e-6
386,0.0,0.0,0.0,0.0,0.00010201906785504535,2.1192068306091376e-7,0.0,0.0,0.0,3.7867577054447026e-6
387,0.0,0.0,0.0,0.0,9.830969987503886e-5,2.0421534118145076e-7,0.0,0.0,0.0,3.649072877736048e-6
388,0.0,0.0,0.0,0.0,9.473520286670861e-5,1.967901621092321e-7,0.0,0.0,0.0,3.516394209189341e-6
389,0.0,0.0,0.0,0.0,9.129067298144764e-5,1.896349592490627e-7,0.0,0.0,0.0,3.388539678081689e-6
390,0.0,0.0,0.0,0.0,8.797138467240554e-5,1.8273991638582292e-7,0.0,0.0,0.0,3.265333880919173e-6
391,0.0,0.0,0.0,0.0,8.47727842115163e-5,1.7609557421761442e-7,0.0,0.0,0.0,3.1466077918009976e-6
392,0.0,0.0,0.0,0.0,8.169048344224255e-5,1.696928173785519e-7,0.0,0.0,0.0,3.032198530532999e-6
393,0.0,0.0,0.0,0.0,7.872025375946954e-5,1.635228619334049e-7,0.0,0.0,0.0,2.9219491391725287e-6
394,0.0,0.0,0.0,0.0,7.585802030828513e-5,1.57577243326924e-7,0.0,0.0,0.0,2.815708366697973e-6
395,0.0,0.0,0.0,0.0,7.309985639369194e-5,1.5184780477132903e-7,0.0,0.0,0.0,2.713330461507686e-6
396,0.0,0.0,0.0,0.0,7.044197809357756e-5,1.463266860560186e-7,0.0,0.0,0.0,2.6146749714634825e-6
397,0.0,0.0,0.0,0.0,6.788073906755648e-5,1.4100631276415644e-7,0.0,0.0,0.0,2.5196065512045205e-6
398,0.0,0.0,0.0,0.0,6.541262555455986e-5,1.3587938588133793e-7,0.0,0.0,0.0,2.4279947764671573e-6
399,0.0,0.0,0.0,0.0,6.303425155230966e-5,1.3093887178207827e-7,0.0,0.0,0.0,2.339713965156011e-6
400,0.0,0.0,0.0,0.0,6.0742354172066765e-5,1.2617799258039116e-7,0.0,0.0,0.0,2.2546430049208643e-6
401,0.0,0.0,0.0,0.0,5.853378916227655e-5,1.215902168312126e-7,0.0,0.0,0.0,2.1726651870027304e-6
402,0.0,0.0,0.0,0.0,5.640552659497393e-5,1.1716925056991933e-7,0.0,0.0,0.0,2.093668046121246e-6
403,0.0,0.0,0.0,0.0,5.435464670902873e-5,1.1290902867764587e-7,0.0,0.0,0.0,2.0175432061836846e-6
404,0.0,0.0,0.0,0.0,5.237833590452784e-5,1.0880370656055323e-7,0.0,0.0,0.0,1.9441862316038854e-6
405,0.0,0.0,0.0,0.0,5.0473882882801253e-5,1.0484765213163836e-7,0.0,0.0,0.0,1.873496484027213e-6
406,0.0,0.0,0.0,0.0,4.8638674926793725e-5,1.0103543808407877e-7,0.0,0.0,0.0,1.8053769842648825e-6
407,0.0,0.0,0.0,0.0,4.6870194316681286e-5,9.736183444551666e-8,0.0,0.0,0.0,1.7397342792483257e-6
408,0.0,0.0,0.0,0.0,4.516601487581441e-5,9.382180140306601e-8,0.0,0.0,0.0,1.6764783138210358e-6
409,0.0,0.0,0.0,0.0,4.352379864224825e-5,9.041048238919747e-8,0.0,0.0,0.0,1.6155223071919723e-6
410,0.0,0.0,0.0,0.0,4.1941292661295857e-5,8.712319741901994e-8,0.0,0.0,0.0,1.5567826338811125e-6
411,0.0,0.0,0.0,0.0,4.041632589470144e-5,8.39554366698131e-8,0.0,0.0,0.0,1.5001787089937226e-6
412,0.0,0.0,0.0,0.0,3.8946806242195635e-5,8.090285429400711e-8,0.0,0.0,0.0,1.4456328776660395e-6
413,0.0,0.0,0.0,0.0,3.753071767134554e-5,7.796126245711929e-8,0.0,0.0,0.0,1.3930703085306504e-6
414,0.0,0.0,0.0,0.0,3.616611745176151e-5,7.512662559246754e-8,0.0,0.0,0.0,1.3424188910554043e-6
415,0.0,0.0,0.0,0.0,3.485113348986799e-5,7.239505486478185e-8,0.0,0.0,0.0,1.2936091366150707e-6
416,0.0,0.0,0.0,0.0,3.358396176057985e-5,6.976280283511442e-8,0.0,0.0,0.0,1.246574083159951e-6
417,0.0,0.0,0.0,0.0,3.236286383236254e-5,6.722625831973263e-8,0.0,0.0,0.0,1.2012492033507224e-6
418,0.0,0.0,0.0,0.0,3.1186164482279884e-5,6.478194143594024e-8,0.0,0.0,0.0,1.157572316033457e-6
419,0.0,0.0,0.0,0.0,3.005224939775715e-5,6.242649882802929e-8,0.0,0.0,0.0,1.1154835009333484e-6
420,0.0,0.0,0.0,0.0,2.8959562961907785e-5,6.015669906681591e-8,0.0,0.0,0.0,1.0749250164501669e-6
421,0.0,0.0,0.0,0.0,2.7906606119383857e-5,5.796942821644519e-8,0.0,0.0,0.0,1.035841220442605e-6
422,0.0,0.0,0.0,0.0,2.689193431982407e-5,5.58616855623868e-8,0.0,0.0,0.0,9.981784938928992e-7
423,0.0,0.0,0.0,0.0,2.5914155536076297e-5,5.383057949475721e-8,0.0,0.0,0.0,9.618851673469427e-7
424,0.0,0.0,0.0,0.0,2.4971928354477173e-5,5.187332354132349e-8,0.0,0.0,0.0,9.26911450029024e-7
425,0.0,0.0,0.0,0.0,2.406396013456829e-5,4.9987232544745375e-8,0.0,0.0,0.0,8.932093615339189e-7
426,0.0,0.0,0.0,0.0,2.31890052357238e-5,4.8169718978810095e-8,0.0,0.0,0.0,8.607326660026128e-7
427,0.0,0.0,0.0,0.0,2.234586330825775e-5,4.641828939860869e-8,0.0,0.0,0.0,8.29436808691389e-7
428,0.0,0.0,0.0,0.0,2.1533377646665325e-5,4.4730541019781e-8,0.0,0.0,0.0,7.992788548472116e-7
429,0.0,0.0,0.0,0.0,2.0750433602739935e-5,4.3104158422138626e-8,0.0,0.0,0.0,7.702174308055895e-7
430,0.0,0.0,0.0,0.0,1.9995957056388666e-5,4.153691037314272e-8,0.0,0.0,0.0,7.422126672300939e-7
431,0.0,0.0,0.0,0.0,1.9268912942047795e-5,4.002664676687791e-8,0.0,0.0,0.0,7.152261444156497e-7
432,0.0,0.0,0.0,0.0,1.8568303828677755e-5,3.857129567432491e-8,0.0,0.0,0.0,6.892208395805931e-7
433,0.0,0.0,0.0,0.0,1.7893168551388287e-5,3.716886050088269e-8,0.0,0.0,0.0,6.641610760751476e-7
434,0.0,0.0,0.0,0.0,1.724258089281765e-5,3.581741724724321e-8,0.0,0.0,0.0,6.400124744366771e-7
435,0.0,0.0,0.0,0.0,1.6615648312455653e-5,3.4515111869857965e-8,0.0,0.0,0.0,6.167419052245245e-7
436,0.0,0.0,0.0,0.0,1.6011510722168664e-5,3.326015773737849e-8,0.0,0.0,0.0,5.943174435697819e-7
437,0.0,0.0,0.0,0.0,1.5429339306245407e-5,3.205083317957824e-8,0.0,0.0,0.0,5.727083253775887e-7
438,0.0,0.0,0.0,0.0,1.4868335384345659e-5,3.088547912539526e-8,0.0,0.0,0.0,5.518849051219065e-7
439,0.0,0.0,0.0,0.0,1.4327729315791372e-5,2.9762496826853957e-8,0.0,0.0,0.0,5.318186151748467e-7
440,0.0,0.0,0.0,0.0,1.3806779443697746e-5,2.868034566574514e-8,0.0,0.0,0.0,5.124819266147834e-7
441,0.0,0.0,0.0,0.0,1.3304771077494794e-5,2.7637541040053182e-8,0.0,0.0,0.0,4.938483114594503e-7
442,0.0,0.0,0.0,0.0,1.2821015512443973e-5,2.6632652327231852e-8,0.0,0.0,0.0,4.758922062722242e-7
443,0.0,0.0,0.0,0.0,1.2354849084805182e-5,2.5664300921535365e-8,0.0,0.0,0.0,4.5858897709168504e-7
444,0.0,0.0,0.0,0.0,1.1905632261357035e-5,2.473115834271031e-8,0.0,0.0,0.0,4.419148856363048e-7
445,0.0,0.0,0.0,0.0,1.1472748762021808e-5,2.3831944413454797e-8,0.0,0.0,0.0,4.258470567379204e-7
446,0.0,0.0,0.0,0.0,1.1055604714391713e-5,2.2965425503145112e-8,0.0,0.0,0.0,4.103634469593242e-7
447,0.0,0.0,0.0,0.0,1.0653627838995815e-5,2.2130412835418825e-8,0.0,0.0,0.0,3.954428143528901e-7
448,0.0,0.0,0.0,0.0,1.0266266664190505e-5,2.1325760857293936e-8,0.0,0.0,0.0,3.81064689318771e-7
449,0.0,0.0,0.0,0.0,9.892989769596011e-6,2.0550365667585685e-8,0.0,0.0,0.0,3.672093465226717e-7
450,0.0,0.0,0.0,0.0,9.53328505704157e-6,1.980316350246615e-8,0.0,0.0,0.0,3.5385777783469194e-7
451,0.0,0.0,0.0,0.0,9.186659048018373e-6,1.908312927608754e-8,0.0,0.0,0.0,3.4099166625208923e-7
452,0.0,0.0,0.0,0.0,8.852636206676848e-6,1.8389275174267862e-8,0.0,0.0,0.0,3.2859336077019887e-7
453,0.0,0.0,0.0,0.0,8.530758287439722e-6,1.7720649299310078e-8,0.0,0.0,0.0,3.166458521670469e-7
454,0.0,0.0,0.0,0.0,8.220583706335314e-6,1.7076334364094483e-8,0.0,0.0,0.0,3.0513274966841323e-7
455,0.0,0.0,0.0,0.0,7.921686935188868e-6,1.645544643365331e-8,0.0,0.0,0.0,2.9403825846134257e-7
456,0.0,0.0,0.0,0.0,7.633657917841087e-6,1.5857133712501676e-8,0.0,0.0,0.0,2.833471580252643e-7
457,0.0,0.0,0.0,0.0,7.356101507592408e-6,1.5280575376060003e-8,0.0,0.0,0.0,2.730447812509722e-7
458,0.0,0.0,0.0,0.0,7.088636925101728e-6,1.4724980444565793e-8,0.0,0.0,0.0,2.63116994318835e-7
459,0.0,0.0,0.0,0.0,6.830897235995525e-6,1.4189586697929118e-8,0.0,0.0,0.0,2.535501773086209e-7
460,0.0,0.0,0.0,0.0,6.58252884747115e-6,1.3673659630044022e-8,0.0,0.0,0.0,2.443312055143491e-7
461,0.0,0.0,0.0,0.0,6.343191023203147e-6,1.3176491441120213e-8,0.0,0.0,0.0,2.354474314385168e-7
462,0.0,0.0,0.0,0.0,6.112555415887405e-6,1.2697400066653166e-8,0.0,0.0,0.0,2.2688666744100873e-7
463,0.0,0.0,0.0,0.0,5.890305616781967e-6,1.2235728241700824e-8,0.0,0.0,0.0,2.186371690188916e-7
464,0.0,0.0,0.0,0.0,5.676136721626129e-6,1.1790842599182364e-8,0.0,0.0,0.0,2.1068761869413988e-7
465,0.0,0.0,0.0,0.0,5.469754912342664e-6,1.1362132800962657e-8,0.0,0.0,0.0,2.0302711048720145e-7
466,0.0,0.0,0.0,0.0,5.270877053949022e-6,1.0949010700529862e-8,0.0,0.0,0.0,1.9564513495509295e-7
467,0.0,0.0,0.0,0.0,5.079230306124884e-6,1.0550909536118119e-8,0.0,0.0,0.0,1.8853156477351064e-7
468,0.0,0.0,0.0,0.0,4.894551748902754e-6,1.0167283153167568e-8,0.0,0.0,0.0,1.81676640843163e-7
469,0.0,0.0,0.0,0.0,4.716588021968282e-6,9.797605255055367e-9,0.0,0.0,0.0,1.7507095890127058e-7
470,0.0,0.0,0.0,0.0,4.545094977075636e-6,9.44136868107016e-9,0.0,0.0,0.0,1.6870545661987244e-7
471,0.0,0.0,0.0,0.0,4.379837343100721e-6,9.098084710638723e-9,0.0,0.0,0.0,1.6257140117322566e-7
472,0.0,0.0,0.0,0.0,4.220588403272939e-6,8.767282392850627e-9,0.0,0.0,0.0,1.5666037725724964e-7
473,0.0,0.0,0.0,0.0,4.067129684142787e-6,8.448507900361414e-9,0.0,0.0,0.0,1.5096427554458302e-7
474,0.0,0.0,0.0,0.0,3.919250655858301e-6,8.141323906787191e-9,0.0,0.0,0.0,1.4547528155940362e-7
475,0.0,0.0,0.0,0.0,3.77674844333941e-6,7.845308986737113e-9,0.0,0.0,0.0,1.4018586495675878e-7
476,0.0,0.0,0.0,0.0,3.6394275479537764e-6,7.560057037660216e-9,0.0,0.0,0.0,1.3508876919169098e-7
477,0.0,0.0,0.0,0.0,3.507099579312514e-6,7.285176722713949e-9,0.0,0.0,0.0,1.3017700156399487e-7
478,0.0,0.0,0.0,0.0,3.3795829968175735e-6,7.020290933889475e-9,0.0,0.0,0.0,1.2544382362493756e-7
479,0.0,0.0,0.0,0.0,3.2567028606063556e-6,6.765036274657539e-9,0.0,0.0,0.0,1.208827419327869e-7
480,0.0,0.0,0.0,0.0,3.138290591551975e-6,6.519062561425302e-9,0.0,0.0,0.0,1.1648749914446836e-7
481,0.0,0.0,0.0,0.0,3.0241837399896993e-6,6.282032343119775e-9,0.0,0.0,0.0,1.1225206543112147e-7
482,0.0,0.0,0.0,0.0,2.9142257628523964e-6,6.0536204382389845e-9,0.0,0.0,0.0,1.0817063020578285e-7
483,0.0,0.0,0.0,0.0,2.808265808909335e-6,5.833513488735956e-9,0.0,0.0,0.0,1.042375941518506e-7
484,0.0,0.0,0.0,0.0,2.7061585118134993e-6,5.621409530123056e-9,0.0,0.0,0.0,1.0044756154138635e-7
485,0.0,0.0,0.0,0.0,2.6077637906736745e-6,5.417017577207279e-9,0.0,0.0,0.0,9.679533283272258e-8
486,0.0,0.0,0.0,0.0,2.512946657877584e-6,5.220057224887895e-9,0.0,0.0,0.0,9.327589753721558e-8
487,0.0,0.0,0.0,0.0,2.4215770339025846e-6,5.030258263469105e-9,0.0,0.0,0.0,8.988442734536356e-8
488,0.0,0.0,0.0,0.0,2.3335295688596833e-6,4.847360307959597e-9,0.0,0.0,0.0,8.661626950285304e-8
489,0.0,0.0,0.0,0.0,2.2486834705261317e-6,4.6711124408506e-9,0.0,0.0,0.0,8.346694042744916e-8
490,0.0,0.0,0.0,0.0,2.166922338630758e-6,4.501272867882534e-9,0.0,0.0,0.0,8.043211955797603e-8
491,0.0,0.0,0.0,0.0,2.0881340051645234e-6,4.337608586327645e-9,0.0,0.0,0.0,7.750764342694211e-8
492,0.0,0.0,0.0,0.0,2.0122103804973705e-6,4.179895065333856e-9,0.0,0.0,0.0,7.468949994868434e-8
493,0.0,0.0,0.0,0.0,1.939047305090144e-6,4.027915937891067e-9,0.0,0.0,0.0,7.1973822915191e-8
494,0.0,0.0,0.0,0.0,1.8685444065982764e-6,3.881462703997576e-9,0.0,0.0,0.0,6.935688669205668e-8
495,0.0,0.0,0.0,0.0,1.8006049621710509e-6,3.740334444619105e-9,0.0,0.0,0.0,6.683510110728763e-8
496,0.0,0.0,0.0,0.0,1.7351357657576104e-6,3.6043375460481554e-9,0.0,0.0,0.0,6.440500652594798e-8
497,0.0,0.0,0.0,0.0,1.6720470002377141e-6,3.4732854342856482e-9,0.0,0.0,0.0,6.206326910389168e-8
498,0.0,0.0,0.0,0.0,1.6112521142017078e-6,3.346998319080216e-9,0.0,0.0,0.0,5.980667621406462e-8
499,0.0,0.0,0.0,0.0,1.5526677032107187e-6,3.2253029472741145e-9,0.0,0.0,0.0,5.763213203910433e-8
500,0.0,0.0,0.0,0.0,1.4962133953742333e-6,3.1080323651174726e-9,0.0,0.0,0.0,5.5536653324192836e-8
501,0.0,0.0,0.0,0.0,1.4418117410879606e-6,2.995025689224576e-9,0.0,0.0,0.0,5.351736528433163e-8
502,0.0,0.0,0.0,0.0,1.3893881067808168e-6,2.886127885858143e-9,0.0,0.0,0.0,5.157149766042769e-8
503,0.0,0.0,0.0,0.0,1.338870572525188e-6,2.78118955823867e-9,0.0,0.0,0.0,4.969638091877723e-8
504,0.0,0.0,0.0,0.0,1.2901898333700884e-6,2.6800667415872076e-9,0.0,0.0,0.0,4.788944258873641e-8
505,0.0,0.0,0.0,0.0,1.2432791042617571e-6,2.582620705620203e-9,0.0,0.0,0.0,4.6148203733551e-8
506,0.0,0.0,0.0,0.0,1.1980740284213036e-6,2.4887177642255513e-9,0.0,0.0,0.0,4.447027554950532e-8
507,0.0,0.0,0.0,0.0,1.1545125890537357e-6,2.3982290920588118e-9,0.0,0.0,0.0,4.285335608872589e-8
508,0.0,0.0,0.0,0.0,1.112535024267173e-6,2.311030547807829e-9,0.0,0.0,0.0,4.1295227101141143e-8
509,0.0,0.0,0.0,0.0,1.0720837450855597e-6,2.227002503883379e-9,0.0,0.0,0.0,3.9793750991266126e-8
510,0.0,0.0,0.0,0.0,1.0331032564424346e-6,2.1460296823022543e-9,0.0,0.0,0.0,3.83468678856384e-8
511,0.0,0.0,0.0,0.0,9.955400810472922e-7,2.06800099653749e-9,0.0,0.0,0.0,3.6952592806879273e-8
512,0.0,0.0,0.0,0.0,9.593426860201536e-7,1.9928093991188947e-9,0.0,0.0,0.0,3.5609012950505746e-8
513,0.0,0.0,0.0,0.0,9.244614121936492e-7,1.920351734774709e-9,0.0,0.0,0.0,3.4314285060755576e-8
514,0.0,0.0,0.0,0.0,8.908484059856817e-7,1.8505285989130443e-9,0.0,0.0,0.0,3.306663290182746e-8
515,0.0,0.0,0.0,0.0,8.584575537491371e-7,1.7832442012488072e-9,0.0,0.0,0.0,3.186434482106462e-8
516,0.0,0.0,0.0,0.0,8.272444185086128e-7,1.7184062343890909e-9,0.0,0.0,0.0,3.070577140074006e-8
517,0.0,0.0,0.0,0.0,7.97166178997398e-7,1.6559257471968021e-9,0.0,0.0,0.0,2.9589323195222855e-8
518,0.0,0.0,0.0,0.0,7.681815709110104e-7,1.595717022758664e-9,0.0,0.0,0.0,2.8513468550418873e-8
519,0.0,0.0,0.0,0.0,7.40250830296748e-7,1.5376974607902884e-9,0.0,0.0,0.0,2.7476731502496465e-8
520,0.0,0.0,0.0,0.0,7.133356390015536e-7,1.4817874643169119e-9,0.0,0.0,0.0,2.6477689753012817e-8
521,0.0,0.0,0.0,0.0,6.873990721033983e-7,1.4279103304744236e-9,0.0,0.0,0.0,2.5514972717664856e-8
522,0.0,0.0,0.0,0.0,6.624055472540123e-7,1.3759921452807735e-9,0.0,0.0,0.0,2.4587259645985823e-8
523,0.0,0.0,0.0,0.0,6.383207758634924e-7,1.3259616822334432e-9,0.0,0.0,0.0,2.3693277809408837e-8
524,0.0,0.0,0.0,0.0,6.151117160598367e-7,1.2777503045939146e-9,0.0,0.0,0.0,2.283180075521251e-8
525,0.0,0.0,0.0,0.0,5.927465273588293e-7,1.231291871224987e-9,0.0,0.0,0.0,2.2001646623951482e-8
526,0.0,0.0,0.0,0.0,5.711945269821061e-7,1.186522645851807e-9,0.0,0.0,0.0,2.120167652806448e-8
527,0.0,0.0,0.0,0.0,5.504261477634992e-7,1.143381209622172e-9,0.0,0.0,0.0,2.0430792989436185e-8
528,0.0,0.0,0.0,0.0,5.304128975858632e-7,1.1018083768460507e-9,0.0,0.0,0.0,1.9687938433767866e-8
529,0.0,0.0,0.0,0.0,5.111273202927752e-7,1.06174711379881e-9,0.0,0.0,0.0,1.8972093739692485e-8
530,0.0,0.0,0.0,0.0,4.925429580214552e-7,1.0231424604766924e-9,0.0,0.0,0.0,1.8282276840642897e-8
531,0.0,0.0,0.0,0.0,4.7463431490526433e-7,9.859414551972701e-10,0.0,0.0,0.0,1.761754137755622e-8
532,0.0,0.0,0.0,0.0,4.5737682209594665e-7,9.500930619413565e-10,0.0,0.0,0.0,1.697697540056461e-8
533,0.0,0.0,0.0,0.0,4.407468040576479e-7,9.155481003367372e-10,0.0,0.0,0.0,1.635970011789207e-8
534,0.0,0.0,0.0,0.0,4.2472144608648335e-7,8.82259178187691e-10,0.0,0.0,0.0,1.5764868690241302e-8
535,0.0,0.0,0.0,0.0,4.092787630110646e-7,8.501806264576763e-10,0.0,0.0,0.0,1.5191665069015603e-8
536,0.0,0.0,0.0,0.0,3.943975690310627e-7,8.192684366160202e-10,0.0,0.0,0.0,1.4639302876782511e-8
537,0.0,0.0,0.0,0.0,3.800574486524401e-7,7.894802002626811e-10,0.0,0.0,0.0,1.4107024328443783e-8
538,0.0,0.0,0.0,0.0,3.6623872867945025e-7,7.607750509481977e-10,0.0,0.0,0.0,1.3594099191630606e-8
539,0.0,0.0,0.0,0.0,3.5292245122500457e-7,7.331136081090568e-10,0.0,0.0,0.0,1.3099823784898708e-8
540,0.0,0.0,0.0,0.0,3.4009034770236206e-7,7.064579230415297e-10,0.0,0.0,0.0,1.2623520012348333e-8
541,0.0,0.0,0.0,0.0,3.277248137624827e-7,6.807714268399029e-10,0.0,0.0,0.0,1.2164534433345512e-8
542,0.0,0.0,0.0,0.0,3.158088851426359e-7,6.560188802276261e-10,0.0,0.0,0.0,1.1722237366067394e-8
543,0.0,0.0,0.0,0.0,3.0432621439314325e-7,6.321663252125814e-10,0.0,0.0,0.0,1.1296022023642312e-8
544,0.0,0.0,0.0,0.0,2.932610484503367e-7,6.091810385001626e-10,0.0,0.0,0.0,1.0885303681699779e-8
545,0.0,0.0,0.0,0.0,2.825982070249432e-7,5.87031486600215e-10,0.0,0.0,0.0,1.0489518876187592e-8
546,0.0,0.0,0.0,0.0,2.7232306177626385e-7,5.656872825662772e-10,0.0,0.0,0.0,1.0108124630356166e-8
547,0.0,0.0,0.0,0.0,2.624215162435652e-7,5.45119144307754e-10,0.0,0.0,0.0,9.74059770984918e-9
548,0.0,0.0,0.0,0.0,2.5287998650716614e-7,5.252988544178605e-10,0.0,0.0,0.0,9.386433904879145e-9
549,0.0,0.0,0.0,0.0,2.436853825526695e-7,5.06199221462185e-10,0.0,0.0,0.0,9.045147338502419e-9
550,0.0,0.0,0.0,0.0,2.3482509031278303e-7,4.877940426747846e-10,0.0,0.0,0.0,8.716269800045057e-9
551,0.0,0.0,0.0,0.0,2.262869543620997e-7,4.700580680106496e-10,0.0,0.0,0.0,8.399350102765295e-9
552,0.0,0.0,0.0,0.0,2.1805926124107916e-7,4.529669655051877e-10,0.0,0.0,0.0,8.093953464870822e-9
553,0.0,0.0,0.0,0.0,2.101307233863635e-7,4.36497287893224e-10,0.0,0.0,0.0,7.799660913042046e-9
554,0.0,0.0,0.0,0.0,2.0249046364538582e-7,4.206264404417323e-10,0.0,0.0,0.0,7.516068707643205e-9
555,0.0,0.0,0.0,0.0,1.9512800035401284e-7,4.0533264995213907e-10,0.0,0.0,0.0,7.242787788832285e-9
556,0.0,0.0,0.0,0.0,1.8803323295676294e-7,3.90594934889698e-10,0.0,0.0,0.0,6.9794432428102915e-9
557,0.0,0.0,0.0,0.0,1.8119642814986212e-7,3.7639307659894015e-10,0.0,0.0,0.0,6.7256737874773114e-9
558,0.0,0.0,0.0,0.0,1.7460820652813902e-7,3.6270759156573037e-10,0.0,0.0,0.0,6.481131276790145e-9
559,0.0,0.0,0.0,0.0,1.6825952971742707e-7,3.4951970468785076e-10,0.0,0.0,0.0,6.245480223141033e-9
560,0.0,0.0,0.0,0.0,1.6214168797482671e-7,3.3681132351745453e-10,0.0,0.0,0.0,6.018397337102515e-9
561,0.0,0.0,0.0,0.0,1.5624628823982236e-7,3.245650134400638e-10,0.0,0.0,0.0,5.799571083907139e-9
562,0.0,0.0,0.0,0.0,1.5056524261984963e-7,3.127639737560367e-10,0.0,0.0,0.0,5.5887012560531815e-9
563,0.0,0.0,0.0,0.0,1.450907572945227e-7,3.0139201463170276e-10,0.0,0.0,0.0,5.3854985614502385e-9
564,0.0,0.0,0.0,0.0,1.398153218233038e-7,2.904335348885535e-10,0.0,0.0,0.0,5.18968422653984e-9
565,0.0,0.0,0.0,0.0,1.3473169884193564e-7,2.798735005999985e-10,0.0,0.0,0.0,5.000989613846224e-9
566,0.0,0.0,0.0,0.0,1.298329141335103e-7,2.6969742446633953e-10,0.0,0.0,0.0,4.819155853432905e-9
567,0.0,0.0,0.0,0.0,1.2511224706054646e-7,2.5989134593965574e-10,0.0,0.0,0.0,4.643933487759224e-9
568,0.0,0.0,0.0,0.0,1.2056322134495716e-7,2.504418120713489e-10,0.0,0.0,0.0,4.475082129449915e-9
569,0.0,0.0,0.0,0.0,1.1617959618324912e-7,2.4133585905605445e-10,0.0,0.0,0.0,4.3123701315078725e-9
570,0.0,0.0,0.0,0.0,1.1195535768477009e-7,2.3256099444660868e-10,0.0,0.0,0.0,4.155574269517839e-9
571,0.0,0.0,0.0,0.0,1.0788471062126114e-7,2.241051800156787e-10,0.0,0.0,0.0,4.004479435405159e-9
572,0.0,0.0,0.0,0.0,1.0396207047638768e-7,2.1595681524052815e-10,0.0,0.0,0.0,3.858878342329187e-9
573,0.0,0.0,0.0,0.0,1.0018205578434809e-7,2.081047213882738e-10,0.0,0.0,0.0,3.7185712403067174e-9
574,0.0,0.0,0.0,0.0,9.653948074704535e-8,2.0053812617979138e-10,0.0,0.0,0.0,3.583365642175147e-9
575,0.0,0.0,0.0,0.0,9.302934811969815e-8,1.9324664901124136e-10,0.0,0.0,0.0,3.4530760595196186e-9
576,0.0,0.0,0.0,0.0,8.964684235512517e-8,1.862202867129278e-10,0.0,0.0,0.0,3.3275237482016283e-9
577,0.0,0.0,0.0,0.0,8.63873229973001e-8,1.7944939982595846e-10,0.0,0.0,0.0,3.206536463140095e-9
578,0.0,0.0,0.0,0.0,8.32463183151169e-8,1.7292469937788559e-10,0.0,0.0,0.0,3.0899482220085926e-9
579,0.0,0.0,0.0,0.0,8.021951916762574e-8,1.6663723413917244e-10,0.0,0.0,0.0,2.977599077524337e-9
580,0.0,0.0,0.0,0.0,7.730277309232634e-8,1.605783783430094e-10,0.0,0.0,0.0,2.869334898016649e-9
581,0.0,0.0,0.0,0.0,7.449207860841079e-8,1.5473981985163748e-10,0.0,0.0,0.0,2.765007155973947e-9
582,0.0,0.0,0.0,0.0,7.178357972713525e-8,1.4911354875293277e-10,0.0,0.0,0.0,2.6644727242789674e-9
583,0.0,0.0,0.0,0.0,6.917356066179358e-8,1.43691846371618e-10,0.0,0.0,0.0,2.5675936798528488e-9
584,0.0,0.0,0.0,0.0,6.665844073003268e-8,1.38467274680018e-10,0.0,0.0,0.0,2.4742371144385714e-9
585,0.0,0.0,0.0,0.0,6.423476944151956e-8,1.3343266609384064e-10,0.0,0.0,0.0,2.3842749522643147e-9
586,0.0,0.0,0.0,0.0,6.189922176421676e-8,1.285811136389741e-10,0.0,0.0,0.0,2.297583774336418e-9
587,0.0,0.0,0.0,0.0,5.964859356277361e-8,1.2390596147581502e-10,0.0,0.0,0.0,2.2140446491209694e-9
588,0.0,0.0,0.0,0.0,5.747979720277795e-8,1.1940079576813232e-10,0.0,0.0,0.0,2.1335429693818143e-9
589,0.0,0.0,0.0,0.0,5.538985731483291e-8,1.1505943588393044e-10,0.0,0.0,0.0,2.055968294950982e-9
590,0.0,0.0,0.0,0.0,5.337590671265038e-8,1.1087592591624598e-10,0.0,0.0,0.0,1.9812142012159205e-9
591,0.0,0.0,0.0,0.0,5.1435182459562366e-8,1.0684452651224766e-10,0.0,0.0,0.0,1.9091781331157255e-9
592,0.0,0.0,0.0,0.0,4.956502207805035e-8,1.0295970699942279e-10,0.0,0.0,0.0,1.8397612644459358e-9
593,0.0,0.0,0.0,0.0,4.776285989709562e-8,9.921613779805427e-11,0.0,0.0,0.0,1.772868362278982e-9
594,0.0,0.0,0.0,0.0,4.602622353233726e-8,9.560868310957455e-11,0.0,0.0,0.0,1.7084076563142102e-9
595,0.0,0.0,0.0,0.0,4.435273049421174e-8,9.21323938707712e-11,0.0,0.0,0.0,1.6462907129783428e-9
596,0.0,0.0,0.0,0.0,4.2740084919417515e-8,8.878250096417128e-11,0.0,0.0,0.0,1.5864323141035355e-9
597,0.0,0.0,0.0,0.0,4.118607442122216e-8,8.555440867529331e-11,0.0,0.0,0.0,1.5287503400166472e-9
598,0.0,0.0,0.0,0.0,3.968856705429232e-8,8.244368838779337e-11,0.0,0.0,0.0,1.4731656568793827e-9
599,0.0,0.0,0.0,0.0,3.82455083898796e-8,7.94460725078499e-11,0.0,0.0,0.0,1.419602008124643e-9
600,0.0,0.0,0.0,0.0,3.685491869735224e-8,7.655744860945687e-11,0.0,0.0,0.0,1.3679859098402325e-9
601,0.0,0.0,0.0,0.0,3.551489022820426e-8,7.377385379258983e-11,0.0,0.0,0.0,1.3182465499563396e-9
602,0.0,0.0,0.0,0.0,3.4223584598818124e-8,7.109146924650932e-11,0.0,0.0,0.0,1.2703156910985635e-9
603,0.0,0.0,0.0,0.0,3.2979230268387836e-8,6.850661501073765e-11,0.0,0.0,0.0,1.2241275769731182e-9
604,0.0,0.0,0.0,0.0,3.178012010854365e-8,6.601574492652433e-11,0.0,0.0,0.0,1.1796188421558313e-9
605,0.0,0.0,0.0,0.0,3.062460906134521e-8,6.361544177187622e-11,0.0,0.0,0.0,1.136728425161213e-9
606,0.0,0.0,0.0,0.0,2.9511111882427967e-8,6.130241257347355e-11,0.0,0.0,0.0,1.0953974846722554e-9
607,0.0,0.0,0.0,0.0,2.8438100966207824e-8,5.907348408904274e-11,0.0,0.0,0.0,1.0555693188160824e-9
608,0.0,0.0,0.0,0.0,2.7404104250161316e-8,5.692559845399005e-11,0.0,0.0,0.0,1.0171892873747347e-9
609,0.0,0.0,0.0,0.0,2.6407703195304187e-8,5.485580898631952e-11,0.0,0.0,0.0,9.802047368242969e-10
610,0.0,0.0,0.0,0.0,2.5447530840099486e-8,5.2861276144083565e-11,0.0,0.0,0.0,9.445649280995932e-10
611,0.0,0.0,0.0,0.0,2.4522269925124127e-8,5.093926362981762e-11,0.0,0.0,0.0,9.102209669853035e-10
612,0.0,0.0,0.0,0.0,2.3630651085922658e-8,4.908713463661775e-11,0.0,0.0,0.0,8.771257370380634e-10
613,0.0,0.0,0.0,0.0,2.277145111156724e-8,4.73023482307075e-11,0.0,0.0,0.0,8.452338349474546e-10
614,0.0,0.0,0.0,0.0,2.1943491266535647e-8,4.558245586553309e-11,0.0,0.0,0.0,8.145015082472443e-10
615,0.0,0.0,0.0,0.0,2.1145635673605786e-8,4.392509802260603e-11,0.0,0.0,0.0,7.848865952914415e-10
616,0.0,0.0,0.0,0.0,2.0376789755546656e-8,4.232800097448173e-11,0.0,0.0,0.0,7.563484674127704e-10
617,0.0,0.0,0.0,0.0,1.9635898733468856e-8,4.0788973665434805e-11,0.0,0.0,0.0,7.288479731842382e-10
618,0.0,0.0,0.0,0.0,1.8921946179774976e-8,3.930590470555303e-11,0.0,0.0,0.0,7.023473847073505e-10
619,0.0,0.0,0.0,0.0,1.8233952623723362e-8,3.787675947412309e-11,0.0,0.0,0.0,6.76810345853237e-10
620,0.0,0.0,0.0,0.0,1.757097420769343e-8,3.649957732833702e-11,0.0,0.0,0.0,6.522018223857221e-10
621,0.0,0.0,0.0,0.0,1.693210139230812e-8,3.51724689134878e-11,0.0,0.0,0.0,6.284880538978851e-10
622,0.0,0.0,0.0,0.0,1.6316457708638205e-8,3.3893613570966527e-11,0.0,0.0,0.0,6.056365074962081e-10
623,0.0,0.0,0.0,0.0,1.5723198555775306e-8,3.266125684050237e-11,0.0,0.0,0.0,5.836158331687267e-10
624,0.0,0.0,0.0,0.0,1.515151004212464e-8,3.1473708053220093e-11,0.0,0.0,0.0,5.623958207759765e-10
625,0.0,0.0,0.0,0.0,1.4600607868828376e-8,3.0329338012213954e-11,0.0,0.0,0.0,5.419473586057481e-10
626,0.0,0.0,0.0,0.0,1.4069736253786615e-8,2.922657675745371e-11,0.0,0.0,0.0,5.222423934347509e-10
627,0.0,0.0,0.0,0.0,1.3558166894800882e-8,2.8163911411958407e-11,0.0,0.0,0.0,5.032538920424318e-10
628,0.0,0.0,0.0,0.0,1.30651979704169e-8,2.713988410628164e-11,0.0,0.0,0.0,4.8495580412412e-10
629,0.0,0.0,0.0,0.0,1.259015317709679e-8,2.6153089978462626e-11,0.0,0.0,0.0,4.67323026552654e-10
630,0.0,0.0,0.0,0.0,1.2132380801398833e-8,2.5202175246697308e-11,0.0,0.0,0.0,4.503313689394225e-10
631,0.0,0.0,0.0,0.0,1.1691252825892354e-8,2.4285835352086246e-11,0.0,0.0,0.0,4.339575204475911e-10
632,0.0,0.0,0.0,0.0,1.1266164067581563e-8,2.3402813168912245e-11,0.0,0.0,0.0,4.181790178120007e-10
633,0.0,0.0,0.0,0.0,1.085653134765551e-8,2.2551897279990645e-11,0.0,0.0,0.0,4.029742145218328e-10
634,0.0,0.0,0.0,0.0,1.0461792691425588e-8,2.1731920314727132e-11,0.0,0.0,0.0,3.8832225112378044e-10
635,0.0,0.0,0.0,0.0,1.0081406557353292e-8,2.0941757347603783e-11,0.0,0.0,0.0,3.742030266049951e-10
636,0.0,0.0,0.0,0.0,9.714851094109816e-9,2.0180324354894612e-11,0.0,0.0,0.0,3.6059717081652305e-10
637,0.0,0.0,0.0,0.0,9.361623424648843e-9,1.944657672749476e-11,0.0,0.0,0.0,3.4748601789942194e-10
638,0.0,0.0,0.0,0.0,9.021238956309932e-9,1.8739507837822082e-11,0.0,0.0,0.0,3.3485158067708336e-10
639,0.0,0.0,0.0,0.0,8.693230716006565e-9,1.8058147658826287e-11,0.0,0.0,0.0,3.226765259786522e-10
640,0.0,0.0,0.0,0.0,8.377148709586175e-9,1.740156143320964e-11,0.0,0.0,0.0,3.109441508596647e-10
641,0.0,0.0,0.0,0.0,8.072559304483561e-9,1.676884839103425e-11,0.0,0.0,0.0,2.996383596872932e-10
642,0.0,0.0,0.0,0.0,7.77904463482101e-9,1.6159140513957132e-11,0.0,0.0,0.0,2.887436420587715e-10
643,0.0,0.0,0.0,0.0,7.496202028138475e-9,1.5571601344396604e-11,0.0,0.0,0.0,2.782450515226868e-10
644,0.0,0.0,0.0,0.0,7.2236434529675555e-9,1.5005424837996836e-11,0.0,0.0,0.0,2.681281850739559e-10
645,0.0,0.0,0.0,0.0,6.960994986491726e-9,1.445983425781681e-11,0.0,0.0,0.0,2.5837916339436415e-10
646,0.0,0.0,0.0,0.0,6.707896301561905e-9,1.3934081108725537e-11,0.0,0.0,0.0,2.489846118115394e-10
647,0.0,0.0,0.0,0.0,6.464000172364085e-9,1.3427444110542469e-11,0.0,0.0,0.0,2.399316419502557e-10
648,0.0,0.0,0.0,0.0,6.228971998060511e-9,1.293922820851382e-11,0.0,0.0,0.0,2.312078340508813e-10
649,0.0,0.0,0.0,0.0,6.002489343751295e-9,1.246876361976798e-11,0.0,0.0,0.0,2.2280121993072908e-10
650,0.0,0.0,0.0,0.0,5.784241498126249e-9,1.201540491444096e-11,0.0,0.0,0.0,2.147002665649169e-10
651,0.0,0.0,0.0,0.0,5.573929047200309e-9,1.1578530130211731e-11,0.0,0.0,0.0,2.0689386026422088e-10
652,0.0,0.0,0.0,0.0,5.3712634635479464e-9,1.1157539919033053e-11,0.0,0.0,0.0,1.9937129142822185e-10
653,0.0,0.0,0.0,0.0,5.175966710472603e-9,1.0751856724886337e-11,0.0,0.0,0.0,1.921222398528127e-10
654,0.0,0.0,0.0,0.0,4.987770860568499e-9,1.0360923991433267e-11,0.0,0.0,0.0,1.851367605719232e-10
655,0.0,0.0,0.0,0.0,4.806417728151231e-9,9.984205398476598e-12,0.0,0.0,0.0,1.7840527021402872e-10
656,0.0,0.0,0.0,0.0,4.631658515053226e-9,9.62118412618328e-12,0.0,0.0,0.0,1.7191853385473747e-10
657,0.0,0.0,0.0,0.0,4.463253469297738e-9,9.271362146059763e-12,0.0,0.0,0.0,1.6566765234740536e-10
658,0.0,0.0,0.0,0.0,4.300971556183325e-9,8.934259537707146e-12,0.0,0.0,0.0,1.5964405011440454e-10
659,0.0,0.0,0.0,0.0,4.14459014132769e-9,8.609413830419109e-12,0.0,0.0,0.0,1.5383946338230147e-10
660,0.0,0.0,0.0,0.0,3.993894685235755e-9,8.296379368718729e-12,0.0,0.0,0.0,1.482459288447928e-10
661,0.0,0.0,0.0,0.0,3.848678448973125e-9,7.994726700964132e-12,0.0,0.0,0.0,1.4285577273785284e-10
662,0.0,0.0,0.0,0.0,3.7087422105412436e-9,7.704041990184425e-12,0.0,0.0,0.0,1.3766160031210795e-10
663,0.0,0.0,0.0,0.0,3.5738939915648943e-9,7.423926446337076e-12,0.0,0.0,0.0,1.3265628568798564e-10
664,0.0,0.0,0.0,0.0,3.4439487939173004e-9,7.153995779208347e-12,0.0,0.0,0.0,1.2783296207972915e-10
665,0.0,0.0,0.0,0.0,3.318728345921343e-9,6.893879671205851e-12,0.0,0.0,0.0,1.2318501237485954e-10
666,0.0,0.0,0.0,0.0,3.1980608577789122e-9,6.643221269320404e-12,0.0,0.0,0.0,1.1870606005616897e-10
667,0.0,0.0,0.0,0.0,3.0817807858926314e-9,6.401676695559685e-12,0.0,0.0,0.0,1.1438996045378212e-10
668,0.0,0.0,0.0,0.0,2.969728605756739e-9,6.168914575182318e-12,0.0,0.0,0.0,1.1023079231528904e-10
669,0.0,0.0,0.0,0.0,2.8617505931056603e-9,5.944615582085363e-12,0.0,0.0,0.0,1.0622284968238782e-10
670,0.0,0.0,0.0,0.0,2.7576986130198146e-9,5.728472000721103e-12,0.0,0.0,0.0,1.023606340628852e-10
671,0.0,0.0,0.0,0.0,2.6574299166994526e-9,5.520187303942356e-12,0.0,0.0,0.0,9.863884688731998e-11
672,0.0,0.0,0.0,0.0,2.5608069456277874e-9,5.319475746197326e-12,0.0,0.0,0.0,9.505238223986346e-11
673,0.0,0.0,0.0,0.0,2.4676971428545785e-9,5.126061971515502e-12,0.0,0.0,0.0,9.159631985351762e-11
674,0.0,0.0,0.0,0.0,2.3779727711414066e-9,4.939680635747138e-12,0.0,0.0,0.0,8.826591836000666e-11
675,0.0,0.0,0.0,0.0,2.2915107377190636e-9,4.760076042537827e-12,0.0,0.0,0.0,8.50566087850978e-11
676,0.0,0.0,0.0,0.0,2.208192425416764e-9,4.587001792539055e-12,0.0,0.0,0.0,8.196398828043223e-11
677,0.0,0.0,0.0,0.0,2.1279035299313505e-9,4.4202204453731416e-12,0.0,0.0,0.0,7.898381408326132e-11
678,0.0,0.0,0.0,0.0,2.05053390301332e-9,4.259503193889e-12,0.0,0.0,0.0,7.611199769580406e-11
679,0.0,0.0,0.0,0.0,1.9759774013546042e-9,4.104629550261939e-12,0.0,0.0,0.0,7.334459927624302e-11
680,0.0,0.0,0.0,0.0,1.9041317409706497e-9,3.9553870435065996e-12,0.0,0.0,0.0,7.067782223365855e-11
681,0.0,0.0,0.0,0.0,1.834898356877143e-9,3.81157092798826e-12,0.0,0.0,0.0,6.810800801949022e-11
682,0.0,0.0,0.0,0.0,1.7681822678687884e-9,3.672983902532469e-12,0.0,0.0,0.0,6.563163110837705e-11
683,0.0,0.0,0.0,0.0,1.7038919462147334e-9,3.5394358397478566e-12,0.0,0.0,0.0,6.324529416149452e-11
684,0.0,0.0,0.0,0.0,1.6419391920917532e-9,3.4107435251905295e-12,0.0,0.0,0.0,6.094572336574827e-11
685,0.0,0.0,0.0,0.0,1.5822390125829902e-9,3.286730406012333e-12,0.0,0.0,0.0,5.872976394243288e-11
686,0.0,0.0,0.0,0.0,1.5247095050762995e-9,3.167226348748269e-12,0.0,0.0,0.0,5.6594375819195625e-11
687,0.0,0.0,0.0,0.0,1.4692717449021233e-9,3.05206740591053e-12,0.0,0.0,0.0,5.453662945936378e-11
688,0.0,0.0,0.0,0.0,1.4158496770568066e-9,2.941095591069094e-12,0.0,0.0,0.0,5.255370184291587e-11
689,0.0,0.0,0.0,0.0,1.3643700118628525e-9,2.8341586621103726e-12,0.0,0.0,0.0,5.064287259358472e-11
690,0.0,0.0,0.0,0.0,1.3147621244228688e-9,2.7311099123763757e-12,0.0,0.0,0.0,4.880152024677536e-11
691,0.0,0.0,0.0,0.0,1.2669579577293594e-9,2.631807969398024e-12,0.0,0.0,0.0,4.7027118653180936e-11
692,0.0,0.0,0.0,0.0,1.2208919292973686e-9,2.536116600946375e-12,0.0,0.0,0.0,4.5317233513160535e-11
693,0.0,0.0,0.0,0.0,1.1765008411919698e-9,2.44390452813583e-12,0.0,0.0,0.0,4.366951903712711e-11
694,0.0,0.0,0.0,0.0,1.1337237933270695e-9,2.3550452453227426e-12,0.0,0.0,0.0,4.208171472736075e-11
695,0.0,0.0,0.0,0.0,1.0925020999166357e-9,2.269416846552437e-12,0.0,0.0,0.0,4.055164227683385e-11
696,0.0,0.0,0.0,0.0,1.052779208963754e-9,2.1869018583166118e-12,0.0,0.0,0.0,3.9077202580794957e-11
697,0.0,0.0,0.0,0.0,1.014500624676991e-9,2.1073870783915337e-12,0.0,0.0,0.0,3.7656372857008715e-11
698,0.0,0.0,0.0,0.0,9.77613832707667e-10,2.0307634205360048e-12,0.0,0.0,0.0,3.628720387070273e-11
699,0.0,0.0,0.0,0.0,9.420682281054985e-10,1.9569257648361133e-12,0.0,0.0,0.0,3.49678172604153e-11
700,0.0,0.0,0.0,0.0,9.078150458937072e-10,1.885772813491305e-12,0.0,0.0,0.0,3.3696402961072746e-11
701,0.0,0.0,0.0,0.0,8.748072941684066e-10,1.817206951844052e-12,0.0,0.0,0.0,3.24712167207634e-11
702,0.0,0.0,0.0,0.0,8.429996896304486e-10,1.7511341144623866e-12,0.0,0.0,0.0,3.129057770779977e-11
703,0.0,0.0,0.0,0.0,8.123485954613311e-10,1.687463656091672e-12,0.0,0.0,0.0,3.015286620478806e-11
704,0.0,0.0,0.0,0.0,7.828119614578848e-10,1.6261082272984554e-12,0.0,0.0,0.0,2.9056521386539273e-11
705,0.0,0.0,0.0,0.0,7.543492663436366e-10,1.5669836546358588e-12,0.0,0.0,0.0,2.80000391787745e-11
706,0.0,0.0,0.0,0.0,7.269214621777305e-10,1.5100088251661507e-12,0.0,0.0,0.0,2.6981970194687652e-11
707,0.0,0.0,0.0,0.0,7.004909207850882e-10,1.4551055751819712e-12,0.0,0.0,0.0,2.6000917746532846e-11
708,0.0,0.0,0.0,0.0,6.750213821343612e-10,1.402198582973637e-12,0.0,0.0,0.0,2.5055535929510173e-11
709,0.0,0.0,0.0,0.0,6.504779045928233e-10,1.3512152654953479e-12,0.0,0.0,0.0,2.4144527775319997e-11
710,0.0,0.0,0.0,0.0,6.268268169899974e-10,1.3020856787886163e-12,0.0,0.0,0.0,2.3266643472854086e-11
711,0.0,0.0,0.0,0.0,6.040356724242036e-10,1.254742422026207e-12,0.0,0.0,0.0,2.2420678653580788e-11
712,0.0,0.0,0.0,0.0,5.820732037486852e-10,1.209120545045005e-12,0.0,0.0,0.0,2.1605472739272934e-11
713,0.0,0.0,0.0,0.0,5.609092806762555e-10,1.1651574592409807e-12,0.0,0.0,0.0,2.0819907349812274e-11
714,0.0,0.0,0.0,0.0,5.405148684435831e-10,1.1227928517039393e-12,0.0,0.0,0.0,2.0062904768884764e-11
715,0.0,0.0,0.0,0.0,5.20861987978425e-10,1.081968602474291e-12,0.0,0.0,0.0,1.933342646546249e-11
716,0.0,0.0,0.0,0.0,5.019236775151802e-10,1.0426287048083664e-12,0.0,0.0,0.0,1.8630471669044496e-11
717,0.0,0.0,0.0,0.0,4.836739556060632e-10,1.004719188342808e-12,0.0,0.0,0.0,1.7953075996700546e-11
718,0.0,0.0,0.0,0.0,4.660877854771886e-10,9.681880450526934e-13,0.0,0.0,0.0,1.7300310130035315e-11
719,0.0,0.0,0.0,0.0,4.491410406806401e-10,9.329851579017703e-13,0.0,0.0,0.0,1.6671278540257256e-11
720,0.0,0.0,0.0,0.0,4.3281047199543364e-10,8.990622320869666e-13,0.0,0.0,0.0,1.6065118259603984e-11
721,0.0,0.0,0.0,0.0,4.1707367553193015e-10,8.663727287827929e-13,0.0,0.0,0.0,1.548099769743753e-11
722,0.0,0.0,0.0,0.0,4.0190906199595917e-10,8.348718012947673e-13,0.0,0.0,0.0,1.4918115499385873e-11
723,0.0,0.0,0.0,0.0,3.872958270704989e-10,8.045162335343039e-13,0.0,0.0,0.0,1.4375699447966092e-11
724,0.0,0.0,0.0,0.0,3.7321392287425063e-10,7.752643807305959e-13,0.0,0.0,0.0,1.3853005403179833e-11
725,0.0,0.0,0.0,0.0,3.5964403045796847e-10,7.470761122981922e-13,0.0,0.0,0.0,1.3349316281628321e-11
726,0.0,0.0,0.0,0.0,3.4656753330082167e-10,7.199127567819067e-13,0.0,0.0,0.0,1.2863941072746695e-11
727,0.0,0.0,0.0,0.0,3.3396649177040424e-10,6.937370488034797e-13,0.0,0.0,0.0,1.2396213890807178e-11
728,0.0,0.0,0.0,0.0,3.21823618511375e-10,6.685130779372499e-13,0.0,0.0,0.0,1.1945493061391234e-11
729,0.0,0.0,0.0,0.0,3.1012225472894876e-10,6.442062394446712e-13,0.0,0.0,0.0,1.1511160241076969e-11
730,0.0,0.0,0.0,0.0,2.988463473347205e-10,6.207831868001231e-13,0.0,0.0,0.0,1.10926195691347e-11
731,0.0,0.0,0.0,0.0,2.8798042692344727e-10,5.982117859428405e-13,0.0,0.0,0.0,1.068929685006613e-11
732,0.0,0.0,0.0,0.0,2.7750958655058456e-10,5.764610711922242e-13,0.0,0.0,0.0,1.0300638765866056e-11
733,0.0,0.0,0.0,0.0,2.6741946128147127e-10,5.555012027660696e-13,0.0,0.0,0.0,9.926112116926207e-12
734,0.0,0.0,0.0,0.0,2.576962084840873e-10,5.353034258433937e-13,0.0,0.0,0.0,9.565203090539142e-12
735,0.0,0.0,0.0,0.0,2.483264888383634e-10,5.158400311157298e-13,0.0,0.0,0.0,9.217416555999197e-12
736,0.0,0.0,0.0,0.0,2.3929744803597865e-10,4.970843167727507e-13,0.0,0.0,0.0,8.882275385333089e-12
737,0.0,0.0,0.0,0.0,2.3059669914555416e-10,4.790105518700942e-13,0.0,0.0,0.0,8.559319798728747e-12
738,0.0,0.0,0.0,0.0,2.222123056190324e-10,4.615939410291031e-13,0.0,0.0,0.0,8.248106733763785e-12
739,0.0,0.0,0.0,0.0,2.1413276491593738e-10,4.448105904200662e-13,0.0,0.0,0.0,7.948209237568557e-12
740,0.0,0.0,0.0,0.0,2.0634699272305655e-10,4.2863747498230956e-13,0.0,0.0,0.0,7.659215881090143e-12
741,0.0,0.0,0.0,0.0,1.98844307747881e-10,4.1305240683613533e-13,0.0,0.0,0.0,7.380730194653193e-12
742,0.0,0.0,0.0,0.0,1.9161441706494953e-10,3.9803400484328865e-13,0.0,0.0,0.0,7.1123701240435134e-12
743,0.0,0.0,0.0,0.0,1.8464740199499973e-10,3.8356166527420654e-13,0.0,0.0,0.0,6.8537675063684784e-12
744,0.0,0.0,0.0,0.0,1.7793370449753954e-10,3.6961553354177723e-13,0.0,0.0,0.0,6.604567564974632e-12
745,0.0,0.0,0.0,0.0,1.7146411405818322e-10,3.5617647696285606e-13,0.0,0.0,0.0,6.364428422730034e-12
746,0.0,0.0,0.0,0.0,1.6522975505275394e-10,3.432260585101531e-13,0.0,0.0,0.0,6.133020633003298e-12
747,0.0,0.0,0.0,0.0,1.592220745708283e-10,3.3074651151850283e-13,0.0,0.0,0.0,5.9100267276962474e-12
748,0.0,0.0,0.0,0.0,1.534328306820059e-10,3.1872071531079136e-13,0.0,0.0,0.0,5.695140781709703e-12
749,0.0,0.0,0.0,0.0,1.4785408112881204e-10,3.0713217171011446e-13,0.0,0.0,0.0,5.488067993245107e-12
750,0.0,0.0,0.0,0.0,1.424781724307267e-10,2.9596498240595333e-13,0.0,0.0,0.0,5.288524279366378e-12
751,0.0,0.0,0.0,0.0,1.372977293843811e-10,2.852038271432959e-13,0.0,0.0,0.0,5.096235886266769e-12
752,0.0,0.0,0.0,0.0,1.323056449455226e-10,2.7483394270479263e-13,0.0,0.0,0.0,4.910939013706262e-12
753,0.0,0.0,0.0,0.0,1.2749507047887151e-10,2.6484110265712035e-13,0.0,0.0,0.0,4.732379453104419e-12
754,0.0,0.0,0.0,0.0,1.228594063624834e-10,2.5521159783374973e-13,0.0,0.0,0.0,4.560312238791815e-12
755,0.0,0.0,0.0,0.0,1.1839229293373608e-10,2.459322175273564e-13,0.0,0.0,0.0,4.3945013119419486e-12
756,0.0,0.0,0.0,0.0,1.1408760176451335e-10,2.3699023136606203e-13,0.0,0.0,0.0,4.23471919672232e-12
757,0.0,0.0,0.0,0.0,1.0993942725362374e-10,2.283733718486564e-13,0.0,0.0,0.0,4.080746688220678e-12
758,0.0,0.0,0.0,0.0,1.0594207852491117e-10,2.2006981751482263e-13,0.0,0.0,0.0,3.932372551717986e-12
759,0.0,0.0,0.0,0.0,1.0209007161994704e-10,2.1206817672728644e-13,0.0,0.0,0.0,3.789393232895699e-12
760,0.0,0.0,0.0,0.0,9.837812197459581e-11,2.043574720436458e-13,0.0,0.0,0.0,3.651612578579896e-12
761,0.0,0.0,0.0,0.0,9.480113716912553e-11,1.9692712515642628e-13,0.0,0.0,0.0,3.518841567638892e-12
762,0.0,0.0,0.0,0.0,9.135420994192353e-11,1.897669423807141e-13,0.0,0.0,0.0,3.390898051665385e-12
763,0.0,0.0,0.0,0.0,8.803261145722808e-11,1.8286710066944774e-13,0.0,0.0,0.0,3.267606505087194e-12
764,0.0,0.0,0.0,0.0,8.483178481764569e-11,1.7621813413719447e-13,0.0,0.0,0.0,3.1487977843639935e-12
765,0.0,0.0,0.0,0.0,8.17473388125474e-11,1.6981092107391017e-13,0.0,0.0,0.0,3.034308895939432e-12
766,0.0,0.0,0.0,0.0,7.877504189377087e-11,1.6363667143087327e-13,0.0,0.0,0.0,2.9239827726304165e-12
767,0.0,0.0,0.0,0.0,7.591081637036572e-11,1.576869147616301e-13,0.0,0.0,0.0,2.817668058146878e-12
768,0.0,0.0,0.0,0.0,7.315073281441275e-11,1.5195348860139668e-13,0.0,0.0,0.0,2.715218899446207e-12
769,0.0,0.0,0.0,0.0,7.049100467024531e-11,1.464285272689802e-13,0.0,0.0,0.0,2.6164947466375898e-12
770,0.0,0.0,0.0,0.0,6.792798305967917e-11,1.4110445107586294e-13,0.0,0.0,0.0,2.5213601601618255e-12
771,0.0,0.0,0.0,0.0,6.545815177611941e-11,1.359739559276335e-13,0.0,0.0,0.0,2.429684624981901e-12
772,0.0,0.0,0.0,0.0,6.307812246068089e-11,1.310300033035086e-13,0.0,0.0,0.0,2.341342371529569e-12
773,0.0,0.0,0.0,0.0,6.078462995370141e-11,1.262658106001919e-13,0.0,0.0,0.0,2.2562122031621788e-12
774,0.0,0.0,0.0,0.0,5.857452781527404e-11,1.2167484182683084e-13,0.0,0.0,0.0,2.1741773298931833e-12
775,0.0,0.0,0.0,0.0,5.644478400864886e-11,1.172507986382963e-13,0.0,0.0,0.0,2.0951252081680566e-12
776,0.0,0.0,0.0,0.0,5.439247674058447e-11,1.1298761169448838e-13,0.0,0.0,0.0,2.018947386465889e-12
777,0.0,0.0,0.0,0.0,5.241479045294414e-11,1.0887943233381785e-13,0.0,0.0,0.0,1.945539356514908e-12
778,0.0,0.0,0.0,0.0,5.050901196003403e-11,1.0492062454943233e-13,0.0,0.0,0.0,1.874800409917669e-12
779,0.0,0.0,0.0,0.0,4.8672526726386124e-11,1.0110575725718331e-13,0.0,0.0,0.0,1.806633499989294e-12
780,0.0,0.0,0.0,0.0,4.690281527988091e-11,9.742959684473002e-14,0.0,0.0,0.0,1.7409451086192694e-12
781,0.0,0.0,0.0,0.0,4.519744975528554e-11,9.388709999155072e-14,0.0,0.0,0.0,1.6776451179740218e-12
782,0.0,0.0,0.0,0.0,4.355409056346853e-11,9.047340675001745e-14,0.0,0.0,0.0,1.6166466868643742e-12
783,0.0,0.0,0.0,0.0,4.1970483181719224e-11,8.718383387803772e-14,0.0,0.0,0.0,1.5578661316081863e-12
784,0.0,0.0,0.0,0.0,4.0444455060771536e-11,8.40138684141217e-14,0.0,0.0,0.0,1.5012228112248372e-12
785,0.0,0.0,0.0,0.0,3.897391264428538e-11,8.095916148605423e-14,0.0,0.0,0.0,1.4466390168039316e-12
786,0.0,0.0,0.0,0.0,3.755683849669864e-11,7.801552234468081e-14,0.0,0.0,0.0,1.3940398648965152e-12
787,0.0,0.0,0.0,0.0,3.61912885355103e-11,7.517891261462507e-14,0.0,0.0,0.0,1.3433531947825815e-12
788,0.0,0.0,0.0,0.0,3.487538936419515e-11,7.244544075404479e-14,0.0,0.0,0.0,1.2945094694738378e-12
789,0.0,0.0,0.0,0.0,3.360733570209345e-11,6.98113567158304e-14,0.0,0.0,0.0,1.2474416803159943e-12
790,0.0,0.0,0.0,0.0,3.238538790774778e-11,6.727304680291833e-14,0.0,0.0,0.0,1.2020852550596468e-12
791,0.0,0.0,0.0,0.0,3.120786959229154e-11,6.482702871066537e-14,0.0,0.0,0.0,1.1583779692737017e-12
792,0.0,0.0,0.0,0.0,3.007316531961249e-11,6.246994674947796e-14,0.0,0.0,0.0,1.1162598609797344e-12
793,0.0,0.0,0.0,0.0,2.8979718390137385e-11,6.019856724114457e-14,0.0,0.0,0.0,1.075673148390202e-12
794,0.0,0.0,0.0,0.0,2.7926028705198115e-11,5.800977408255735e-14,0.0,0.0,0.0,1.0365621506376965e-12
795,0.0,0.0,0.0,0.0,2.6910650709047655e-11,5.590056447073295e-14,0.0,0.0,0.0,9.988732113864093e-13
796,0.0,0.0,0.0,0.0,2.5932191405703374e-11,5.386804478326973e-14,0.0,0.0,0.0,9.62554625221051e-13
797,0.0,0.0,0.0,0.0,2.4989308447897968e-11,5.190942660859157e-14,0.0,0.0,0.0,9.275565667122706e-13
798,0.0,0.0,0.0,0.0,2.4080708295514262e-11,5.0022022920528145e-14,0.0,0.0,0.0,8.938310220611873e-13
799,0.0,0.0,0.0,0.0,2.3205144440979088e-11,4.820324439198698e-14,0.0,0.0,0.0,8.613317232293173e-13
800,0.0,0.0,0.0,0.0,2.2361415699180588e-11,4.645059584265777e-14,0.0,0.0,0.0,8.30014084463491e-13
801,0.0,0.0,0.0,0.0,2.1548364559564115e-11,4.4761672815878166e-14,0.0,0.0,0.0,7.998351411287229e-13
802,0.0,0.0,0.0,0.0,2.0764875598144506e-11,4.313415827996175e-14,0.0,0.0,0.0,7.707534907650665e-13
803,0.0,0.0,0.0,0.0,2.000987394725689e-11,4.15658194494643e-14,0.0,0.0,0.0,7.427292362876152e-13
804,0.0,0.0,0.0,0.0,1.928232382094734e-11,4.005450472202878e-14,0.0,0.0,0.0,7.157239312517518e-13
805,0.0,0.0,0.0,0.0,1.8581227093979016e-11,3.859814072660388e-14,0.0,0.0,0.0,6.89700527108503e-13
806,0.0,0.0,0.0,0.0,1.7905621932505017e-11,3.719472947898809e-14,0.0,0.0,0.0,6.646233223776685e-13
807,0.0,0.0,0.0,0.0,1.7254581474529972e-11,3.58423456407982e-14,0.0,0.0,0.0,6.404579136690128e-13
808,0.0,0.0,0.0,0.0,1.662721255834879e-11,3.4539133878099005e-14,0.0,0.0,0.0,6.171711484842816e-13
809,0.0,0.0,0.0,0.0,1.6022654497219194e-11,3.328330631607302e-14,0.0,0.0,0.0,5.947310797353298e-13
810,0.0,0.0,0.0,0.0,1.5440077898586287e-11,3.207314008623638e-14,0.0,0.0,0.0,5.731069219159363e-13
811,0.0,0.0,0.0,0.0,1.4878683526240144e-11,3.090697496283818e-14,0.0,0.0,0.0,5.522690088672148e-13
812,0.0,0.0,0.0,0.0,1.4337701203844317e-11,2.978321108519819e-14,0.0,0.0,0.0,5.321887530786351e-13
813,0.0,0.0,0.0,0.0,1.381638875833161e-11,2.870030676285935e-14,0.0,0.0,0.0,5.12838606468843e-13
814,0.0,0.0,0.0,0.0,1.3314031001717955e-11,2.7656776360544963e-14,0.0,0.0,0.0,4.941920225924878e-13
815,0.0,0.0,0.0,0.0,1.2829938749936576e-11,2.665118826001683e-14,0.0,0.0,0.0,4.762234202211757e-13
816,0.0,0.0,0.0,0.0,1.2363447877347202e-11,2.5682162896039905e-14,0.0,0.0,0.0,4.58908148248613e-13
817,0.0,0.0,0.0,0.0,1.191391840562264e-11,2.4748370863757876e-14,0.0,0.0,0.0,4.4222245187177357e-13
818,0.0,0.0,0.0,0.0,1.1480733625763458e-11,2.384853109488462e-14,0.0,0.0,0.0,4.261434400017195e-13
819,0.0,0.0,0.0,0.0,1.1063299252035444e-11,2.2981409100207712e-14,0.0,0.0,0.0,4.1064905385933654e-13
820,0.0,0.0,0.0,0.0,1.0661042606669513e-11,2.2145815275993762e-14,0.0,0.0,0.0,3.9571803671291355e-13
821,0.0,0.0,0.0,0.0,1.027341183420594e-11,2.1340603271972816e-14,0.0,0.0,0.0,3.8132990471606423e-13
822,0.0,0.0,0.0,0.0,9.899875144404328e-12,2.0564668418661418e-14,0.0,0.0,0.0,3.674649188059562e-13
823,0.0,0.0,0.0,0.0,9.539920082681036e-12,1.9816946211867496e-14,0.0,0.0,0.0,3.541040576233073e-13
824,0.0,0.0,0.0,0.0,9.193052827073509e-12,1.9096410852298668e-14,0.0,0.0,0.0,3.4122899141701183e-13
825,0.0,0.0,0.0,0.0,8.858797510766303e-12,1.8402073838268972e-14,0.0,0.0,0.0,3.288220568975687e-13
826,0.0,0.0,0.0,0.0,8.53669556924999e-12,1.7732982609574632e-14,0.0,0.0,0.0,3.168662330048367e-13
827,0.0,0.0,0.0,0.0,8.226305111216873e-12,1.7088219240677463e-14,0.0,0.0,0.0,3.053451175568554e-13
828,0.0,0.0,0.0,0.0,7.92720031233096e-12,1.64668991814042e-14,0.0,0.0,0.0,2.942429047477163e-13
829,0.0,0.0,0.0,0.0,7.63897083103992e-12,1.5868170043432868e-14,0.0,0.0,0.0,2.8354436346359106e-13
830,0.0,0.0,0.0,0.0,7.361221245627867e-12,1.5291210430901995e-14,0.0,0.0,0.0,2.7323481638718003e-13
831,0.0,0.0,0.0,0.0,7.0935705117368975e-12,1.4735228813538844e-14,0.0,0.0,0.0,2.633001198619222e-13
832,0.0,0.0,0.0,0.0,6.8356514396126636e-12,1.4199462440759723e-14,0.0,0.0,0.0,2.537266444883253e-13
833,0.0,0.0,0.0,0.0,6.587110190357067e-12,1.3683176295253112e-14,0.0,0.0,0.0,2.4450125642580404e-13
834,0.0,0.0,0.0,0.0,6.347605790497207e-12,1.3185662084610523e-14,0.0,0.0,0.0,2.3561129937438427e-13
835,0.0,0.0,0.0,0.0,6.116809664204139e-12,1.2706237269620694e-14,0.0,0.0,0.0,2.2704457721153477e-13
836,0.0,0.0,0.0,0.0,5.894405182520093e-12,1.2244244127894879e-14,0.0,0.0,0.0,2.1878933726032158e-13
837,0.0,0.0,0.0,0.0,5.680087228975462e-12,1.1799048851538025e-14,0.0,0.0,0.0,2.1083425416592007e-13
838,0.0,0.0,0.0,0.0,5.473561780999969e-12,1.1370040677628669e-14,0.0,0.0,0.0,2.0316841435837726e-13
839,0.0,0.0,0.0,0.0,5.274545506553364e-12,1.0956631050313817e-14,0.0,0.0,0.0,1.9578130108029502e-13
840,0.0,0.0,0.0,0.0,5.08276537542243e-12,1.0558252813369664e-14,0.0,0.0,0.0,1.8866277995889917e-13
841,0.0,0.0,0.0,0.0,4.8979582846512595e-12,1.0174359432120837e-14,0.0,0.0,0.0,1.818030851027092e-13
842,0.0,0.0,0.0,0.0,4.719870697590501e-12,9.804424243649895e-15,0.0,0.0,0.0,1.7519280570371906e-13
843,0.0,0.0,0.0,0.0,4.5482582960707435e-12,9.447939734269112e-15,0.0,0.0,0.0,1.6882287312672116e-13
844,0.0,0.0,0.0,0.0,4.382885645222617e-12,9.104416843262854e-15,0.0,0.0,0.0,1.626845484680531e-13
845,0.0,0.0,0.0,0.0,4.223525870484048e-12,8.77338429194592e-15,0.0,0.0,0.0,1.5676941056670865e-13
846,0.0,0.0,0.0,0.0,4.069960346351235e-12,8.454387937116713e-15,0.0,0.0,0.0,1.5106934445135428e-13
847,0.0,0.0,0.0,0.0,3.921978396446517e-12,8.146990148018575e-15,0.0,0.0,0.0,1.455765302074069e-13
848,0.0,0.0,0.0,0.0,3.779377004491763e-12,7.850769205954813e-15,0.0,0.0,0.0,1.4028343224890505e-13
849,0.0,0.0,0.0,0.0,3.641960535790517e-12,7.565318725733171e-15,0.0,0.0,0.0,1.351827889804446e-13
850,0.0,0.0,0.0,0.0,3.50954046883692e-12,7.290247098146347e-15,0.0,0.0,0.0,1.3026760283500253e-13
851,0.0,0.0,0.0,0.0,3.3819351366833502e-12,7.0251769527239e-15,0.0,0.0,0.0,1.2553113067398517e-13
852,0.0,0.0,0.0,0.0,3.2589694777116712e-12,6.769744640018008e-15,0.0,0.0,0.0,1.2096687453632177e-13
853,0.0,0.0,0.0,0.0,3.140474795466414e-12,6.5235997327132214e-15,0.0,0.0,0.0,1.1656857272391936e-13
854,0.0,0.0,0.0,0.0,3.026288527220243e-12,6.2864045448755135e-15,0.0,0.0,0.0,1.1233019121124433e-13
855,0.0,0.0,0.0,0.0,2.916254020954397e-12,6.057833668681459e-15,0.0,0.0,0.0,1.0824591536725181e-13
856,0.0,0.0,0.0,0.0,2.8102203204479143e-12,5.8375735279915066e-15,0.0,0.0,0.0,1.0431014197829822e-13
857,0.0,0.0,0.0,0.0,2.7080419581809283e-12,5.625321948155156e-15,0.0,0.0,0.0,1.0051747156109744e-13
858,0.0,0.0,0.0,0.0,2.609578755767992e-12,5.420787741458006e-15,0.0,0.0,0.0,9.686270095517773e-14
859,0.0,0.0,0.0,0.0,2.514695631647472e-12,5.223690307641571e-15,0.0,0.0,0.0,9.334081618467032e-14
860,0.0,0.0,0.0,0.0,2.423262415763271e-12,5.0337592489480415e-15,0.0,0.0,0.0,8.99469855796403e-14
861,0.0,0.0,0.0,0.0,2.3351536709847242e-12,4.8507339991619945e-15,0.0,0.0,0.0,8.667655314752589e-14
862,0.0,0.0,0.0,0.0,2.2502485210194966e-12,4.674363466139814e-15,0.0,0.0,0.0,8.35250321855858e-14
863,0.0,0.0,0.0,0.0,2.1684304845835455e-12,4.504405687336682e-15,0.0,0.0,0.0,8.048809912559734e-14
864,0.0,0.0,0.0,0.0,2.089587315600539e-12,4.340627497858356e-15,0.0,0.0,0.0,7.75615876023565e-14
865,0.0,0.0,0.0,0.0,2.013610849211633e-12,4.182804210582602e-15,0.0,0.0,0.0,7.474148273784787e-14
866,0.0,0.0,0.0,0.0,1.9403968533841864e-12,4.030719307911105e-15,0.0,0.0,0.0,7.202391563323656e-14
867,0.0,0.0,0.0,0.0,1.869844885915953e-12,3.884164144729226e-15,0.0,0.0,0.0,6.940515806113036e-14
868,0.0,0.0,0.0,0.0,1.8018581566385482e-12,3.74293766216602e-15,0.0,0.0,0.0,6.688161735082907e-14
869,0.0,0.0,0.0,0.0,1.7363433946310653e-12,3.6068461117616776e-15,0.0,0.0,0.0,6.444983145954147e-14
870,0.0,0.0,0.0,0.0,1.6732107202618813e-12,3.4757027896643858e-15,0.0,0.0,0.0,6.210646422281548e-14
871,0.0,0.0,0.0,0.0,1.6123735218828328e-12,3.349327780491405e-15,0.0,0.0,0.0,5.98483007776558e-14
872,0.0,0.0,0.0,0.0,1.5537483370068012e-12,3.2275477105033755e-15,0.0,0.0,0.0,5.767224315205718e-14
873,0.0,0.0,0.0,0.0,1.4972547378056168e-12,3.110195509753068e-15,0.0,0.0,0.0,5.557530601490013e-14
874,0.0,0.0,0.0,0.0,1.4428152207712087e-12,2.9971101828823087e-15,0.0,0.0,0.0,5.355461258037825e-14
875,0.0,0.0,0.0,0.0,1.3903551003886347e-12,2.888136588252635e-15,0.0,0.0,0.0,5.160739066133927e-14
876,0.0,0.0,0.0,0.0,1.3398024066750618e-12,2.7831252251065672e-15,0.0,0.0,0.0,4.9730968866122973e-14
877,0.0,0.0,0.0,0.0,1.2910877864442878e-12,2.6819320284678067e-15,0.0,0.0,0.0,4.792277293368412e-14
878,0.0,0.0,0.0,0.0,1.244144408161136e-12,2.584418171498564e-15,0.0,0.0,0.0,4.618032220196497e-14
879,0.0,0.0,0.0,0.0,1.198907870255357e-12,2.490449875043192e-15,0.0,0.0,0.0,4.4501226204678033e-14
880,0.0,0.0,0.0,0.0,1.1553161127691798e-12,2.3998982240967015e-15,0.0,0.0,0.0,4.2883181391827935e-14
881,0.0,0.0,0.0,0.0,1.113309332217334e-12,2.3126389909464274e-15,0.0,0.0,0.0,4.132396796947397e-14
882,0.0,0.0,0.0,0.0,1.072829899542679e-12,2.2285524647440914e-15,0.0,0.0,0.0,3.982144685439598e-14
883,0.0,0.0,0.0,0.0,1.0338222810550102e-12,2.1475232872747203e-15,0.0,0.0,0.0,3.8373556739490155e-14
884,0.0,0.0,0.0,0.0,9.962329622444183e-13,2.069440294696768e-15,0.0,0.0,0.0,3.697831126586287e-14
885,0.0,0.0,0.0,0.0,9.600103743647967e-13,1.994196365036576e-15,0.0,0.0,0.0,3.563379629774732e-14
886,0.0,0.0,0.0,0.0,9.251048236867358e-13,1.921688271227854e-15,0.0,0.0,0.0,3.4338167296502715e-14
887,0.0,0.0,0.0,0.0,8.914684233227483e-13,1.851816539494578e-15,0.0,0.0,0.0,3.308964679009374e-14
888,0.0,0.0,0.0,0.0,8.590550275313055e-13,1.7844853128830365e-15,0.0,0.0,0.0,3.1886521934578754e-14
889,0.0,0.0,0.0,0.0,8.278201684095201e-13,1.7196022197557272e-15,0.0,0.0,0.0,3.072714216426015e-14
890,0.0,0.0,0.0,0.0,7.977209948877146e-13,1.657078247066885e-15,0.0,0.0,0.0,2.96099169272764e-14
891,0.0,0.0,0.0,0.0,7.687162139420607e-13,1.5968276182455282e-15,0.0,0.0,0.0,2.853331350352478e-14
892,0.0,0.0,0.0,0.0,7.40766033944729e-13,1.5387676755186837e-15,0.0,0.0,0.0,2.7495854901924478e-14
893,0.0,0.0,0.0,0.0,7.138321100737996e-13,1.4828187665132803e-15,0.0,0.0,0.0,2.6496117834134175e-14
894,0.0,0.0,0.0,0.0,6.878774917080402e-13,1.4289041349811411e-15,0.0,0.0,0.0,2.5532730761944265e-14
895,0.0,0.0,0.0,0.0,6.628665717343943e-13,1.3769498154971804e-15,0.0,0.0,0.0,2.460437201566524e-14
896,0.0,0.0,0.0,0.0,6.387650376986014e-13,1.3268845319862756e-15,0.0,0.0,0.0,2.370976798092976e-14
897,0.0,0.0,0.0,0.0,6.155398247320074e-13,1.2786395999397573e-15,0.0,0.0,0.0,2.2847691351423537e-14
898,0.0,0.0,0.0,0.0,5.931590701898869e-13,1.2321488321871655e-15,0.0,0.0,0.0,2.2016959445144413e-14
899,0.0,0.0,0.0,0.0,5.715920699391199e-13,1.1873484480941499e-15,0.0,0.0,0.0,2.1216432581882338e-14
900,0.0,0.0,0.0,0.0,5.508092362352247e-13,1.144176986061888e-15,0.0,0.0,0.0,2.044501251969336e-14
901,0.0,0.0,0.0,0.0,5.307820571309636e-13,1.1025752192079832e-15,0.0,0.0,0.0,1.970164094822265e-14
902,0.0,0.0,0.0,0.0,5.114830573608355e-13,1.0624860741131753e-15,0.0,0.0,0.0,1.8985298036809803e-14
903,0.0,0.0,0.0,0.0,4.928857606477753e-13,1.0238545525223487e-15,0.0,0.0,0.0,1.8295001035383718e-14
904,0.0,0.0,0.0,0.0,4.749646533803991e-13,9.866276558925295e-16,0.0,0.0,0.0,1.7629802926229638e-14
905,0.0,0.0,0.0,0.0,4.576951496108937e-13,9.507543126842128e-16,0.0,0.0,0.0,1.6988791124776025e-14
906,0.0,0.0,0.0,0.0,4.410535573255848e-13,9.161853082963778e-16,0.0,0.0,0.0,1.63710862276209e-14
907,0.0,0.0,0.0,0.0,4.2501704594188893e-13,8.828732175490315e-16,0.0,0.0,0.0,1.5775840806079257e-14
908,0.0,0.0,0.0,0.0,4.095636149870645e-13,8.507723396206601e-16,0.0,0.0,0.0,1.5202238243596668e-14
909,0.0,0.0,0.0,0.0,3.946720639157753e-13,8.198386353512966e-16,0.0,0.0,0.0,1.464949161543348e-14
910,0.0,0.0,0.0,0.0,3.80321963025103e-13,7.900296668252828e-16,0.0,0.0,0.0,1.4116842609084272e-14
911,0.0,0.0,0.0,0.0,3.664936254270472e-13,7.613045391507119e-16,0.0,0.0,0.0,1.3603560483949283e-14
912,0.0,0.0,0.0,0.0,3.531680800401085e-13,7.336238443557771e-16,0.0,0.0,0.0,1.3108941068832292e-14
913,0.0,0.0,0.0,0.0,3.4032704556288206e-13,7.069496073250181e-16,0.0,0.0,0.0,1.2632305795888916e-14
914,0.0,0.0,0.0,0.0,3.2795290539395944e-13,6.812452337012995e-16,0.0,0.0,0.0,1.2173000769700095e-14
915,0.0,0.0,0.0,0.0,3.1602868346373466e-13,6.564754596820579e-16,0.0,0.0,0.0,1.1730395870193772e-14
916,0.0,0.0,0.0,0.0,3.045380209449435e-13,6.326063036409086e-16,0.0,0.0,0.0,1.1303883888183486e-14
917,0.0,0.0,0.0,0.0,2.9346515381001944e-13,6.096050195083189e-16,0.0,0.0,0.0,1.0892879692339273e-14
918,0.0,0.0,0.0,0.0,2.8279489120443214e-13,5.874400518472901e-16,0.0,0.0,0.0,1.0496819426446265e-14
919,0.0,0.0,0.0,0.0,2.725125946063726e-13,5.660809925624926e-16,0.0,0.0,0.0,1.011515973585104e-14
920,0.0,0.0,0.0,0.0,2.626041577441809e-13,5.45498539183433e-16,0.0,0.0,0.0,9.747377022033967e-15
921,0.0,0.0,0.0,0.0,2.530559872439673e-13,5.256644546644254e-16,0.0,0.0,0.0,9.392966724284951e-15
922,0.0,0.0,0.0,0.0,2.4385498398087875e-13,5.065515286462232e-16,0.0,0.0,0.0,9.051442627497202e-15
923,0.0,0.0,0.0,0.0,2.3498852510841675e-13,4.881335401261418e-16,0.0,0.0,0.0,8.722336195128996e-15
924,0.0,0.0,0.0,0.0,2.2644444674117845e-13,4.703852214855145e-16,0.0,0.0,0.0,8.405195926419287e-15
925,0.0,0.0,0.0,0.0,2.1821102726722792e-13,4.532822238250597e-16,0.0,0.0,0.0,8.099586736974035e-15
926,0.0,0.0,0.0,0.0,2.1027697126723135e-13,4.3680108356065506e-16,0.0,0.0,0.0,7.805089361874454e-15
927,0.0,0.0,0.0,0.0,2.0263139401828343e-13,4.2091919023367247e-16,0.0,0.0,0.0,7.521299780487934e-15
928,0.0,0.0,0.0,0.0,1.9526380656116743e-13,4.0561475549171335e-16,0.0,0.0,0.0,7.247828662192552e-15
929,0.0,0.0,0.0,0.0,1.881641013105649e-13,3.908667831971946e-16,0.0,0.0,0.0,6.98430083225487e-15
930,0.0,0.0,0.0,0.0,1.8132253818846482e-13,3.766550406227587e-16,0.0,0.0,0.0,6.730354757127919e-15
931,0.0,0.0,0.0,0.0,1.74729731261769e-13,3.6296003069403384e-16,0.0,0.0,0.0,6.4856420484640174e-15
932,0.0,0.0,0.0,0.0,1.6837663586573525e-13,3.4976296524160694e-16,0.0,0.0,0.0,6.249826985160964e-15
933,0.0,0.0,0.0,0.0,1.6225453619561282e-13,3.3704573922555706e-16,0.0,0.0,0.0,6.022586052786672e-15
934,0.0,0.0,0.0,0.0,1.5635503334943934e-13,3.2479090589717095e-16,0.0,0.0,0.0,5.803607499750073e-15
935,0.0,0.0,0.0,0.0,1.5067003380559702e-13,3.129816528637689e-16,0.0,0.0,0.0,5.59259090960947e-15
936,0.0,0.0,0.0,0.0,1.451917383193152e-13,3.016017790237929e-16,0.0,0.0,0.0,5.389246788931399e-15
937,0.0,0.0,0.0,0.0,1.3991263122290083e-13,2.9063567234054583e-16,0.0,0.0,0.0,5.193296170135128e-15
938,0.0,0.0,0.0,0.0,1.3482547011499803e-13,2.8006828842404637e-16,0.0,0.0,0.0,5.004470228777178e-15
939,0.0,0.0,0.0,0.0,1.2992327592474634e-13,2.698851298916485e-16,0.0,0.0,0.0,4.822509914751394e-15
940,0.0,0.0,0.0,0.0,1.2519932333720104e-13,2.600722264790982e-16,0.0,0.0,0.0,4.647165596898386e-15
941,0.0,0.0,0.0,0.0,1.2064713156688069e-13,2.506161158747427e-16,0.0,0.0,0.0,4.478196720536809e-15
942,0.0,0.0,0.0,0.0,1.1626045546678536e-13,2.4150382525060117e-16,0.0,0.0,0.0,4.315371477446679e-15
943,0.0,0.0,0.0,0.0,1.1203327696068281e-13,2.3272285346494925e-16,0.0,0.0,0.0,4.1584664878518116e-15
944,0.0,0.0,0.0,0.0,1.0795979678692132e-13,2.2426115391202657e-16,0.0,0.0,0.0,4.007266493965525e-15
945,0.0,0.0,0.0,0.0,1.0403442654242533e-13,2.161071179953042e-16,0.0,0.0,0.0,3.861564064678592e-15
946,0.0,0.0,0.0,0.0,1.0025178101597215e-13,2.082495592016652e-16,0.0,0.0,0.0,3.721159310984755e-15
947,0.0,0.0,0.0,0.0,9.660667080022657e-14,2.0067769775463945e-16,0.0,0.0,0.0,3.585859611753214e-15
948,0.0,0.0,0.0,0.0,9.309409517239832e-14,1.9338114582563978e-16,0.0,0.0,0.0,3.4554793494719006e-15
949,0.0,0.0,0.0,0.0,8.970923523375669e-14,1.8634989328291246e-16,0.0,0.0,0.0,3.3298396555990418e-15
950,0.0,0.0,0.0,0.0,8.64474472985858e-14,1.7957429395864286e-16,0.0,0.0,0.0,3.2087681651734995e-15
951,0.0,0.0,0.0,0.0,8.330425652352115e-14,1.730450524153962e-16,0.0,0.0,0.0,3.0920987803476105e-15
952,0.0,0.0,0.0,0.0,8.027535076851417e-14,1.6675321119371158e-16,0.0,0.0,0.0,2.9796714425176337e-15
953,0.0,0.0,0.0,0.0,7.735657468101252e-14,1.606901385233743e-16,0.0,0.0,0.0,2.8713319127395444e-15
954,0.0,0.0,0.0,0.0,7.454392399523646e-14,1.5484751648149946e-16,0.0,0.0,0.0,2.7669315601287937e-15
955,0.0,0.0,0.0,0.0,7.183354003873089e-14,1.4921732958118273e-16,0.0,0.0,0.0,2.666327157953759e-15
956,0.0,0.0,0.0,0.0,6.922170443865728e-14,1.4379185377506325e-16,0.0,0.0,0.0,2.5693806871431614e-15
957,0.0,0.0,0.0,0.0,6.670483402055995e-14,1.3856364585870738e-16,0.0,0.0,0.0,2.4759591469377775e-15
958,0.0,0.0,0.0,0.0,6.427947589261587e-14,1.3352553325929074e-16,0.0,0.0,0.0,2.385934372426951e-15
959,0.0,0.0,0.0,0.0,6.194230270861411e-14,1.2867060419554895e-16,0.0,0.0,0.0,2.299182858719215e-15
960,0.0,0.0,0.0,0.0,5.96901081031736e-14,1.239921981955136e-16,0.0,0.0,0.0,2.2155855915060836e-15
961,0.0,0.0,0.0,0.0,5.751980229293396e-14,1.1948389695901774e-16,0.0,0.0,0.0,2.1350278837864482e-15
962,0.0,0.0,0.0,0.0,5.542840783768536e-14,1.1513951555243766e-16,0.0,0.0,0.0,2.0573992185276203e-15
963,0.0,0.0,0.0,0.0,5.3413055555619956e-14,1.1095309392358577e-16,0.0,0.0,0.0,1.982593097047073e-15
964,0.0,0.0,0.0,0.0,5.147098058710685e-14,1.0691888872512642e-16,0.0,0.0,0.0,1.910506892907103e-15
965,0.0,0.0,0.0,0.0,4.959951860158247e-14,1.0303136543528049e-16,0.0,0.0,0.0,1.841041711121668e-15
966,0.0,0.0,0.0,0.0,4.779610214235879e-14,9.928519076502177e-17,0.0,0.0,0.0,1.7741022524824827e-15
967,0.0,0.0,0.0,0.0,4.605825710433223e-14,9.567522534134343e-17,0.0,0.0,0.0,1.7095966828181305e-15
968,0.0,0.0,0.0,0.0,4.438359933976154e-14,9.219651665655777e-17,0.0,0.0,0.0,1.6474365070068665e-15
969,0.0,0.0,0.0,0.0,4.276983138745835e-14,8.884429227395682e-17,0.0,0.0,0.0,1.5875364475702658e-15
970,0.0,0.0,0.0,0.0,4.121473932090141e-14,8.561395328050898e-17,0.0,0.0,0.0,1.5298143276810946e-15
971,0.0,0.0,0.0,0.0,3.9716189710955083e-14,8.250106797761914e-17,0.0,0.0,0.0,1.474190958425082e-15
972,0.0,0.0,0.0,0.0,3.8272126699018893e-14,7.950136580128344e-17,0.0,0.0,0.0,1.4205900301616834e-15
973,0.0,0.0,0.0,0.0,3.6880569176597654e-14,7.66107314633078e-17,0.0,0.0,0.0,1.368938007834981e-15
974,0.0,0.0,0.0,0.0,3.5539608067420843e-14,7.382519930554838e-17,0.0,0.0,0.0,1.3191640300910174e-15
975,0.0,0.0,0.0,0.0,3.424740370838296e-14,7.114094785942955e-17,0.0,0.0,0.0,1.271199812063182e-15
976,0.0,0.0,0.0,0.0,3.3002183325711873e-14,6.855429460327575e-17,0.0,0.0,0.0,1.2249795516922837e-15
977,0.0,0.0,0.0,0.0,3.180223860290146e-14,6.606169091026185e-17,0.0,0.0,0.0,1.1804398394527415e-15
978,0.0,0.0,0.0,0.0,3.0645923337075446e-14,6.365971718005891e-17,0.0,0.0,0.0,1.1375195713611774e-15
979,0.0,0.0,0.0,0.0,2.9531651180562506e-14,6.134507814748612e-17,0.0,0.0,0.0,1.0961598651478926e-15
980,0.0,0.0,0.0,0.0,2.845789346458783e-14,5.911459836174058e-17,0.0,0.0,0.0,1.056303979476352e-15
981,0.0,0.0,0.0,0.0,2.7423177102094054e-14,5.696521782999972e-17,0.0,0.0,0.0,1.0178972360998075e-15
982,0.0,0.0,0.0,0.0,2.6426082566814745e-14,5.4893987819420424e-17,0.0,0.0,0.0,9.808869448482687e-16
983,0.0,0.0,0.0,0.0,2.5465241945827987e-14,5.289806681177601e-17,0.0,0.0,0.0,9.452223313429227e-16
984,0.0,0.0,0.0,0.0,2.4539337062917408e-14,5.097471660517891e-17,0.0,0.0,0.0,9.108544673387905e-16
985,0.0,0.0,0.0,0.0,2.3647097670168727e-14,4.912129855754671e-17,0.0,0.0,0.0,8.777362036001627e-16
986,0.0,0.0,0.0,0.0,2.278729970531728e-14,4.733526996665039e-17,0.0,0.0,0.0,8.4582210521658415e-16
987,0.0,0.0,0.0,0.0,2.1958763612458487e-14,4.5614180581784267e-17,0.0,0.0,0.0,8.150683892707575e-16
988,0.0,0.0,0.0,0.0,2.116035272381639e-14,4.395566924226964e-17,0.0,0.0,0.0,7.854328647728056e-16
989,0.0,0.0,0.0,0.0,2.0390971700350485e-14,4.235746063818136e-17,0.0,0.0,0.0,7.568748747785032e-16
990,0.0,0.0,0.0,0.0,1.9649565029060673e-14,4.0817362188851285e-17,0.0,0.0,0.0,7.293552406120363e-16
991,0.0,0.0,0.0,0.0,1.8935115574931024e-14,3.933326103487113e-17,0.0,0.0,0.0,7.028362081168535e-16
992,0.0,0.0,0.0,0.0,1.8246643185522717e-14,3.7903121139461644e-17,0.0,0.0,0.0,6.772813958607552e-16
993,0.0,0.0,0.0,0.0,1.7583203346304128e-14,3.6524980495236254e-17,0.0,0.0,0.0,6.526557452242528e-16
994,0.0,0.0,0.0,0.0,1.6943885884872358e-14,3.5196948432525244e-17,0.0,0.0,0.0,6.289254723036854e-16
995,0.0,0.0,0.0,0.0,1.6327813722288672e-14,3.391720302556805e-17,0.0,0.0,0.0,6.06058021563119e-16
996,0.0,0.0,0.0,0.0,1.573414166981499e-14,3.268398859301552e-17,0.0,0.0,0.0,5.84022021171446e-16
997,0.0,0.0,0.0,0.0,1.516205526939988e-14,3.149561328931162e-17,0.0,0.0,0.0,5.627872399633869e-16
998,0.0,0.0,0.0,0.0,1.4610769676325146e-14,3.0350446783653706e-17,0.0,0.0,0.0,5.423245459654122e-16
999,0.0,0.0,0.0,0.0,1.407952858247771e-14,2.924691802334257e-17,0.0,0.0,0.0,5.226058664296026e-16
