Altitude (km),Total (kg/m3),Neutral Temp. (K),H2 (kg/m3),He (kg/m3)
0.5,0.1678,165.0,0.1374731651811113,0.030326834818888697
1.5,0.1633,162.9,0.13378645932106958,0.029513540678930417
2.5,0.1589,160.8,0.13018168025791768,0.028718319742082325
3.5,0.1545,158.7,0.12657690119476578,0.027923098805234227
4.5,0.1502,156.6,0.12305404892850368,0.027145951071496317
5.5,0.146,154.4,0.1196131234591314,0.02638687654086859
6.5,0.1418,152.3,0.11617219798975914,0.025627802010240865
7.5,0.1377,150.2,0.11281319931727667,0.02488680068272332
8.5,0.1336,148.1,0.10945420064479422,0.024145799355205777
9.5,0.1296,145.9,0.10617712876920157,0.02342287123079842
10.5,0.1256,144.0,0.10290005689360893,0.02269994310639106
11.5,0.1214,142.2,0.09945913142423667,0.021940868575763335
12.5,0.1174,140.4,0.09618205954864403,0.021217940451355978
13.5,0.1134,138.7,0.09290498767305139,0.020495012326948617
14.5,0.1097,136.8,0.0898736961881282,0.019826303811871813
15.5,0.106,134.8,0.08684240470320499,0.019157595296795005
16.5,0.1023,132.9,0.0838111132182818,0.018488886781718197
17.5,0.09872,131.1,0.08087813388962639,0.01784186611037361
18.5,0.0949,129.7,0.07774853024843542,0.017151469751564584
19.5,0.09155,128.1,0.07500398255262658,0.016546017447373423
20.5,0.08825,126.6,0.07230039825526265,0.01594960174473735
21.5,0.08509,125.2,0.06971151147354446,0.015378488526455536
22.5,0.08205,123.7,0.06722093684809405,0.014829063151905944
23.5,0.07913,122.2,0.06482867437891143,0.014301325621088573
24.5,0.07624,120.4,0.062460989948795745,0.013779010051204256
25.5,0.07256,119.9,0.05944608382325051,0.013113916176749486
26.5,0.07079,116.4,0.05799597951830077,0.01279402048169923
27.5,0.06895,113.0,0.056488526455528154,0.012461473544471845
28.5,0.06702,109.8,0.054907339275554704,0.012112660724445293
29.5,0.06268,110.8,0.05135171629053669,0.01132828370946331
30.5,0.05911,110.8,0.04842692964157026,0.010683070358429744
31.5,0.05476,112.9,0.04486311397686326,0.009896886023136741
32.5,0.05199,112.3,0.04259374170301536,0.009396258296984645
33.5,0.05034,109.4,0.04124194955433339,0.00909805044566661
34.5,0.04802,108.2,0.03934124786648966,0.008678752133510341
35.5,0.04508,108.7,0.03693260003792907,0.008147399962070933
36.5,0.04165,110.9,0.034122510904608376,0.007527489095391622
37.5,0.03784,115.1,0.031001099943106385,0.006838900056893612
38.5,0.03541,116.1,0.029010278778683854,0.006399721221316142
39.5,0.03404,114.1,0.027887881661293377,0.0061521183387066225
40.5,0.03273,112.0,0.02681464062203679,0.005915359377963212
41.5,0.03023,114.6,0.024766470699791387,0.005463529300208613
42.5,0.02859,114.5,0.023422871230798406,0.0051671287692015965
43.5,0.02763,111.8,0.02263637398065617,0.00499362601934383
44.5,0.02491,117.2,0.020407965105253174,0.004502034894746826
45.5,0.02473,111.5,0.020260496870851505,0.0044695031291484945
46.5,0.02302,113.2,0.01885954864403565,0.004160451355964349
47.5,0.0218,113.0,0.017860041721979896,0.003939958278020105
48.5,0.02065,112.8,0.016917883557747013,0.003732116442252989
49.5,0.0193,114.0,0.015811871799734496,0.0034881282002655056
50.5,0.01817,114.4,0.014886098994879571,0.0032839010051204263
51.5,0.01744,112.6,0.014288033377583918,0.003151966622416084
52.5,0.01628,113.9,0.01333768253366205,0.0029423174663379494
53.5,0.01537,114.0,0.012592148681964725,0.0027778513180352757
54.5,0.01489,111.1,0.012198900056893608,0.0026910999431063926
55.5,0.01402,111.4,0.011486136923952207,0.002533863076047792
56.5,0.01318,111.8,0.010797951830077753,0.0023820481699222467
57.5,0.0121,115.0,0.00991314242366774,0.0021868575763322596
58.5,0.0112,117.7,0.009175801251659396,0.0020241987483406044
59.5,0.01029,121.3,0.00843026739996207,0.0018597326000379302
60.5,0.009602,123.3,0.007866611037360135,0.0017353889626398643
61.5,0.008991,125.0,0.00736603830836336,0.0016249616916366406
62.5,0.008408,127.0,0.006888405082495733,0.001519594917504268
63.5,0.007897,128.5,0.006469759150388772,0.0014272408496112277
64.5,0.007635,126.4,0.006255110942537455,0.0013798890574625458
65.5,0.007264,126.2,0.005951162526076237,0.0013128374739237632
66.5,0.006892,126.4,0.005646394841646121,0.001245605158353879
67.5,0.006399,129.5,0.005242495732979328,0.001156504267020672
68.5,0.006019,131.0,0.004931173904798027,0.001087826095201973
69.5,0.005593,134.2,0.0045821657500474105,0.0010108342499525892
70.5,0.005345,133.9,0.004378987293760667,0.000966012706239333
71.5,0.005118,133.2,0.004193013464820785,0.0009249865351792154
72.5,0.0049,132.6,0.004014413047600985,0.0008855869523990143
73.5,0.004668,132.6,0.0038243428788166125,0.0008436571211833876
74.5,0.00444,132.8,0.0036375497819078322,0.0008024502180921681
75.5,0.004219,133.1,0.0034564915607813384,0.0007625084392186615
76.5,0.003924,136.4,0.0032148075099563815,0.000709192490043619
77.5,0.003662,139.5,0.0030001593021050633,0.0006618406978949368
78.5,0.003467,140.7,0.0028404020481699217,0.0006265979518300781
79.5,0.003263,142.8,0.002673271382514697,0.0005897286174853028
80.5,0.003068,145.2,0.002513514128579556,0.0005544858714204441
81.5,0.002888,147.6,0.002366045894177887,0.0005219541058221129
82.5,0.002741,149.0,0.0022456135027498574,0.0004953864972501425
83.5,0.00258,151.6,0.0021137113597572534,0.0004662886402427463
84.5,0.002449,153.1,0.0020063872558315943,0.0004426127441684053
85.5,0.002332,154.1,0.0019105329034705097,0.00042146709652949004
86.5,0.002221,155.3,0.001819594158922814,0.0004014058410771859
87.5,0.002113,156.6,0.0017311132182818126,0.0003818867817181872
88.5,0.002017,157.5,0.0016524634932675896,0.00036453650673241064
89.5,0.001929,158.1,0.0015803679120045511,0.0003486320879954487
90.5,0.001846,158.5,0.0015123686705860039,0.000333631329413996
91.5,0.001764,159.3,0.0014451886971363547,0.00031881130286364514
92.5,0.001689,159.8,0.0013837435994689929,0.0003052564005310072
93.5,0.00162,160.0,0.0013272141096150197,0.00029278589038498026
94.5,0.001553,160.3,0.0012723231556988428,0.000280676844301157
95.5,0.001489,160.6,0.0012198900056893608,0.00026910999431063926
96.5,0.001435,160.1,0.00117564953536886,0.0002593504646311399
97.5,0.001383,159.6,0.0011330476009861557,0.0002499523990138442
98.5,0.001333,159.1,0.0010920842025412478,0.00024091579745875227
99.5,0.001284,158.5,0.0010519400720652378,0.00023205992793476213
100.5,0.001241,157.4,0.001016711549402617,0.000224288450597383
101.5,0.0012,156.4,0.0009831215626777924,0.00021687843732220757
102.5,0.001159,155.2,0.0009495315759529679,0.0002094684240470322
103.5,0.001121,154.1,0.0009183993931348378,0.00020260060686516228
104.5,0.00108,153.4,0.0008848094064100131,0.00019519059358998685
105.5,0.001039,152.9,0.0008512194196851886,0.00018778058031481142
106.5,0.0009972,152.6,0.0008169740185852455,0.0001802259814147545
107.5,0.0009541,152.9,0.0007816635691257349,0.00017243643087426524
108.5,0.0009128,153.2,0.0007478278020102407,0.00016497219798975924
109.5,0.0008769,152.9,0.0007184160819267968,0.00015848391807320321
110.5,0.0008429,152.5,0.0006905609709842594,0.00015233902901574066
111.5,0.0008108,151.9,0.0006642624691826284,0.00014653753081737158
112.5,0.0007809,151.2,0.0006397663569125733,0.0001411336430874266
113.5,0.0007521,150.4,0.0006161714394083064,0.00013592856059169362
114.5,0.0007217,150.2,0.0005912656931538024,0.0001304343068461977
115.5,0.0006915,150.1,0.0005665238004930778,0.0001249761995069221
116.5,0.0006626,150.1,0.000542846956191921,0.00011975304380807895
117.5,0.0006352,150.0,0.0005203990138441115,0.00011480098615588856
118.5,0.000609,149.9,0.0004989341930589796,0.00011006580694102035
119.5,0.0005836,149.8,0.00047812478664896636,0.00010547521335103362
120.5,0.0005584,150.0,0.00045747923383273275,0.00010092076616726727
121.5,0.0005343,150.2,0.0004377348757822871,9.656512421771293e-5
122.5,0.0005105,150.6,0.00041823629812251083,9.226370187748915e-5
123.5,0.0004861,151.6,0.00039824615968139576,8.785384031860427e-5
124.5,0.0004628,152.6,0.0003791572160060686,8.364278399393139e-5
125.5,0.000441,153.5,0.0003612971742840887,7.970282571591129e-5
126.5,0.0004208,154.3,0.00034474796131234587,7.605203868765412e-5
127.5,0.0004016,155.0,0.0003290180163095012,7.258198369049881e-5
128.5,0.0003837,155.6,0.0003143531196662241,6.934688033377588e-5
129.5,0.0003677,155.8,0.00030124483216385355,6.645516783614644e-5
130.5,0.0003524,156.0,0.0002887100322397117,6.36899677602883e-5
131.5,0.0003377,156.2,0.00027666679309690874,6.103320690309126e-5
132.5,0.0003235,156.6,0.0002650331879385549,5.846681206144513e-5
133.5,0.0003098,156.9,0.0002538092167646501,5.599078323534993e-5
134.5,0.0002967,157.3,0.00024307680637208418,5.362319362791583e-5
135.5,0.0002846,157.4,0.00023316366394841642,5.143633605158357e-5
136.5,0.000273,157.4,0.0002236601555091978,4.9339844490802235e-5
137.5,0.0002619,157.5,0.0002145662810544282,4.7333718945571813e-5
138.5,0.0002497,158.6,0.00020457121183387064,4.5128788166129366e-5
139.5,0.0002375,160.3,0.00019457614261331307,4.292385738668692e-5
140.5,0.0002259,161.9,0.00018507263417409442,4.082736582590558e-5
141.5,0.0002155,163.0,0.00017655224729755357,3.894775270244645e-5
142.5,0.0002065,163.6,0.00016917883557747012,3.732116442252989e-5
143.5,0.0001979,164.1,0.00016213313104494593,3.5766868955054074e-5
144.5,0.0001897,164.6,0.00015541513369998102,3.428486630001898e-5
145.5,0.0001822,164.9,0.00014927062393324482,3.2929376066755186e-5
146.5,0.0001749,165.1,0.00014328996776028825,3.161003223971176e-5
147.5,0.000168,165.3,0.00013763701877489093,3.036298122510906e-5
148.5,0.000161,165.9,0.00013190214299260383,2.9097857007396187e-5
149.5,0.0001542,166.7,0.00012633112080409633,2.7868879195903677e-5
150.5,0.0001476,167.5,0.00012092395220936848,2.6676047790631536e-5
151.5,0.0001416,168.1,0.0001160083443959795,2.5591655604020497e-5
152.5,0.0001361,168.3,0.00011150237056703962,2.459762943296038e-5
153.5,0.0001309,168.5,0.0001072421771287692,2.3657822871230814e-5
154.5,0.0001258,168.7,0.00010306391048738857,2.2736089512611428e-5
155.5,0.0001211,168.7,9.921335103356722e-5,2.1886648966432784e-5
156.5,0.0001166,168.8,9.552664517352549e-5,2.1073354826474504e-5
157.5,0.0001122,168.8,9.19218661103736e-5,2.027813388962641e-5
158.5,0.000108,168.7,8.848094064100131e-5,1.9519059358998684e-5
159.5,0.0001041,168.6,8.528579556229849e-5,1.881420443770151e-5
160.5,0.0001003,168.5,8.217257728048548e-5,1.8127422719514518e-5
161.5,9.658e-5,168.3,7.912490043618432e-5,1.7455099563815676e-5
162.5,9.279e-5,168.6,7.60198748340603e-5,1.6770125165939703e-5
163.5,8.911e-5,169.0,7.300496870851508e-5,1.6105031291484932e-5
164.5,8.557e-5,169.4,7.010476009861558e-5,1.5465239901384418e-5
165.5,8.245e-5,169.2,6.754864403565332e-5,1.490135596434668e-5
166.5,7.995e-5,168.0,6.550047411340792e-5,1.4449525886592082e-5
167.5,7.753e-5,166.7,6.351784562867437e-5,1.4012154371325629e-5
168.5,7.519e-5,165.4,6.160075858145268e-5,1.3589241418547325e-5
169.5,7.27e-5,164.5,5.956078133889626e-5,1.3139218661103744e-5
170.5,7.023e-5,163.7,5.75371894557178e-5,1.2692810544282198e-5
171.5,6.786e-5,162.9,5.559552436942916e-5,1.2264475630570841e-5
172.5,6.557e-5,162.1,5.371940072065237e-5,1.1850599279347626e-5
173.5,6.34e-5,161.0,5.1941589228143365e-5,1.1458410771856635e-5
174.5,6.13e-5,160.0,5.022112649345723e-5,1.1078873506542771e-5
175.5,5.927e-5,159.0,4.855801251659396e-5,1.0711987483406038e-5
176.5,5.714e-5,158.4,4.681297174284088e-5,1.0327028257159118e-5
177.5,5.497e-5,158.1,4.503516025033187e-5,9.934839749668126e-6
178.5,5.289e-5,157.7,4.33310828750237e-5,9.558917124976299e-6
179.5,5.089e-5,157.4,4.169254693722738e-5,9.19745306277262e-6
180.5,4.873e-5,157.8,3.9922928124407354e-5,8.807071875592647e-6
181.5,4.665e-5,158.3,3.821885074909918e-5,8.43114925090082e-6
182.5,4.466e-5,158.7,3.6588507490991846e-5,8.07149250900816e-6
183.5,4.284e-5,158.9,3.5097439787597195e-5,7.742560212402812e-6
184.5,4.124e-5,158.4,3.378661103736013e-5,7.453388962639867e-6
185.5,3.97e-5,158.0,3.2524938365256966e-5,7.175061634743035e-6
186.5,3.821e-5,157.6,3.130422909159871e-5,6.905770908401294e-6
187.5,3.655e-5,158.3,2.994424426322776e-5,6.60575573677224e-6
188.5,3.486e-5,159.3,2.855968139578987e-5,6.300318604210131e-6
189.5,3.325e-5,160.4,2.7240659965863832e-5,6.009340034136169e-6
190.5,3.173e-5,161.5,2.599537265313863e-5,5.734627346861373e-6
191.5,3.064e-5,160.7,2.510237056703963e-5,5.537629432960367e-6
192.5,2.959e-5,159.9,2.4242139199696565e-5,5.347860800303435e-6
193.5,2.857e-5,159.0,2.340648587142044e-5,5.163514128579559e-6
194.5,2.754e-5,158.5,2.2562639863455337e-5,4.9773601365446644e-6
195.5,2.643e-5,158.6,2.1653252417978376e-5,4.776747582021623e-6
196.5,2.537e-5,158.6,2.0784828370946327e-5,4.585171629053672e-6
197.5,2.436e-5,158.7,1.9957367722359187e-5,4.402632277640814e-6
198.5,2.341e-5,158.5,1.9179063151905933e-5,4.230936848094067e-6
199.5,2.253e-5,158.2,1.845810733927555e-5,4.071892660724448e-6
200.5,2.168e-5,157.9,1.7761729565712115e-5,3.918270434287884e-6
201.5,2.086e-5,157.5,1.7089929831215623e-5,3.7700701687843753e-6
202.5,2.0e-5,157.8,1.638535937796321e-5,3.6146406220367937e-6
203.5,1.916e-5,158.1,1.569717428408875e-5,3.4628257159112477e-6
204.5,1.836e-5,158.4,1.5041759908970224e-5,3.3182400910297763e-6
205.5,1.759e-5,158.6,1.441092357291864e-5,3.1790764270813595e-6
206.5,1.687e-5,158.9,1.3821050635311965e-5,3.048949364688035e-6
207.5,1.618e-5,159.1,1.3255755736772235e-5,2.924244263227766e-6
208.5,1.552e-5,159.4,1.2715038877299449e-5,2.8049611227005518e-6
209.5,1.491e-5,159.3,1.221528541627157e-5,2.694714583728429e-6
210.5,1.436e-5,158.9,1.1764688033377582e-5,2.5953119666224175e-6
211.5,1.383e-5,158.5,1.1330476009861558e-5,2.4995239901384424e-6
212.5,1.332e-5,158.0,1.0912649345723496e-5,2.407350654276504e-6
213.5,1.277e-5,158.3,1.0462051962829507e-5,2.3079480371704925e-6
214.5,1.222e-5,158.9,1.0011454579935519e-5,2.2085454200644805e-6
215.5,1.169e-5,159.5,9.577242556419494e-6,2.1127574435805058e-6
216.5,1.118e-5,160.0,9.159415892281432e-6,2.0205841077185675e-6
217.5,1.079e-5,159.3,8.83990138441115e-6,1.95009861558885e-6
218.5,1.043e-5,158.4,8.544964915607812e-6,1.8850350843921876e-6
219.5,1.007e-5,157.4,8.250028446804474e-6,1.8199715531955255e-6
220.5,9.72e-6,156.7,7.963284657690118e-6,1.7567153423098815e-6
221.5,9.267e-6,157.8,7.5921562677792515e-6,1.674843732220748e-6
222.5,8.836e-6,158.9,7.239051773184144e-6,1.5969482268158553e-6
223.5,8.425e-6,160.0,6.9023326379670004e-6,1.5226673620329992e-6
224.5,8.061e-6,160.5,6.60411909728807e-6,1.4568809027119294e-6
225.5,7.771e-6,160.0,6.366531386307604e-6,1.404468613692396e-6
226.5,7.492e-6,159.4,6.137955622985017e-6,1.3540443770149828e-6
227.5,7.223e-6,158.9,5.917572539351412e-6,1.3054274606485879e-6
228.5,6.968e-6,158.2,5.708659207282381e-6,1.2593407927176187e-6
229.5,6.727e-6,157.3,5.511215626777925e-6,1.2157843732220753e-6
230.5,6.494e-6,156.4,5.320326190024653e-6,1.1736738099753468e-6
231.5,6.27e-6,155.5,5.136810164991465e-6,1.1331898350085348e-6
232.5,6.017e-6,155.5,4.929535368860231e-6,1.0874646311397692e-6
233.5,5.758e-6,155.9,4.717344964915607e-6,1.0406550350843927e-6
234.5,5.511e-6,156.3,4.514985776597762e-6,9.960142234022385e-7
235.5,5.274e-6,156.7,4.320819267968897e-6,9.531807320311023e-7
236.5,5.068e-6,156.5,4.152050066375876e-6,9.159499336241234e-7
237.5,4.874e-6,156.2,3.993112080409633e-6,8.808879195903665e-7
238.5,4.688e-6,155.9,3.840728238194576e-6,8.472717618054243e-7
239.5,4.508e-6,155.6,3.693260003792907e-6,8.147399962070931e-7
240.5,4.318e-6,155.9,3.537599089702256e-6,7.804009102977436e-7
241.5,4.136e-6,156.2,3.388492319362791e-6,7.475076806372089e-7
242.5,3.962e-6,156.5,3.2459396927745114e-6,7.160603072254888e-7
243.5,3.792e-6,157.0,3.106664138061824e-6,6.85335861938176e-7
244.5,3.617e-6,158.1,2.9632922435046457e-6,6.53707756495354e-7
245.5,3.45e-6,159.2,2.8264744926986533e-6,6.235255073013468e-7
246.5,3.291e-6,160.2,2.6962108856438455e-6,5.947891143561543e-7
247.5,3.147e-6,161.0,2.5782362981225105e-6,5.687637018774894e-7
248.5,3.025e-6,160.9,2.478285605916935e-6,5.467143940830649e-7
249.5,2.908e-6,160.9,2.38243125355585e-6,5.255687464441497e-7
250.5,2.795e-6,160.8,2.289853973070358e-6,5.051460269296419e-7
251.5,2.697e-6,160.2,2.2095657121183387e-6,4.874342878816616e-7
252.5,2.614e-6,158.7,2.141566470699791e-6,4.7243352930020885e-7
253.5,2.535e-6,157.2,2.0768443011568365e-6,4.581556988431635e-7
254.5,2.458e-6,155.7,2.0137606675516783e-6,4.442393324483219e-7
255.5,2.376e-6,154.5,1.946580694102029e-6,4.294193058979711e-7
256.5,2.29e-6,153.7,1.8761236487767872e-6,4.1387635122321287e-7
257.5,2.208e-6,152.8,1.808943675327138e-6,3.9905632467286194e-7
258.5,2.129e-6,152.0,1.7442215057841833e-6,3.847784942158166e-7
259.5,2.049e-6,151.4,1.6786800682723307e-6,3.703199317276695e-7
260.5,1.971e-6,150.8,1.614777166698274e-6,3.5622283330172595e-7
261.5,1.895e-6,150.3,1.552512801062014e-6,3.4248719893798617e-7
262.5,1.822e-6,149.8,1.4927062393324481e-6,3.292937606675519e-7
263.5,1.741e-6,150.2,1.426345533851697e-6,3.1465446614830285e-7
264.5,1.661e-6,151.0,1.3608040963398444e-6,3.001959036601557e-7
265.5,1.585e-6,151.7,1.2985397307035842e-6,2.8646026929641585e-7
266.5,1.512e-6,152.4,1.2387331689740186e-6,2.732668310259816e-7
267.5,1.432e-6,154.3,1.1731917314621655e-6,2.588082685378344e-7
268.5,1.356e-6,156.4,1.1109273658259055e-6,2.450726341740946e-7
269.5,1.284e-6,158.5,1.0519400720652378e-6,2.320599279347621e-7
270.5,1.216e-6,160.7,9.96229850180163e-7,2.1977014981983705e-7
271.5,1.168e-6,160.7,9.569049876730514e-7,2.1109501232694875e-7
272.5,1.124e-6,160.6,9.208571970415321e-7,2.0314280295846779e-7
273.5,1.081e-6,160.4,8.856286743789113e-7,1.9537132562108865e-7
274.5,1.04e-6,160.3,8.520386876540868e-7,1.8796131234591324e-7
275.5,1.009e-6,158.5,8.266413806182438e-7,1.823586193817562e-7
276.5,9.796e-7,156.8,8.025549023326378e-7,1.770450976673621e-7
277.5,9.509e-7,155.0,7.790419116252606e-7,1.7185808837473932e-7
278.5,9.223e-7,153.4,7.556108477147733e-7,1.6668915228522674e-7
279.5,8.834e-7,153.6,7.237413237246348e-7,1.5965867627536515e-7
280.5,8.461e-7,153.8,6.931826284847335e-7,1.5291737151526654e-7
281.5,8.105e-7,154.0,6.64016688791959e-7,1.4648331120804105e-7
282.5,7.766e-7,154.2,6.362435046463113e-7,1.4035649535368868e-7
283.5,7.467e-7,153.8,6.117473923762563e-7,1.3495260762374366e-7
284.5,7.179e-7,153.4,5.881524748719893e-7,1.297475251280107e-7
285.5,6.903e-7,153.0,5.655406789304e-7,1.2475932106959992e-7
286.5,6.622e-7,153.0,5.425192490043617e-7,1.1968075099563823e-7
287.5,6.278e-7,154.9,5.143364308742651e-7,1.1346356912573495e-7
288.5,5.953e-7,156.7,4.877102218850749e-7,1.0758977811492515e-7
289.5,5.646e-7,158.6,4.625586952399013e-7,1.0204130476009867e-7
290.5,5.351e-7,160.7,4.3839029015740555e-7,9.67097098425944e-8
291.5,5.054e-7,163.6,4.140580314811302e-7,9.134196851886975e-8
292.5,4.776e-7,166.6,3.9128238194576136e-7,8.631761805423863e-8
293.5,4.515e-7,169.6,3.698994879575194e-7,8.16005120424806e-8
294.5,4.289e-7,171.8,3.5138403186042096e-7,7.751596813957903e-8
295.5,4.148e-7,171.1,3.398323534989569e-7,7.496764650104308e-8
296.5,4.011e-7,170.5,3.286083823250521e-7,7.249161767494789e-8
297.5,3.88e-7,169.9,3.178759719324862e-7,7.012402806751379e-8
298.5,3.715e-7,171.0,3.0435805044566657e-7,6.714194955433344e-8
299.5,3.445e-7,177.9,2.8223781528541625e-7,6.226218471458377e-8
300.5,3.199e-7,184.8,2.620838232505215e-7,5.781617674947851e-8
301.5,2.975e-7,191.8,2.4373222074720273e-7,5.37677792527973e-8
302.5,2.788e-7,197.7,2.284119097288071e-7,5.0388090271192894e-8
303.5,2.668e-7,200.2,2.1858069410202916e-7,4.821930589797082e-8
304.5,2.554e-7,202.7,2.0924103925659018e-7,4.615896074340985e-8
305.5,2.445e-7,205.2,2.003110183956002e-7,4.41889816043998e-8
306.5,2.349e-7,207.0,1.9244604589417785e-7,4.245395410582214e-8
307.5,2.285e-7,206.3,1.8720273089322963e-7,4.129726910677036e-8
308.5,2.222e-7,205.6,1.820413426891712e-7,4.0158657310828774e-8
309.5,2.162e-7,204.9,1.7712573487578226e-7,3.907426512421773e-8
310.5,2.103e-7,204.1,1.722920538592831e-7,3.8007946140716883e-8
311.5,2.048e-7,203.0,1.6778608003034325e-7,3.701391996965676e-8
312.5,1.995e-7,202.0,1.63443959795183e-7,3.6056040204817015e-8
313.5,1.943e-7,201.0,1.5918376635691256e-7,3.511623364308745e-8
314.5,1.892e-7,199.8,1.5500549971553194e-7,3.4194500284468063e-8
315.5,1.845e-7,198.4,1.5115494026171058e-7,3.3345059738289416e-8
316.5,1.799e-7,197.0,1.4738630760477903e-7,3.251369239522095e-8
317.5,1.754e-7,195.5,1.436996017447373e-7,3.1700398255262677e-8
318.5,1.708e-7,194.4,1.3993096908780577e-7,3.086903091219421e-8
319.5,1.648e-7,194.9,1.3501536127441682e-7,2.9784638725583175e-8
320.5,1.591e-7,195.5,1.303455338516973e-7,2.8754466148302688e-8
321.5,1.535e-7,196.0,1.257576332258676e-7,2.7742366774132387e-8
322.5,1.482e-7,196.5,1.2141551299070735e-7,2.6784487009292636e-8
323.5,1.437e-7,196.2,1.1772880713066564e-7,2.597119286933436e-8
324.5,1.393e-7,195.9,1.1412402806751375e-7,2.5175971932486267e-8
325.5,1.35e-7,195.6,1.1060117580125165e-7,2.4398824198748356e-8
326.5,1.309e-7,195.3,1.0724217712876917e-7,2.365782287123081e-8
327.5,1.271e-7,194.6,1.0412895884695617e-7,2.297104115304382e-8
328.5,1.235e-7,193.8,1.0117959415892279e-7,2.2320405841077195e-8
329.5,1.199e-7,193.1,9.823022947088944e-8,2.1669770529110576e-8
330.5,1.165e-7,192.4,9.544471837663568e-8,2.105528162336432e-8
331.5,1.126e-7,192.6,9.224957329793285e-8,2.0350426702067146e-8
332.5,1.088e-7,192.7,8.913635501611985e-8,1.9663644983880155e-8
333.5,1.051e-7,192.9,8.610506353119664e-8,1.8994936468803347e-8
334.5,1.016e-7,193.1,8.323762564005308e-8,1.836237435994691e-8
335.5,9.782e-8,194.1,8.014079271761804e-8,1.7679207282381957e-8
336.5,9.414e-8,195.2,7.712588659207281e-8,1.7014113407927185e-8
337.5,9.059e-8,196.2,7.421748530248435e-8,1.6372514697515655e-8
338.5,8.719e-8,197.3,7.14319742082306e-8,1.57580257917694e-8
339.5,8.412e-8,198.0,6.891682154371325e-8,1.5203178456286753e-8
340.5,8.12e-8,198.7,6.652455907453062e-8,1.467544092546938e-8
341.5,7.839e-8,199.4,6.422241608192679e-8,1.4167583918073211e-8
342.5,7.567e-8,200.0,6.199400720652379e-8,1.3675992793476207e-8
343.5,7.297e-8,201.0,5.978198369049876e-8,1.318801630950124e-8
344.5,7.035e-8,202.0,5.763550161198558e-8,1.2714498388014422e-8
345.5,6.782e-8,203.1,5.556275365067323e-8,1.2257246349326764e-8
346.5,6.538e-8,204.1,5.3563739806561715e-8,1.1816260193438276e-8
347.5,6.307e-8,205.1,5.167123079840697e-8,1.1398769201593027e-8
348.5,6.086e-8,206.1,4.986064858714204e-8,1.0999351412857963e-8
349.5,5.873e-8,207.1,4.8115607813388953e-8,1.0614392186611042e-8
350.5,5.668e-8,208.1,4.643610847714773e-8,1.0243891522852273e-8
351.5,5.415e-8,211.4,4.436336051583538e-8,9.786639484164618e-9
352.5,5.128e-8,216.8,4.2012061445097664e-8,9.267938554902337e-9
353.5,4.86e-8,222.1,3.981642328845059e-8,8.783576711549407e-9
354.5,4.609e-8,227.4,3.776006068651621e-8,8.32993931348379e-9
355.5,4.418e-8,230.6,3.619525886592073e-8,7.984741134079277e-9
356.5,4.299e-8,230.6,3.5220329982931915e-8,7.769670017068088e-9
357.5,4.184e-8,230.5,3.427817181869903e-8,7.561828181300972e-9
358.5,4.071e-8,230.5,3.33523990138441e-8,7.357600986155892e-9
359.5,3.95e-8,231.2,3.236108477147734e-8,7.138915228522667e-9
360.5,3.802e-8,233.8,3.1148568177508054e-8,6.871431822491944e-9
361.5,3.66e-8,236.3,2.998520766167267e-8,6.614792338327331e-9
362.5,3.525e-8,238.9,2.8879195903660153e-8,6.370804096339848e-9
363.5,3.392e-8,241.7,2.77895695050256e-8,6.130430494974401e-9
364.5,3.251e-8,245.8,2.6634401668879192e-8,5.875598331120807e-9
365.5,3.117e-8,249.9,2.5536582590555657e-8,5.633417409444343e-9
366.5,2.99e-8,254.0,2.4496112270054997e-8,5.403887729945007e-9
367.5,2.868e-8,258.2,2.3496605347999236e-8,5.183394652000761e-9
368.5,2.774e-8,260.6,2.2726493457234965e-8,5.013506542765032e-9
369.5,2.684e-8,262.9,2.1989152285226624e-8,4.850847714773376e-9
370.5,2.597e-8,265.3,2.1276389152285224e-8,4.693610847714776e-9
371.5,2.513e-8,267.7,2.058820405841077e-8,4.5417959415892306e-9
372.5,2.436e-8,269.8,1.9957367722359186e-8,4.402632277640814e-9
373.5,2.363e-8,271.8,1.935930210506353e-8,4.270697894936471e-9
374.5,2.292e-8,273.8,1.8777621847145834e-8,4.142378152854165e-9
375.5,2.223e-8,275.8,1.8212326948606107e-8,4.017673051393896e-9
376.5,2.152e-8,278.5,1.763064669068841e-8,3.88935330931159e-9
377.5,2.082e-8,281.6,1.7057159112459697e-8,3.762840887540302e-9
378.5,2.014e-8,284.7,1.650005689360895e-8,3.639943106391051e-9
379.5,1.948e-8,287.7,1.5959340034136162e-8,3.5206599658638366e-9
380.5,1.886e-8,290.9,1.5451393893419304e-8,3.4086061065806964e-9
381.5,1.826e-8,294.1,1.4959833112080408e-8,3.300166887919592e-9
382.5,1.768e-8,297.4,1.4484657690119475e-8,3.1953423098805253e-9
383.5,1.713e-8,300.6,1.4034060307225485e-8,3.095939692774513e-9
384.5,1.657e-8,304.4,1.3575270244642515e-8,2.994729755357483e-9
385.5,1.597e-8,309.4,1.3083709463303621e-8,2.8862905366963795e-9
386.5,1.54e-8,314.5,1.2616726721031668e-8,2.7832732789683306e-9
387.5,1.486e-8,319.5,1.2174322017826662e-8,2.6856779821733375e-9
388.5,1.434e-8,324.5,1.1748302673999618e-8,2.5916973260003807e-9
389.5,1.387e-8,329.3,1.1363246728617483e-8,2.506753271382516e-9
390.5,1.341e-8,334.1,1.098638346292433e-8,2.42361653707567e-9
391.5,1.298e-8,338.9,1.063409823629812e-8,2.345901763701879e-9
392.5,1.256e-8,343.7,1.0290005689360894e-8,2.269994310639106e-9
393.5,1.219e-8,348.0,9.986876540868574e-9,2.2031234591314255e-9
394.5,1.183e-8,352.2,9.691940072065238e-9,2.1380599279347635e-9
395.5,1.148e-8,356.4,9.40519628295088e-9,2.074803717049119e-9
396.5,1.115e-8,360.6,9.134837853214488e-9,2.015162146785512e-9
397.5,1.087e-8,363.5,8.905442821923004e-9,1.9645571780769973e-9
398.5,1.062e-8,365.9,8.700625829698464e-9,1.9193741703015374e-9
399.5,1.038e-8,368.3,8.504001517162904e-9,1.8759984828370955e-9
400.5,1.014e-8,370.6,8.307377204627347e-9,1.8326227953726541e-9
401.5,9.922e-9,372.4,8.128776787407546e-9,1.793223212592453e-9
402.5,9.735e-9,373.4,7.975573677223591e-9,1.7594263227764093e-9
403.5,9.551e-9,374.4,7.82482837094633e-9,1.7261716290536707e-9
404.5,9.371e-9,375.4,7.677360136544661e-9,1.6936398634553395e-9
405.5,9.196e-9,376.3,7.533988241987482e-9,1.6620117580125175e-9
406.5,9.034e-9,377.0,7.401266831025981e-9,1.6327331689740196e-9
407.5,8.874e-9,377.6,7.2701839560022755e-9,1.6038160439977253e-9
408.5,8.717e-9,378.2,7.141558884885263e-9,1.5754411151147364e-9
409.5,8.564e-9,378.8,7.016210885643845e-9,1.5477891143561548e-9
410.5,8.408e-9,379.6,6.888405082495732e-9,1.5195949175042678e-9
411.5,8.256e-9,380.5,6.763876351223211e-9,1.4921236487767882e-9
412.5,8.107e-9,381.3,6.641805423857385e-9,1.465194576142614e-9
413.5,7.96e-9,382.2,6.521373032429356e-9,1.4386269675706437e-9
414.5,7.806e-9,383.5,6.39520576521904e-9,1.4107942347809605e-9
415.5,7.652e-9,385.1,6.269038498008723e-9,1.382961501991277e-9
416.5,7.502e-9,386.6,6.146148302673999e-9,1.355851697326001e-9
417.5,7.354e-9,388.2,6.024896643277071e-9,1.329103356722929e-9
418.5,7.206e-9,390.0,5.903644983880144e-9,1.3023550161198566e-9
419.5,7.057e-9,392.1,5.781574056514318e-9,1.2754259434856826e-9
420.5,6.912e-9,394.2,5.6627802010240846e-9,1.2492197989759158e-9
421.5,6.769e-9,396.3,5.545624881471647e-9,1.2233751185283528e-9
422.5,6.628e-9,398.6,5.430108097857007e-9,1.1978919021429932e-9
423.5,6.482e-9,401.4,5.310494974397875e-9,1.1715050256021247e-9
424.5,6.34e-9,404.3,5.194158922814336e-9,1.1458410771856634e-9
425.5,6.202e-9,407.1,5.081099943106391e-9,1.1209000568936096e-9
426.5,6.066e-9,410.0,4.969679499336241e-9,1.0963205006637594e-9
427.5,5.921e-9,414.0,4.850885643846007e-9,1.0701143561539926e-9
428.5,5.779e-9,418.1,4.7345495922624684e-9,1.0444504077375314e-9
429.5,5.64e-9,422.2,4.620671344585625e-9,1.0193286554143759e-9
430.5,5.506e-9,426.2,4.510889436753271e-9,9.95110563246729e-10
431.5,5.363e-9,431.4,4.393734117200834e-9,9.692658827991661e-10
432.5,5.219e-9,437.3,4.275759529679499e-9,9.432404703205012e-10
433.5,5.08e-9,443.1,4.161881282002655e-9,9.181187179973455e-10
434.5,4.945e-9,448.9,4.051280106201403e-9,8.937198937985971e-10
435.5,4.815e-9,454.9,3.944775270244642e-9,8.702247297553579e-10
436.5,4.687e-9,461.3,3.839908970225678e-9,8.470910297743225e-10
437.5,4.564e-9,467.6,3.739139010051204e-9,8.248609899487963e-10
438.5,4.445e-9,473.9,3.641646121752323e-9,8.033538782476774e-10
439.5,4.33e-9,480.2,3.547430305329034e-9,7.825696946709657e-10
440.5,4.227e-9,485.8,3.463045704532524e-9,7.639542954674763e-10
441.5,4.128e-9,491.4,3.3819381756116056e-9,7.460618243883941e-10
442.5,4.031e-9,497.0,3.302469182628484e-9,7.285308173715156e-10
443.5,3.937e-9,502.7,3.225457993552057e-9,7.115420064479428e-10
444.5,3.859e-9,506.6,3.161555091978001e-9,6.974449080219993e-10
445.5,3.789e-9,509.9,3.1042063341551296e-9,6.847936658448704e-10
446.5,3.721e-9,513.2,3.0484961122700543e-9,6.725038877299454e-10
447.5,3.653e-9,516.5,2.99278589038498e-9,6.602141096150203e-10
448.5,3.591e-9,519.3,2.941991276313294e-9,6.490087236867063e-10
449.5,3.536e-9,521.4,2.896931538023895e-9,6.390684619761051e-10
450.5,3.481e-9,523.6,2.851871799734496e-9,6.291282002655038e-10
451.5,3.427e-9,525.7,2.807631329413995e-9,6.193686705860045e-10
452.5,3.375e-9,527.8,2.7650293950312912e-9,6.099706049687089e-10
453.5,3.329e-9,529.0,2.7273430684619756e-9,6.016569315380242e-10
454.5,3.285e-9,530.2,2.6912952778304567e-9,5.937047221695433e-10
455.5,3.24e-9,531.5,2.6544282192300394e-9,5.855717807699605e-10
456.5,3.197e-9,532.7,2.6191996965674185e-9,5.778003034325814e-10
457.5,3.156e-9,533.6,2.585609709842594e-9,5.703902901574059e-10
458.5,3.117e-9,534.4,2.553658259055566e-9,5.633417409444342e-10
459.5,3.079e-9,535.1,2.5225260762374357e-9,5.564739237625643e-10
460.5,3.041e-9,535.9,2.4913938934193055e-9,5.496061065806944e-10
461.5,3.003e-9,536.6,2.4602617106011757e-9,5.427382893988245e-10
462.5,2.968e-9,537.1,2.43158733168974e-9,5.364126683102602e-10
463.5,2.932e-9,537.6,2.402093684809406e-9,5.299063151905939e-10
464.5,2.897e-9,538.1,2.3734193058979703e-9,5.235806941020294e-10
465.5,2.863e-9,538.6,2.3455641949554333e-9,5.17435805044567e-10
466.5,2.831e-9,538.8,2.3193476199506918e-9,5.116523800493081e-10
467.5,2.799e-9,539.0,2.2931310449459507e-9,5.058689550540493e-10
468.5,2.768e-9,539.1,2.2677337379101076e-9,5.002662620898921e-10
469.5,2.737e-9,539.3,2.242336430874265e-9,4.946635691257351e-10
470.5,2.708e-9,539.3,2.218577659776218e-9,4.894223402237819e-10
471.5,2.679e-9,539.0,2.1948188886781715e-9,4.841811113218285e-10
472.5,2.651e-9,538.8,2.171879385549023e-9,4.791206144509769e-10
473.5,2.623e-9,538.6,2.148939882419875e-9,4.740601175801254e-10
474.5,2.596e-9,538.3,2.1268196472596245e-9,4.691803527403758e-10
475.5,2.57e-9,537.8,2.105518680068272e-9,4.6448131993172794e-10
476.5,2.543e-9,537.4,2.0833984449080217e-9,4.5960155509197824e-10
477.5,2.518e-9,536.9,2.0629167456855677e-9,4.550832543144323e-10
478.5,2.492e-9,536.5,2.0416157784942158e-9,4.5038422150578447e-10
479.5,2.467e-9,536.0,2.0211340792717614e-9,4.4586592072823844e-10
480.5,2.442e-9,535.6,2.0006523800493074e-9,4.4134761995069246e-10
481.5,2.418e-9,535.1,1.9809899487957518e-9,4.3701005120424835e-10
482.5,2.394e-9,534.7,1.9613275175421958e-9,4.3267248245780413e-10
483.5,2.369e-9,534.3,1.9408458183197418e-9,4.2815418168025816e-10
484.5,2.344e-9,534.1,1.920364119097288e-9,4.236358809027122e-10
485.5,2.319e-9,534.0,1.899882419874834e-9,4.1911758012516615e-10
486.5,2.295e-9,533.8,1.8802199886212782e-9,4.1478001137872203e-10
487.5,2.27e-9,533.6,1.8597382893988238e-9,4.10261710601176e-10
488.5,2.242e-9,534.3,1.8367987862696755e-9,4.052012137303245e-10
489.5,2.215e-9,535.1,1.8146785511094251e-9,4.0032144889057483e-10
490.5,2.188e-9,535.8,1.7925583159491748e-9,3.954416840508252e-10
491.5,2.161e-9,536.5,1.7704380807889244e-9,3.9056191921107547e-10
492.5,2.134e-9,537.3,1.748317845628674e-9,3.856821543713258e-10
493.5,2.108e-9,538.2,1.727016878437322e-9,3.8098312156267803e-10
494.5,2.082e-9,539.0,1.70571591124597e-9,3.762840887540302e-10
495.5,2.056e-9,539.9,1.6844149440546175e-9,3.7158505594538235e-10
496.5,2.03e-9,540.9,1.6631139768632654e-9,3.668860231367345e-10
497.5,2.003e-9,542.4,1.640993741703015e-9,3.620062582969848e-10
498.5,1.976e-9,543.9,1.6188735065427646e-9,3.5712649345723514e-10
499.5,1.949e-9,545.4,1.5967532713825147e-9,3.5224672861748554e-10
500.5,1.923e-9,546.9,1.5754523041911623e-9,3.475476958088377e-10
501.5,1.896e-9,548.7,1.553332069030912e-9,3.42667930969088e-10
502.5,1.87e-9,550.7,1.5320311018395598e-9,3.3796889816044015e-10
503.5,1.844e-9,552.6,1.5107301346482076e-9,3.3326986535179236e-10
504.5,1.819e-9,554.5,1.4902484354257536e-9,3.2875156457424633e-10
505.5,1.794e-9,556.5,1.4697667362032997e-9,3.2423326379670036e-10
506.5,1.768e-9,558.8,1.4484657690119475e-9,3.1953423098805257e-10
507.5,1.743e-9,561.0,1.4279840697894935e-9,3.1501593021050654e-10
508.5,1.718e-9,563.2,1.4075023705670395e-9,3.1049762943296056e-10
509.5,1.694e-9,565.4,1.3878399393134835e-9,3.061600606865164e-10
510.5,1.67e-9,567.9,1.3681775080599277e-9,3.0182249194007223e-10
511.5,1.645e-9,570.5,1.3476958088374737e-9,2.9730419116252625e-10
512.5,1.621e-9,573.1,1.328033377583918e-9,2.9296662241608214e-10
513.5,1.598e-9,575.7,1.3091902142992603e-9,2.888097857007398e-10
514.5,1.575e-9,578.3,1.2903470510146027e-9,2.846529489853975e-10
515.5,1.551e-9,581.3,1.2706846197610467e-9,2.803153802389533e-10
516.5,1.528e-9,584.2,1.251841456476389e-9,2.76158543523611e-10
517.5,1.506e-9,587.1,1.2338175611606294e-9,2.721824388393705e-10
518.5,1.483e-9,590.0,1.2149743978759718e-9,2.680256021240282e-10
519.5,1.462e-9,592.9,1.1977697705291103e-9,2.642302294708896e-10
520.5,1.441e-9,595.9,1.180565143182249e-9,2.6043485681775097e-10
521.5,1.42e-9,598.8,1.1633605158353878e-9,2.5663948416461235e-10
522.5,1.399e-9,601.7,1.1461558884885264e-9,2.5284411151147367e-10
523.5,1.379e-9,604.6,1.129770529110563e-9,2.492294708894369e-10
524.5,1.36e-9,607.2,1.1142044377014982e-9,2.4579556229850196e-10
525.5,1.341e-9,609.9,1.0986383462924331e-9,2.42361653707567e-10
526.5,1.323e-9,612.6,1.0838915228522662e-9,2.3910847714773387e-10
527.5,1.305e-9,615.3,1.069144699412099e-9,2.3585530058790073e-10
528.5,1.288e-9,617.6,1.0552171439408306e-9,2.327828560591695e-10
529.5,1.271e-9,619.9,1.0412895884695619e-9,2.2971041153043821e-10
530.5,1.255e-9,622.1,1.0281813009671911e-9,2.2681869903280875e-10
531.5,1.239e-9,624.4,1.0150730134648206e-9,2.2392698653517934e-10
532.5,1.223e-9,626.6,1.00196472596245e-9,2.210352740375499e-10
533.5,1.208e-9,628.7,9.896757064289777e-10,2.183242935710223e-10
534.5,1.193e-9,630.7,9.773866868955051e-10,2.1561331310449471e-10
535.5,1.178e-9,632.7,9.65097667362033e-10,2.1290233263796714e-10
536.5,1.164e-9,634.8,9.536279157974586e-10,2.1037208420254136e-10
537.5,1.149e-9,637.0,9.413388962639863e-10,2.0766110373601379e-10
538.5,1.135e-9,639.2,9.298691446994119e-10,2.05130855300588e-10
539.5,1.121e-9,641.4,9.183993931348377e-10,2.0260060686516224e-10
540.5,1.108e-9,643.6,9.077489095391618e-10,2.0025109046083837e-10
541.5,1.095e-9,645.5,8.970984259434856e-10,1.9790157405651443e-10
542.5,1.082e-9,646.9,8.864479423478095e-10,1.955520576521905e-10
543.5,1.071e-9,648.3,8.774359946899297e-10,1.9356400531007026e-10
544.5,1.059e-9,649.7,8.676047790631518e-10,1.913952209368482e-10
545.5,1.047e-9,651.1,8.577735634363739e-10,1.8922643656362612e-10
546.5,1.036e-9,652.2,8.48761615778494e-10,1.8723838422150588e-10
547.5,1.025e-9,653.3,8.397496681206144e-10,1.8525033187938566e-10
548.5,1.015e-9,654.4,8.315569884316327e-10,1.8344301156836725e-10
549.5,1.004e-9,655.4,8.225450407737531e-10,1.8145495922624703e-10
550.5,9.939e-10,656.5,8.142704342878816e-10,1.7962956571211845e-10
551.5,9.84e-10,657.4,8.061596813957897e-10,1.7784031860421022e-10
552.5,9.742e-10,658.3,7.981308553005878e-10,1.760691446994122e-10
553.5,9.645e-10,659.2,7.901839560022756e-10,1.7431604399772434e-10
554.5,9.549e-10,660.1,7.823189835008534e-10,1.7258101649914671e-10
555.5,9.456e-10,660.8,7.746997913901003e-10,1.7090020860989957e-10
556.5,9.365e-10,661.6,7.672444528731272e-10,1.6925554712687285e-10
557.5,9.274e-10,662.3,7.597891143561539e-10,1.676108856438461e-10
558.5,9.185e-10,663.0,7.524976294329603e-10,1.6600237056703974e-10
559.5,9.097e-10,663.7,7.452880713066565e-10,1.6441192869334354e-10
560.5,9.012e-10,664.2,7.38324293571022e-10,1.6287570642897788e-10
561.5,8.928e-10,664.7,7.314424426322775e-10,1.6135755736772245e-10
562.5,8.844e-10,665.3,7.24560591693533e-10,1.5983940830646699e-10
563.5,8.762e-10,665.8,7.178425943485681e-10,1.5835740565143193e-10
564.5,8.681e-10,666.3,7.11206523800493e-10,1.5689347619950702e-10
565.5,8.602e-10,666.7,7.047343068461975e-10,1.5546569315380247e-10
566.5,8.524e-10,667.1,6.983440166887919e-10,1.5405598331120812e-10
567.5,8.446e-10,667.5,6.919537265313862e-10,1.5264627346861376e-10
568.5,8.369e-10,667.9,6.856453631708703e-10,1.5125463682912961e-10
569.5,8.294e-10,668.2,6.795008534041343e-10,1.4989914659586582e-10
570.5,8.221e-10,668.5,6.735201972311776e-10,1.485798027688224e-10
571.5,8.148e-10,668.8,6.67539541058221e-10,1.4726045894177895e-10
572.5,8.075e-10,669.1,6.615588848852644e-10,1.4594111511473553e-10
573.5,8.004e-10,669.4,6.557420823060875e-10,1.4465791769391248e-10
574.5,7.934e-10,669.6,6.500072065238004e-10,1.433927934761996e-10
575.5,7.864e-10,669.7,6.442723307415133e-10,1.421276692584867e-10
576.5,7.795e-10,669.9,6.386193817561161e-10,1.4088061824388404e-10
577.5,7.727e-10,670.1,6.330483595676085e-10,1.3965164043239152e-10
578.5,7.661e-10,670.2,6.276411909728806e-10,1.3845880902711936e-10
579.5,7.596e-10,670.3,6.223159491750427e-10,1.3728405082495742e-10
580.5,7.531e-10,670.3,6.169907073772046e-10,1.3610929262279546e-10
581.5,7.466e-10,670.4,6.116654655793665e-10,1.3493453442063348e-10
582.5,7.403e-10,670.5,6.065040773753081e-10,1.337959226246919e-10
583.5,7.34e-10,670.5,6.013426891712497e-10,1.326573108287503e-10
584.5,7.278e-10,670.5,5.962632277640811e-10,1.315367722359189e-10
585.5,7.216e-10,670.6,5.911837663569125e-10,1.304162336430875e-10
586.5,7.155e-10,670.6,5.861862317466337e-10,1.2931376825336627e-10
587.5,7.095e-10,670.6,5.812706239332447e-10,1.2822937606675524e-10
588.5,7.035e-10,670.6,5.763550161198558e-10,1.271449838801442e-10
589.5,6.976e-10,670.5,5.715213351033566e-10,1.2607866489664333e-10
590.5,6.918e-10,670.5,5.667695808837473e-10,1.2503041911625268e-10
591.5,6.86e-10,670.5,5.62017826664138e-10,1.23982173335862e-10
592.5,6.803e-10,670.4,5.573479992414185e-10,1.2295200075858153e-10
593.5,6.746e-10,670.4,5.52678171818699e-10,1.2192182818130103e-10
594.5,6.69e-10,670.3,5.480902711928693e-10,1.2090972880713073e-10
595.5,6.634e-10,670.2,5.435023705670396e-10,1.1989762943296044e-10
596.5,6.579e-10,670.2,5.389963967380997e-10,1.1890360326190031e-10
597.5,6.525e-10,670.1,5.345723497060496e-10,1.1792765029395037e-10
598.5,6.471e-10,670.0,5.301483026739995e-10,1.1695169732600045e-10
599.5,6.417e-10,669.9,5.257242556419495e-10,1.159757443580505e-10
600.5,6.364e-10,669.8,5.213821354067892e-10,1.1501786459321076e-10
601.5,6.311e-10,669.8,5.17040015171629e-10,1.1405998482837101e-10
602.5,6.258e-10,669.7,5.126978949364687e-10,1.1310210506353127e-10
603.5,6.206e-10,669.7,5.084377014981984e-10,1.121622985018017e-10
604.5,6.155e-10,669.6,5.042594348568177e-10,1.112405651431823e-10
605.5,6.103e-10,669.6,4.999992414185472e-10,1.1030075858145274e-10
606.5,6.053e-10,669.5,4.959029015740565e-10,1.0939709842594355e-10
607.5,6.002e-10,669.5,4.917246349326758e-10,1.0847536506732416e-10
608.5,5.952e-10,669.4,4.876282950881851e-10,1.0757170491181496e-10
609.5,5.903e-10,669.3,4.83613882040584e-10,1.0668611795941595e-10
610.5,5.852e-10,669.5,4.794356153992034e-10,1.0576438460079657e-10
611.5,5.799e-10,670.0,4.750934951640432e-10,1.0480650483595683e-10
612.5,5.747e-10,670.5,4.708333017257727e-10,1.0386669827422726e-10
613.5,5.694e-10,671.0,4.664911814906125e-10,1.029088185093875e-10
614.5,5.643e-10,671.5,4.623129148492319e-10,1.0198708515076812e-10
615.5,5.591e-10,672.0,4.580527214109614e-10,1.0104727858903855e-10
616.5,5.539e-10,672.6,4.5379252797269105e-10,1.00107472027309e-10
617.5,5.488e-10,673.2,4.496142613313104e-10,9.91857386686896e-11
618.5,5.438e-10,673.8,4.4551792148681964e-10,9.828207851318042e-11
619.5,5.388e-10,674.4,4.414215816423288e-10,9.737841835767121e-11
620.5,5.342e-10,674.6,4.376529489853972e-10,9.654705101460274e-11
621.5,5.296e-10,674.7,4.338843163284657e-10,9.571568367153429e-11
622.5,5.251e-10,674.9,4.30197610468424e-10,9.490238953157601e-11
623.5,5.206e-10,675.1,4.265109046083823e-10,9.408909539161774e-11
624.5,5.162e-10,675.3,4.229061255452304e-10,9.329387445476964e-11
625.5,5.117e-10,675.5,4.1921941968518863e-10,9.248058031481136e-11
626.5,5.073e-10,675.8,4.1561464062203673e-10,9.168535937796326e-11
627.5,5.029e-10,676.0,4.1200986155888484e-10,9.089013844111517e-11
628.5,4.986e-10,676.2,4.0848700929262277e-10,9.011299070737726e-11
629.5,4.942e-10,676.5,4.0488223022947087e-10,8.931776977052916e-11
630.5,4.899e-10,676.8,4.013593779632088e-10,8.854062203679126e-11
631.5,4.857e-10,677.1,3.9791845249383646e-10,8.778154750616353e-11
632.5,4.815e-10,677.4,3.944775270244642e-10,8.702247297553581e-11
633.5,4.773e-10,677.7,3.9103660155509193e-10,8.626339844490807e-11
634.5,4.731e-10,678.1,3.875956760857197e-10,8.550432391428035e-11
635.5,4.689e-10,678.4,3.841547506163474e-10,8.474524938365262e-11
636.5,4.648e-10,678.8,3.8079575194386494e-10,8.400424805613508e-11
637.5,4.607e-10,679.2,3.7743675327138247e-10,8.326324672861754e-11
638.5,4.566e-10,679.6,3.740777545989e-10,8.25222454011e-11
639.5,4.526e-10,680.1,3.708006827233074e-10,8.179931727669263e-11
640.5,4.485e-10,680.5,3.674416840508249e-10,8.105831594917509e-11
641.5,4.446e-10,680.9,3.6424653897212206e-10,8.035346102787791e-11
642.5,4.406e-10,681.4,3.609694670965295e-10,7.963053290347056e-11
643.5,4.367e-10,681.9,3.577743220178266e-10,7.892567798217338e-11
644.5,4.328e-10,682.4,3.545791769391238e-10,7.822082306087621e-11
645.5,4.289e-10,683.0,3.5138403186042096e-10,7.751596813957903e-11
646.5,4.251e-10,683.5,3.48270813578608e-10,7.682918642139204e-11
647.5,4.213e-10,684.1,3.4515759529679495e-10,7.614240470320504e-11
648.5,4.175e-10,684.7,3.420443770149819e-10,7.545562298501806e-11
649.5,4.137e-10,685.3,3.389311587331689e-10,7.476884126683107e-11
650.5,4.1e-10,685.9,3.358998672482457e-10,7.410013275175426e-11
651.5,4.063e-10,686.5,3.3286857576332255e-10,7.343142423667745e-11
652.5,4.026e-10,687.1,3.2983728427839935e-10,7.276271572160065e-11
653.5,3.989e-10,687.8,3.2680599279347615e-10,7.209400720652384e-11
654.5,3.953e-10,688.5,3.238566281054428e-10,7.144337189455723e-11
655.5,3.917e-10,689.3,3.209072634174094e-10,7.079273658259059e-11
656.5,3.881e-10,690.0,3.1795789872937604e-10,7.014210127062397e-11
657.5,3.845e-10,690.7,3.1500853404134267e-10,6.949146595865735e-11
658.5,3.81e-10,691.5,3.121410961501991e-10,6.88589038498009e-11
659.5,3.775e-10,692.3,3.0927365825905553e-10,6.822634174094447e-11
660.5,3.74e-10,693.1,3.06406220367912e-10,6.759377963208804e-11
661.5,3.706e-10,693.9,3.0362070927365823e-10,6.697929072634178e-11
662.5,3.671e-10,694.8,3.007532713825147e-10,6.634672861748535e-11
663.5,3.637e-10,695.7,2.979677602882609e-10,6.573223971173909e-11
664.5,3.604e-10,696.6,2.95264175990897e-10,6.513582400910302e-11
665.5,3.57e-10,697.5,2.9247866489664327e-10,6.452133510335676e-11
666.5,3.537e-10,698.4,2.897750805992793e-10,6.392491940072068e-11
667.5,3.504e-10,699.3,2.870714963019154e-10,6.332850369808461e-11
668.5,3.471e-10,700.3,2.8436791200455146e-10,6.273208799544854e-11
669.5,3.439e-10,701.3,2.8174625450407736e-10,6.215374549592267e-11
670.5,3.406e-10,702.3,2.790426702067134e-10,6.155732979328658e-11
671.5,3.375e-10,703.3,2.7650293950312914e-10,6.09970604968709e-11
672.5,3.343e-10,704.3,2.7388128200265504e-10,6.0418717997345e-11
673.5,3.311e-10,705.4,2.7125962450218093e-10,5.984037549781912e-11
674.5,3.28e-10,706.5,2.687198937985966e-10,5.928010620140341e-11
675.5,3.249e-10,707.6,2.6618016309501227e-10,5.87198369049877e-11
676.5,3.218e-10,708.7,2.63640432391428e-10,5.8159567608572007e-11
677.5,3.188e-10,709.8,2.611826284847335e-10,5.761737151526648e-11
678.5,3.157e-10,711.0,2.586428977811492e-10,5.705710221885078e-11
679.5,3.127e-10,712.1,2.5618509387445476e-10,5.651490612554527e-11
680.5,3.098e-10,713.3,2.538092167646501e-10,5.599078323534993e-11
681.5,3.068e-10,714.5,2.513514128579556e-10,5.544858714204441e-11
682.5,3.039e-10,715.8,2.489755357481509e-10,5.492446425184907e-11
683.5,3.01e-10,717.1,2.4659965863834624e-10,5.440034136165374e-11
684.5,2.981e-10,718.5,2.4422378152854157e-10,5.38762184714584e-11
685.5,2.953e-10,719.8,2.419298312156267e-10,5.337016878437325e-11
686.5,2.924e-10,721.2,2.3955395410582205e-10,5.2846045894177914e-11
687.5,2.897e-10,722.6,2.3734193058979704e-10,5.235806941020295e-11
688.5,2.869e-10,723.9,2.350479802768822e-10,5.1852019723117805e-11
689.5,2.841e-10,725.3,2.3275402996396733e-10,5.134597003603264e-11
690.5,2.814e-10,726.7,2.305420064479423e-10,5.0857993552057676e-11
691.5,2.787e-10,728.2,2.2832998293191727e-10,5.037001706808271e-11
692.5,2.76e-10,729.6,2.2611795941589223e-10,4.988204058410774e-11
693.5,2.734e-10,731.1,2.2398786269675704e-10,4.9412137303242965e-11
694.5,2.708e-10,732.5,2.218577659776218e-10,4.894223402237818e-11
695.5,2.682e-10,734.0,2.1972766925848662e-10,4.84723307415134e-11
696.5,2.656e-10,735.5,2.1759757253935138e-10,4.800242746064861e-11
697.5,2.63e-10,737.1,2.154674758202162e-10,4.7532524179783835e-11
698.5,2.605e-10,738.7,2.1341930589797076e-10,4.7080694102029226e-11
699.5,2.58e-10,740.2,2.1137113597572535e-10,4.662886402427463e-11
700.5,2.556e-10,741.8,2.0940489285036977e-10,4.619510714963021e-11
701.5,2.531e-10,743.4,2.0735672292812436e-10,4.574327707187562e-11
702.5,2.506e-10,745.1,2.0530855300587898e-10,4.5291446994121015e-11
703.5,2.482e-10,746.7,2.0334230988052337e-10,4.48576901194766e-11
704.5,2.458e-10,748.4,2.0137606675516782e-10,4.442393324483219e-11
705.5,2.434e-10,750.1,1.9940982362981224e-10,4.399017637018778e-11
706.5,2.411e-10,751.8,1.9752550730134649e-10,4.357449269865355e-11
707.5,2.387e-10,753.5,1.9555926417599088e-10,4.314073582400913e-11
708.5,2.364e-10,755.3,1.9367494784752508e-10,4.272505215247489e-11
709.5,2.341e-10,757.0,1.9179063151905932e-10,4.230936848094067e-11
710.5,2.319e-10,758.8,1.8998824198748338e-10,4.191175801251662e-11
711.5,2.297e-10,760.6,1.8818585245590743e-10,4.151414754409257e-11
712.5,2.275e-10,762.4,1.8638346292433148e-10,4.1116537075668525e-11
713.5,2.253e-10,764.2,1.845810733927555e-10,4.071892660724447e-11
714.5,2.232e-10,766.0,1.8286061065806938e-10,4.033938934193061e-11
715.5,2.211e-10,767.8,1.8114014792338324e-10,3.9959852076616747e-11
716.5,2.189e-10,769.7,1.793377583918073e-10,3.95622416081927e-11
717.5,2.168e-10,771.5,1.7761729565712114e-10,3.918270434287884e-11
718.5,2.147e-10,773.3,1.7589683292243502e-10,3.8803167077564975e-11
719.5,2.127e-10,775.2,1.742582969846387e-10,3.84417030153613e-11
720.5,2.107e-10,777.1,1.726197610468424e-10,3.8080238953157616e-11
721.5,2.087e-10,778.9,1.7098122510904605e-10,3.7718774890953934e-11
722.5,2.067e-10,780.8,1.6934268917124973e-10,3.735731082875026e-11
723.5,2.047e-10,782.6,1.6770415323345341e-10,3.699584676654658e-11
724.5,2.028e-10,784.5,1.661475440925469e-10,3.665245590745308e-11
725.5,2.009e-10,786.4,1.645909349516404e-10,3.630906504835959e-11
726.5,1.99e-10,788.3,1.6303432581073392e-10,3.5965674189266094e-11
727.5,1.972e-10,790.1,1.615596434667172e-10,3.564035653328278e-11
728.5,1.953e-10,792.0,1.600030343258107e-10,3.529696567418928e-11
729.5,1.935e-10,793.9,1.5852835198179404e-10,3.497164801820598e-11
730.5,1.917e-10,795.8,1.5705366963777733e-10,3.464633036222266e-11
731.5,1.899e-10,797.7,1.5557898729376067e-10,3.4321012706239356e-11
732.5,1.881e-10,799.6,1.5410430494974396e-10,3.399569505025604e-11
733.5,1.864e-10,801.6,1.5271154940261707e-10,3.368845059738291e-11
734.5,1.846e-10,803.5,1.512368670586004e-10,3.33631329413996e-11
735.5,1.83e-10,805.0,1.4992603830836334e-10,3.307396169163666e-11
736.5,1.814e-10,806.6,1.4861520955812628e-10,3.278479044187371e-11
737.5,1.798e-10,808.1,1.4730438080788923e-10,3.249561919211077e-11
738.5,1.782e-10,809.7,1.4599355205765218e-10,3.220644794234783e-11
739.5,1.767e-10,811.2,1.4476465010430492e-10,3.193534989569507e-11
740.5,1.752e-10,812.7,1.435357481509577e-10,3.1664251849042307e-11
741.5,1.737e-10,814.2,1.4230684619761045e-10,3.139315380238955e-11
742.5,1.722e-10,815.7,1.4107794424426322e-10,3.112205575573679e-11
743.5,1.707e-10,817.2,1.3984904229091597e-10,3.085095770908403e-11
744.5,1.693e-10,818.7,1.3870206713445855e-10,3.0597932865541454e-11
745.5,1.678e-10,820.2,1.374731651811113e-10,3.03268348188887e-11
746.5,1.664e-10,821.6,1.3632619002465388e-10,3.0073809975346116e-11
747.5,1.65e-10,823.1,1.3517921486819646e-10,2.982078513180354e-11
748.5,1.636e-10,824.5,1.3403223971173904e-10,2.956776028826097e-11
749.5,1.622e-10,825.9,1.3288526455528161e-10,2.931473544471839e-11
750.5,1.608e-10,827.3,1.317382893988242e-10,2.9061710601175818e-11
751.5,1.595e-10,828.7,1.3067324103925657e-10,2.8826758960743425e-11
752.5,1.582e-10,830.1,1.2960819267968898e-10,2.8591807320311037e-11
753.5,1.569e-10,831.4,1.2854314432012136e-10,2.835685567987864e-11
754.5,1.556e-10,832.8,1.2747809596055377e-10,2.8121904039446252e-11
755.5,1.543e-10,834.1,1.2641304760098615e-10,2.788695239901386e-11
756.5,1.531e-10,835.4,1.2542992603830833e-10,2.767007396169165e-11
757.5,1.518e-10,836.7,1.2436487767874074e-10,2.7435122321259262e-11
758.5,1.506e-10,838.1,1.2338175611606295e-10,2.7218243883937052e-11
759.5,1.494e-10,839.4,1.2239863455338516e-10,2.7001365446614846e-11
760.5,1.482e-10,840.6,1.2141551299070734e-10,2.6784487009292636e-11
761.5,1.47e-10,841.9,1.2043239142802958e-10,2.6567608571970433e-11
762.5,1.458e-10,843.1,1.194492698653518e-10,2.6350730134648224e-11
763.5,1.446e-10,844.4,1.1846614830267397e-10,2.6133851697326014e-11
764.5,1.434e-10,845.6,1.1748302673999618e-10,2.5916973260003805e-11
765.5,1.423e-10,846.8,1.165818319742082e-10,2.571816802579178e-11
766.5,1.412e-10,847.9,1.1568063720842023e-10,2.5519362791579757e-11
767.5,1.401e-10,849.1,1.1477944244263227e-10,2.532055755736774e-11
768.5,1.39e-10,850.3,1.138782476768443e-10,2.5121752323155716e-11
769.5,1.379e-10,851.4,1.1297705291105632e-10,2.4922947088943692e-11
770.5,1.368e-10,852.5,1.1207585814526834e-10,2.4724141854731668e-11
771.5,1.358e-10,853.6,1.1125659017637018e-10,2.4543409823629827e-11
772.5,1.347e-10,854.6,1.103553954105822e-10,2.4344604589417803e-11
773.5,1.336e-10,855.7,1.0945420064479423e-10,2.414579935520578e-11
774.5,1.326e-10,856.8,1.0863493267589607e-10,2.396506732410394e-11
775.5,1.316e-10,857.8,1.0781566470699789e-10,2.3784335293002097e-11
776.5,1.306e-10,858.8,1.0699639673809973e-10,2.360360326190026e-11
777.5,1.297e-10,859.8,1.062590555660914e-10,2.3440944433908606e-11
778.5,1.287e-10,860.8,1.0543978759719324e-10,2.3260212402806765e-11
779.5,1.277e-10,861.8,1.0462051962829508e-10,2.3079480371704927e-11
780.5,1.268e-10,862.7,1.0388317845628673e-10,2.2916821543713268e-11
781.5,1.258e-10,863.6,1.0306391048738857e-10,2.273608951261143e-11
782.5,1.249e-10,864.5,1.0232656931538023e-10,2.2573430684619774e-11
783.5,1.24e-10,865.4,1.015892281433719e-10,2.241077185662812e-11
784.5,1.23e-10,866.3,1.0076996017447371e-10,2.2230039825526277e-11
785.5,1.222e-10,867.1,1.001145457993552e-10,2.2085454200644808e-11
786.5,1.213e-10,868.0,9.937720462734685e-11,2.1922795372653152e-11
787.5,1.204e-10,868.8,9.86398634553385e-11,2.1760136544661493e-11
788.5,1.195e-10,869.6,9.790252228333016e-11,2.159747771666984e-11
789.5,1.187e-10,870.4,9.724710790821162e-11,2.1452892091788365e-11
790.5,1.178e-10,871.1,9.650976673620329e-11,2.1290233263796712e-11
791.5,1.169e-10,871.9,9.577242556419494e-11,2.1127574435805057e-11
792.5,1.161e-10,872.6,9.511701118907642e-11,2.0982988810923587e-11
793.5,1.152e-10,873.3,9.437967001706808e-11,2.0820329982931928e-11
794.5,1.144e-10,874.0,9.372425564194955e-11,2.0675744358050458e-11
795.5,1.136e-10,874.6,9.306884126683101e-11,2.0531158733168985e-11
796.5,1.128e-10,875.2,9.241342689171248e-11,2.0386573108287516e-11
797.5,1.121e-10,875.8,9.183993931348378e-11,2.0260060686516228e-11
798.5,1.113e-10,876.3,9.118452493836524e-11,2.0115475061634755e-11
799.5,1.105e-10,876.9,9.052911056324672e-11,1.9970889436753285e-11
800.5,1.098e-10,877.4,8.995562298501801e-11,1.9844377014981995e-11
801.5,1.09e-10,877.9,8.930020860989948e-11,1.9699791390100522e-11
802.5,1.082e-10,878.4,8.864479423478095e-11,1.9555205765219052e-11
803.5,1.075e-10,878.9,8.807130665655224e-11,1.9428693343447765e-11
804.5,1.068e-10,879.3,8.749781907832352e-11,1.9302180921676474e-11
805.5,1.061e-10,879.8,8.692433150009481e-11,1.9175668499905187e-11
806.5,1.054e-10,880.2,8.635084392186611e-11,1.9049156078133903e-11
807.5,1.047e-10,880.7,8.577735634363739e-11,1.8922643656362612e-11
808.5,1.04e-10,881.1,8.520386876540867e-11,1.8796131234591325e-11
809.5,1.033e-10,881.5,8.463038118717996e-11,1.8669618812820038e-11
810.5,1.026e-10,881.8,8.405689360895125e-11,1.854310639104875e-11
811.5,1.019e-10,882.2,8.348340603072254e-11,1.8416593969277463e-11
812.5,1.012e-10,882.5,8.290991845249382e-11,1.8290081547506172e-11
813.5,1.005e-10,882.8,8.233643087426512e-11,1.8163569125734885e-11
814.5,9.985e-11,883.2,8.180390669448131e-11,1.804609330551869e-11
815.5,9.921e-11,883.4,8.127957519438648e-11,1.7930424805613512e-11
816.5,9.858e-11,883.6,8.076343637398064e-11,1.7816563626019354e-11
817.5,9.795e-11,883.9,8.02472975535748e-11,1.7702702446425195e-11
818.5,9.732e-11,884.1,7.973115873316897e-11,1.7588841266831037e-11
819.5,9.67e-11,884.3,7.92232125924521e-11,1.7476787407547895e-11
820.5,9.608e-11,884.5,7.871526645173524e-11,1.7364733548264755e-11
821.5,9.547e-11,884.6,7.821551299070737e-11,1.7254487009292632e-11
822.5,9.486e-11,884.7,7.771575952967949e-11,1.714424047032051e-11
823.5,9.426e-11,884.9,7.722419874834059e-11,1.7035801251659406e-11
824.5,9.365e-11,885.0,7.672444528731272e-11,1.6925554712687283e-11
825.5,9.307e-11,885.1,7.624926986535177e-11,1.6820730134648216e-11
826.5,9.248e-11,885.2,7.576590176370187e-11,1.6714098236298133e-11
827.5,9.19e-11,885.3,7.529072634174093e-11,1.6609273658259066e-11
828.5,9.132e-11,885.4,7.481555091978e-11,1.650444908022e-11
829.5,9.074e-11,885.5,7.434037549781907e-11,1.6399624502180932e-11
830.5,9.018e-11,885.5,7.388158543523611e-11,1.6298414564763903e-11
831.5,8.961e-11,885.5,7.341460269296415e-11,1.619539730703585e-11
832.5,8.906e-11,885.5,7.296400531007016e-11,1.609599468992984e-11
833.5,8.85e-11,885.5,7.250521524748719e-11,1.5994784752512812e-11
834.5,8.795e-11,885.5,7.20546178645932e-11,1.58953821354068e-11
835.5,8.741e-11,885.5,7.161221316138819e-11,1.5797786838611804e-11
836.5,8.687e-11,885.4,7.116980845818319e-11,1.5700191541816813e-11
837.5,8.634e-11,885.4,7.073559643466716e-11,1.5604403565332837e-11
838.5,8.581e-11,885.3,7.030138441115113e-11,1.550861558884886e-11
839.5,8.529e-11,885.3,6.987536506732409e-11,1.5414634932675904e-11
840.5,8.477e-11,885.2,6.944934572349704e-11,1.5320654276502947e-11
841.5,8.425e-11,885.1,6.902332637967001e-11,1.5226673620329994e-11
842.5,8.374e-11,885.0,6.860549971553195e-11,1.5134500284468053e-11
843.5,8.323e-11,884.8,6.818767305139389e-11,1.5042326948606115e-11
844.5,8.273e-11,884.7,6.77780390669448e-11,1.4951960933055196e-11
845.5,8.223e-11,884.6,6.736840508249572e-11,1.4861594917504273e-11
846.5,8.173e-11,884.4,6.695877109804664e-11,1.4771228901953354e-11
847.5,8.124e-11,884.2,6.655732979328654e-11,1.4682670206713454e-11
848.5,8.075e-11,884.0,6.615588848852646e-11,1.4594111511473554e-11
849.5,8.027e-11,883.9,6.576263986345533e-11,1.450736013654467e-11
850.5,7.979e-11,883.7,6.536939123838422e-11,1.4420608761615787e-11
851.5,7.931e-11,883.4,6.497614261331309e-11,1.4333857386686902e-11
852.5,7.884e-11,883.2,6.459108666793096e-11,1.4248913332069038e-11
853.5,7.837e-11,883.0,6.420603072254882e-11,1.4163969277451174e-11
854.5,7.79e-11,882.8,6.382097477716669e-11,1.4079025222833309e-11
855.5,7.744e-11,882.6,6.344411151147354e-11,1.3995888488526465e-11
856.5,7.698e-11,882.3,6.306724824578038e-11,1.3912751754219617e-11
857.5,7.652e-11,882.1,6.269038498008723e-11,1.382961501991277e-11
858.5,7.607e-11,881.8,6.232171439408305e-11,1.3748285605916944e-11
859.5,7.562e-11,881.6,6.195304380807889e-11,1.3666956191921116e-11
860.5,7.517e-11,881.3,6.158437322207471e-11,1.3585626777925287e-11
861.5,7.473e-11,881.0,6.122389531575952e-11,1.3506104684240478e-11
862.5,7.428e-11,880.7,6.085522472975535e-11,1.342477527024465e-11
863.5,7.385e-11,880.4,6.050293950312914e-11,1.3347060496870859e-11
864.5,7.341e-11,880.1,6.014246159681394e-11,1.3267538403186048e-11
865.5,7.298e-11,879.8,5.979017637018774e-11,1.318982362981226e-11
866.5,7.255e-11,879.5,5.943789114356153e-11,1.3112108856438467e-11
867.5,7.212e-11,879.2,5.908560591693533e-11,1.3034394083064678e-11
868.5,7.169e-11,879.0,5.873332069030911e-11,1.2956679309690885e-11
869.5,7.127e-11,878.7,5.838922814337189e-11,1.2880771856628114e-11
870.5,7.085e-11,878.4,5.804513559643466e-11,1.2804864403565341e-11
871.5,7.044e-11,878.0,5.770923572918642e-11,1.2730764270813587e-11
872.5,7.002e-11,877.7,5.736514318224918e-11,1.2654856817750812e-11
873.5,6.961e-11,877.4,5.702924331500095e-11,1.258075668499906e-11
874.5,6.92e-11,877.1,5.66933434477527e-11,1.2506656552247306e-11
875.5,6.88e-11,876.7,5.636563626019343e-11,1.2434363739806569e-11
876.5,6.839e-11,876.4,5.602973639294518e-11,1.2360263607054814e-11
877.5,6.799e-11,876.0,5.570202920538592e-11,1.2287970794614079e-11
878.5,6.759e-11,875.7,5.537432201782665e-11,1.2215677982173342e-11
879.5,6.72e-11,875.3,5.505480750995637e-11,1.2145192490043625e-11
880.5,6.68e-11,875.0,5.4727100322397115e-11,1.207289967760289e-11
881.5,6.641e-11,874.7,5.4407585814526834e-11,1.2002414185473174e-11
882.5,6.602e-11,874.4,5.408807130665654e-11,1.1931928693343454e-11
883.5,6.563e-11,874.0,5.376855679878626e-11,1.1861443201213737e-11
884.5,6.524e-11,873.7,5.344904229091598e-11,1.1790957709084019e-11
885.5,6.485e-11,873.4,5.31295277830457e-11,1.1720472216954303e-11
886.5,6.447e-11,873.1,5.2818205954864395e-11,1.1651794045135603e-11
887.5,6.409e-11,872.8,5.250688412668309e-11,1.1583115873316902e-11
888.5,6.371e-11,872.5,5.21955622985018e-11,1.1514437701498205e-11
889.5,6.334e-11,872.1,5.189243315000947e-11,1.1447566849990524e-11
890.5,6.297e-11,871.8,5.158930400151716e-11,1.1380695998482844e-11
891.5,6.259e-11,871.5,5.1277982173335854e-11,1.1312017826664145e-11
892.5,6.222e-11,871.2,5.097485302484354e-11,1.1245146975156465e-11
893.5,6.184e-11,871.0,5.0663531196662235e-11,1.1176468803337765e-11
894.5,6.147e-11,870.7,5.0360402048169914e-11,1.1109597951830084e-11
895.5,6.11e-11,870.4,5.00572728996776e-11,1.1042727100322404e-11
896.5,6.074e-11,870.1,4.976233643087426e-11,1.0977663569125741e-11
897.5,6.038e-11,869.9,4.946739996207092e-11,1.0912600037929079e-11
898.5,6.002e-11,869.6,4.9172463493267584e-11,1.0847536506732418e-11
899.5,5.966e-11,869.3,4.887752702446425e-11,1.0782472975535755e-11
900.5,5.931e-11,869.0,4.859078323534989e-11,1.071921676465011e-11
901.5,5.895e-11,868.7,4.829584676654655e-11,1.0654153233453449e-11
902.5,5.86e-11,868.5,4.8009102977432196e-11,1.0590897022567804e-11
903.5,5.824e-11,868.2,4.771416650862886e-11,1.0525833491371141e-11
904.5,5.789e-11,868.0,4.74274227195145e-11,1.0462577280485498e-11
905.5,5.754e-11,867.7,4.714067893040015e-11,1.0399321069599854e-11
906.5,5.72e-11,867.5,4.6862127820974774e-11,1.0337872179025229e-11
907.5,5.685e-11,867.3,4.657538403186042e-11,1.0274615968139586e-11
908.5,5.65e-11,867.1,4.628864024274606e-11,1.021135975725394e-11
909.5,5.616e-11,866.9,4.6010089133320684e-11,1.0149910866679316e-11
910.5,5.582e-11,866.7,4.573153802389531e-11,1.008846197610469e-11
911.5,5.548e-11,866.5,4.545298691446993e-11,1.0027013085530064e-11
912.5,5.514e-11,866.3,4.5174435805044567e-11,9.96556419495544e-12
913.5,5.48e-11,866.2,4.489588469561919e-11,9.904115304380813e-12
914.5,5.446e-11,866.1,4.461733358619381e-11,9.842666413806189e-12
915.5,5.413e-11,865.9,4.434697515645742e-11,9.783024843542581e-12
916.5,5.38e-11,865.8,4.407661672672102e-11,9.723383273278974e-12
917.5,5.346e-11,865.7,4.3798065617295656e-11,9.661934382704349e-12
918.5,5.313e-11,865.5,4.352770718755926e-11,9.602292812440741e-12
919.5,5.281e-11,865.4,4.326554143751185e-11,9.544458562488153e-12
920.5,5.248e-11,865.3,4.299518300777546e-11,9.484816992224545e-12
921.5,5.216e-11,865.2,4.2733017257728044e-11,9.426982742271957e-12
922.5,5.183e-11,865.1,4.246265882799165e-11,9.36734117200835e-12
923.5,5.151e-11,865.1,4.2200493077944234e-11,9.30950692205576e-12
924.5,5.118e-11,865.1,4.1930134648207845e-11,9.249865351792153e-12
925.5,5.086e-11,865.0,4.166796889816043e-11,9.192031101839565e-12
926.5,5.054e-11,865.0,4.1405803148113025e-11,9.134196851886976e-12
927.5,5.022e-11,865.0,4.114363739806561e-11,9.076362601934388e-12
928.5,4.991e-11,865.0,4.088966432770718e-11,9.020335672292818e-12
929.5,4.959e-11,865.1,4.0627498577659774e-11,8.96250142234023e-12
930.5,4.928e-11,865.1,4.037352550730134e-11,8.906474492698658e-12
931.5,4.896e-11,865.1,4.011135975725393e-11,8.84864024274607e-12
932.5,4.865e-11,865.2,3.98573866868955e-11,8.7926133131045e-12
933.5,4.834e-11,865.3,3.960341361653707e-11,8.736586383462928e-12
934.5,4.803e-11,865.3,3.934944054617864e-11,8.680559453821359e-12
935.5,4.772e-11,865.4,3.909546747582021e-11,8.624532524179789e-12
936.5,4.742e-11,865.5,3.884968708515077e-11,8.570312914849237e-12
937.5,4.711e-11,865.6,3.859571401479233e-11,8.514285985207667e-12
938.5,4.681e-11,865.8,3.834993362412288e-11,8.460066375877115e-12
939.5,4.65e-11,866.0,3.809596055376446e-11,8.404039446235545e-12
940.5,4.62e-11,866.2,3.7850180163095005e-11,8.349819836904993e-12
941.5,4.589e-11,866.4,3.759620709273658e-11,8.293792907263423e-12
942.5,4.559e-11,866.6,3.7350426702067134e-11,8.23957329793287e-12
943.5,4.529e-11,866.8,3.710464631139768e-11,8.185353688602318e-12
944.5,4.5e-11,867.0,3.6867058600417215e-11,8.132941399582785e-12
945.5,4.47e-11,867.3,3.662127820974777e-11,8.078721790252232e-12
946.5,4.441e-11,867.5,3.6383690498767296e-11,8.026309501232699e-12
947.5,4.412e-11,867.7,3.614610278778683e-11,7.973897212213165e-12
948.5,4.383e-11,867.9,3.590851507680637e-11,7.921484923193632e-12
949.5,4.354e-11,868.3,3.56709273658259e-11,7.869072634174098e-12
950.5,4.325e-11,868.6,3.543333965484543e-11,7.816660345154565e-12
951.5,4.296e-11,869.0,3.5195751943864967e-11,7.764248056135031e-12
952.5,4.267e-11,869.3,3.49581642328845e-11,7.711835767115498e-12
953.5,4.239e-11,869.7,3.472876920159302e-11,7.661230798406983e-12
954.5,4.211e-11,870.1,3.449937417030153e-11,7.610625829698467e-12
955.5,4.183e-11,870.4,3.4269979139010044e-11,7.560020860989952e-12
956.5,4.154e-11,870.8,3.403239142802958e-11,7.507608571970419e-12
957.5,4.127e-11,871.2,3.3811189076427074e-11,7.458810923572922e-12
958.5,4.099e-11,871.6,3.358179404513559e-11,7.408205954864407e-12
959.5,4.071e-11,872.0,3.335239901384411e-11,7.357600986155892e-12
960.5,4.044e-11,872.5,3.3131196662241605e-11,7.308803337758395e-12
961.5,4.016e-11,873.0,3.2901801630950116e-11,7.258198369049881e-12
962.5,3.988e-11,873.5,3.2672406599658635e-11,7.207593400341366e-12
963.5,3.961e-11,874.0,3.245120424805613e-11,7.158795751943869e-12
964.5,3.934e-11,874.5,3.223000189645363e-11,7.109998103546373e-12
965.5,3.907e-11,875.0,3.2008799544851125e-11,7.0612004551488755e-12
966.5,3.88e-11,875.6,3.178759719324862e-11,7.012402806751378e-12
967.5,3.854e-11,876.1,3.15745875213351e-11,6.9654124786649e-12
968.5,3.827e-11,876.7,3.13533851697326e-11,6.916614830267404e-12
969.5,3.801e-11,877.2,3.1140375497819076e-11,6.869624502180926e-12
970.5,3.775e-11,877.8,3.0927365825905553e-11,6.822634174094447e-12
971.5,3.749e-11,878.5,3.071435615399203e-11,6.775643846007969e-12
972.5,3.723e-11,879.1,3.050134648207851e-11,6.72865351792149e-12
973.5,3.698e-11,879.7,3.029652948985397e-11,6.68347051014603e-12
974.5,3.672e-11,880.4,3.0083519817940446e-11,6.636480182059552e-12
975.5,3.647e-11,881.0,2.9878702825715907e-11,6.591297174284092e-12
976.5,3.622e-11,881.7,2.967388583349137e-11,6.546114166508633e-12
977.5,3.597e-11,882.3,2.946906884126683e-11,6.500931158733172e-12
978.5,3.572e-11,883.0,2.926425184904229e-11,6.455748150957713e-12
979.5,3.547e-11,883.6,2.9059434856817748e-11,6.410565143182253e-12
980.5,3.523e-11,884.3,2.8862810544282188e-11,6.367189455717811e-12
981.5,3.498e-11,884.9,2.865799355205765e-11,6.3220064479423515e-12
982.5,3.474e-11,885.6,2.8461369239522092e-11,6.27863076047791e-12
983.5,3.45e-11,886.3,2.826474492698653e-11,6.235255073013468e-12
984.5,3.426e-11,887.0,2.8068120614450972e-11,6.191879385549027e-12
985.5,3.403e-11,887.6,2.7879688981604395e-11,6.150311018395603e-12
986.5,3.379e-11,888.3,2.7683064669068838e-11,6.1069353309311624e-12
987.5,3.356e-11,888.9,2.749463303622226e-11,6.065366963777739e-12
988.5,3.333e-11,889.6,2.7306201403375687e-11,6.0237985966243166e-12
989.5,3.311e-11,890.2,2.712596245021809e-11,5.984037549781911e-12
990.5,3.288e-11,890.8,2.6937530817371512e-11,5.942469182628488e-12
991.5,3.266e-11,891.5,2.6757291864213918e-11,5.9027081357860835e-12
992.5,3.243e-11,892.2,2.6568860231367338e-11,5.86113976863266e-12
993.5,3.221e-11,892.8,2.6388621278209744e-11,5.821378721790255e-12
994.5,3.199e-11,893.5,2.6208382325052146e-11,5.7816176749478505e-12
995.5,3.177e-11,894.2,2.6028143371894552e-11,5.741856628105445e-12
996.5,3.155e-11,894.9,2.5847904418736955e-11,5.702095581263041e-12
997.5,3.134e-11,895.5,2.5675858145268343e-11,5.6641418547316544e-12
998.5,3.113e-11,896.1,2.5503811871799732e-11,5.626188128200269e-12
999.5,3.092e-11,896.6,2.5331765598331117e-11,5.5882344016688826e-12
