Altitude (km),Total (kg/m3),Neutral Temp. (K),H2 (kg/m3),He (kg/m3)
0.5,0.1678,165.0,0.15102000000000002,0.01678
1.5,0.1633,162.9,0.14697000000000002,0.01633
2.5,0.1589,160.8,0.14301000000000003,0.01589
3.5,0.1545,158.7,0.13905,0.01545
4.5,0.1502,156.6,0.13518,0.01502
5.5,0.146,154.4,0.1314,0.0146
6.5,0.1418,152.3,0.12762,0.014180000000000002
7.5,0.1377,150.2,0.12393,0.01377
8.5,0.1336,148.1,0.12024,0.01336
9.5,0.1296,145.9,0.11664,0.01296
10.5,0.1256,144.0,0.11303999999999999,0.01256
11.5,0.1214,142.2,0.10926,0.01214
12.5,0.1174,140.4,0.10566,0.01174
13.5,0.1134,138.7,0.10206,0.011340000000000001
14.5,0.1097,136.8,0.09873000000000001,0.01097
15.5,0.106,134.8,0.0954,0.0106
16.5,0.1023,132.9,0.09207,0.010230000000000001
17.5,0.09872,131.1,0.08884800000000001,0.009872
18.5,0.0949,129.7,0.08541,0.00949
19.5,0.09155,128.1,0.08239500000000001,0.009155000000000002
20.5,0.08825,126.6,0.079425,0.008825
21.5,0.08509,125.2,0.076581,0.008509000000000001
22.5,0.08205,123.7,0.073845,0.008205
23.5,0.07913,122.2,0.071217,0.007913000000000002
24.5,0.07624,120.4,0.06861600000000001,0.007624000000000001
25.5,0.07256,119.9,0.065304,0.007256
26.5,0.07079,116.4,0.063711,0.007079000000000001
27.5,0.06895,113.0,0.062055,0.006895
28.5,0.06702,109.8,0.060318,0.006702
29.5,0.06268,110.8,0.056412000000000004,0.006268
30.5,0.05911,110.8,0.053199,0.0059110000000000005
31.5,0.05476,112.9,0.049284,0.005476000000000001
32.5,0.05199,112.3,0.046791,0.0051990000000000005
33.5,0.05034,109.4,0.045306000000000006,0.005034
34.5,0.04802,108.2,0.043218,0.004802000000000001
35.5,0.04508,108.7,0.040572000000000004,0.004508000000000001
36.5,0.04165,110.9,0.037485,0.004165
37.5,0.03784,115.1,0.034056,0.003784
38.5,0.03541,116.1,0.031869,0.003541
39.5,0.03404,114.1,0.030636,0.0034040000000000003
40.5,0.03273,112.0,0.029457000000000004,0.0032730000000000003
41.5,0.03023,114.6,0.027207000000000002,0.003023
42.5,0.02859,114.5,0.025731,0.0028590000000000004
43.5,0.02763,111.8,0.024867,0.002763
44.5,0.02491,117.2,0.022419,0.002491
45.5,0.02473,111.5,0.022257,0.002473
46.5,0.02302,113.2,0.020718,0.002302
47.5,0.0218,113.0,0.019620000000000002,0.00218
48.5,0.02065,112.8,0.018585,0.0020650000000000004
49.5,0.0193,114.0,0.01737,0.0019300000000000003
50.5,0.01817,114.4,0.016353,0.001817
51.5,0.01744,112.6,0.015696,0.001744
52.5,0.01628,113.9,0.014652,0.001628
53.5,0.01537,114.0,0.013833,0.0015370000000000002
54.5,0.01489,111.1,0.013401000000000001,0.001489
55.5,0.01402,111.4,0.012617999999999999,0.001402
56.5,0.01318,111.8,0.011862000000000001,0.0013180000000000002
57.5,0.0121,115.0,0.01089,0.0012100000000000001
58.5,0.0112,117.7,0.01008,0.0011200000000000001
59.5,0.01029,121.3,0.009261,0.0010290000000000002
60.5,0.009602,123.3,0.0086418,0.0009602
61.5,0.008991,125.0,0.0080919,0.0008991000000000001
62.5,0.008408,127.0,0.0075672000000000005,0.0008408000000000001
63.5,0.007897,128.5,0.0071072999999999996,0.0007897
64.5,0.007635,126.4,0.0068715,0.0007635000000000001
65.5,0.007264,126.2,0.0065376,0.0007264
66.5,0.006892,126.4,0.0062028,0.0006892000000000001
67.5,0.006399,129.5,0.0057591000000000005,0.0006399000000000001
68.5,0.006019,131.0,0.0054171,0.0006019
69.5,0.005593,134.2,0.0050337,0.0005593
70.5,0.005345,133.9,0.0048105,0.0005345
71.5,0.005118,133.2,0.0046062,0.0005118000000000001
72.5,0.0049,132.6,0.00441,0.00049
73.5,0.004668,132.6,0.0042012,0.00046680000000000007
74.5,0.00444,132.8,0.003996,0.00044400000000000006
75.5,0.004219,133.1,0.0037971,0.0004219
76.5,0.003924,136.4,0.0035316000000000006,0.00039240000000000005
77.5,0.003662,139.5,0.0032957999999999998,0.0003662
78.5,0.003467,140.7,0.0031203,0.0003467
79.5,0.003263,142.8,0.0029367,0.0003263
80.5,0.003068,145.2,0.0027612,0.00030680000000000003
81.5,0.002888,147.6,0.0025992,0.0002888
82.5,0.002741,149.0,0.0024669,0.0002741
83.5,0.00258,151.6,0.002322,0.000258
84.5,0.002449,153.1,0.0022041,0.0002449
85.5,0.002332,154.1,0.0020988,0.0002332
86.5,0.002221,155.3,0.0019989,0.0002221
87.5,0.002113,156.6,0.0019016999999999999,0.00021129999999999999
88.5,0.002017,157.5,0.0018153000000000002,0.00020170000000000002
89.5,0.001929,158.1,0.0017361,0.0001929
90.5,0.001846,158.5,0.0016614,0.00018460000000000001
91.5,0.001764,159.3,0.0015876,0.0001764
92.5,0.001689,159.8,0.0015201,0.0001689
93.5,0.00162,160.0,0.0014579999999999999,0.000162
94.5,0.001553,160.3,0.0013977,0.0001553
95.5,0.001489,160.6,0.0013401,0.00014890000000000001
96.5,0.001435,160.1,0.0012915000000000001,0.00014350000000000002
97.5,0.001383,159.6,0.0012446999999999998,0.0001383
98.5,0.001333,159.1,0.0011997,0.00013330000000000001
99.5,0.001284,158.5,0.0011556000000000001,0.0001284
100.5,0.001241,157.4,0.0011168999999999999,0.0001241
101.5,0.0012,156.4,0.00108,0.00011999999999999999
102.5,0.001159,155.2,0.0010431000000000001,0.00011590000000000001
103.5,0.001121,154.1,0.0010089,0.00011210000000000001
104.5,0.00108,153.4,0.000972,0.00010800000000000001
105.5,0.001039,152.9,0.0009351,0.0001039
106.5,0.0009972,152.6,0.00089748,9.972e-5
107.5,0.0009541,152.9,0.0008586900000000001,9.541000000000001e-5
108.5,0.0009128,153.2,0.00082152,9.128000000000001e-5
109.5,0.0008769,152.9,0.00078921,8.769000000000001e-5
110.5,0.0008429,152.5,0.0007586100000000001,8.429000000000001e-5
111.5,0.0008108,151.9,0.00072972,8.108e-5
112.5,0.0007809,151.2,0.00070281,7.809e-5
113.5,0.0007521,150.4,0.00067689,7.521e-5
114.5,0.0007217,150.2,0.00064953,7.217000000000001e-5
115.5,0.0006915,150.1,0.0006223499999999999,6.915e-5
116.5,0.0006626,150.1,0.00059634,6.625999999999999e-5
117.5,0.0006352,150.0,0.0005716800000000001,6.352e-5
118.5,0.000609,149.9,0.0005480999999999999,6.0899999999999996e-5
119.5,0.0005836,149.8,0.00052524,5.8360000000000004e-5
120.5,0.0005584,150.0,0.00050256,5.584000000000001e-5
121.5,0.0005343,150.2,0.00048087000000000005,5.343000000000001e-5
122.5,0.0005105,150.6,0.00045945000000000003,5.105e-5
123.5,0.0004861,151.6,0.00043749,4.8610000000000004e-5
124.5,0.0004628,152.6,0.00041652,4.628e-5
125.5,0.000441,153.5,0.0003969,4.41e-5
126.5,0.0004208,154.3,0.00037872,4.2080000000000004e-5
127.5,0.0004016,155.0,0.00036144000000000004,4.016e-5
128.5,0.0003837,155.6,0.00034533000000000003,3.837e-5
129.5,0.0003677,155.8,0.00033093,3.677e-5
130.5,0.0003524,156.0,0.00031716000000000003,3.524e-5
131.5,0.0003377,156.2,0.00030393000000000005,3.3770000000000004e-5
132.5,0.0003235,156.6,0.00029115,3.235e-5
133.5,0.0003098,156.9,0.00027882,3.098e-5
134.5,0.0002967,157.3,0.00026703,2.9670000000000002e-5
135.5,0.0002846,157.4,0.00025613999999999997,2.846e-5
136.5,0.000273,157.4,0.0002457,2.7300000000000003e-5
137.5,0.0002619,157.5,0.00023571000000000003,2.6190000000000005e-5
138.5,0.0002497,158.6,0.00022473,2.497e-5
139.5,0.0002375,160.3,0.00021375,2.375e-5
140.5,0.0002259,161.9,0.00020331,2.259e-5
141.5,0.0002155,163.0,0.00019395,2.1550000000000002e-5
142.5,0.0002065,163.6,0.00018585000000000002,2.065e-5
143.5,0.0001979,164.1,0.00017811000000000001,1.9790000000000002e-5
144.5,0.0001897,164.6,0.00017073000000000001,1.8970000000000003e-5
145.5,0.0001822,164.9,0.00016398,1.8220000000000002e-5
146.5,0.0001749,165.1,0.00015741,1.749e-5
147.5,0.000168,165.3,0.0001512,1.68e-5
148.5,0.000161,165.9,0.00014490000000000003,1.6100000000000002e-5
149.5,0.0001542,166.7,0.00013878000000000002,1.542e-5
150.5,0.0001476,167.5,0.00013284,1.4760000000000001e-5
151.5,0.0001416,168.1,0.00012744,1.416e-5
152.5,0.0001361,168.3,0.00012249,1.361e-5
153.5,0.0001309,168.5,0.00011781000000000001,1.3090000000000002e-5
154.5,0.0001258,168.7,0.00011322,1.258e-5
155.5,0.0001211,168.7,0.00010899,1.2110000000000001e-5
156.5,0.0001166,168.8,0.00010494000000000001,1.166e-5
157.5,0.0001122,168.8,0.00010098,1.1220000000000001e-5
158.5,0.000108,168.7,9.72e-5,1.08e-5
159.5,0.0001041,168.6,9.368999999999999e-5,1.041e-5
160.5,0.0001003,168.5,9.027e-5,1.003e-5
161.5,9.658e-5,168.3,8.6922e-5,9.658000000000001e-6
162.5,9.279e-5,168.6,8.3511e-5,9.279e-6
163.5,8.911e-5,169.0,8.019900000000001e-5,8.911000000000002e-6
164.5,8.557e-5,169.4,7.7013e-5,8.557e-6
165.5,8.245e-5,169.2,7.4205e-5,8.245e-6
166.5,7.995e-5,168.0,7.195500000000001e-5,7.995e-6
167.5,7.753e-5,166.7,6.9777e-5,7.753e-6
168.5,7.519e-5,165.4,6.767100000000001e-5,7.519e-6
169.5,7.27e-5,164.5,6.543e-5,7.270000000000001e-6
170.5,7.023e-5,163.7,6.320699999999999e-5,7.023e-6
171.5,6.786e-5,162.9,6.1074e-5,6.786000000000001e-6
172.5,6.557e-5,162.1,5.9013e-5,6.557e-6
173.5,6.34e-5,161.0,5.706e-5,6.34e-6
174.5,6.13e-5,160.0,5.517e-5,6.130000000000001e-6
175.5,5.927e-5,159.0,5.3343e-5,5.927e-6
176.5,5.714e-5,158.4,5.1426e-5,5.714e-6
177.5,5.497e-5,158.1,4.9473e-5,5.497e-6
178.5,5.289e-5,157.7,4.7601e-5,5.289e-6
179.5,5.089e-5,157.4,4.5801000000000004e-5,5.089000000000001e-6
180.5,4.873e-5,157.8,4.3857000000000004e-5,4.873000000000001e-6
181.5,4.665e-5,158.3,4.1985000000000005e-5,4.665e-6
182.5,4.466e-5,158.7,4.0194e-5,4.466e-6
183.5,4.284e-5,158.9,3.8556e-5,4.284000000000001e-6
184.5,4.124e-5,158.4,3.7116e-5,4.124e-6
185.5,3.97e-5,158.0,3.5730000000000005e-5,3.97e-6
186.5,3.821e-5,157.6,3.4389000000000006e-5,3.821e-6
187.5,3.655e-5,158.3,3.2895e-5,3.655e-6
188.5,3.486e-5,159.3,3.1374e-5,3.486e-6
189.5,3.325e-5,160.4,2.9925000000000002e-5,3.3250000000000004e-6
190.5,3.173e-5,161.5,2.8557000000000005e-5,3.1730000000000004e-6
191.5,3.064e-5,160.7,2.7575999999999998e-5,3.064e-6
192.5,2.959e-5,159.9,2.6631e-5,2.959e-6
193.5,2.857e-5,159.0,2.5713e-5,2.857e-6
194.5,2.754e-5,158.5,2.4786e-5,2.7540000000000002e-6
195.5,2.643e-5,158.6,2.3787e-5,2.643e-6
196.5,2.537e-5,158.6,2.2833e-5,2.537e-6
197.5,2.436e-5,158.7,2.1924000000000002e-5,2.436e-6
198.5,2.341e-5,158.5,2.1069e-5,2.341e-6
199.5,2.253e-5,158.2,2.0277e-5,2.253e-6
200.5,2.168e-5,157.9,1.9512e-5,2.168e-6
201.5,2.086e-5,157.5,1.8774e-5,2.086e-6
202.5,2.0e-5,157.8,1.8e-5,2.0000000000000003e-6
203.5,1.916e-5,158.1,1.7244e-5,1.916e-6
204.5,1.836e-5,158.4,1.6524e-5,1.836e-6
205.5,1.759e-5,158.6,1.5831e-5,1.759e-6
206.5,1.687e-5,158.9,1.5183e-5,1.6870000000000001e-6
207.5,1.618e-5,159.1,1.4562e-5,1.6180000000000002e-6
208.5,1.552e-5,159.4,1.3968e-5,1.5520000000000001e-6
209.5,1.491e-5,159.3,1.3419e-5,1.491e-6
210.5,1.436e-5,158.9,1.2924e-5,1.436e-6
211.5,1.383e-5,158.5,1.2447e-5,1.3830000000000001e-6
212.5,1.332e-5,158.0,1.1988e-5,1.3320000000000001e-6
213.5,1.277e-5,158.3,1.1493e-5,1.277e-6
214.5,1.222e-5,158.9,1.0998e-5,1.2220000000000001e-6
215.5,1.169e-5,159.5,1.0521e-5,1.1690000000000002e-6
216.5,1.118e-5,160.0,1.0062e-5,1.118e-6
217.5,1.079e-5,159.3,9.711e-6,1.079e-6
218.5,1.043e-5,158.4,9.387e-6,1.043e-6
219.5,1.007e-5,157.4,9.063000000000001e-6,1.007e-6
220.5,9.72e-6,156.7,8.748e-6,9.72e-7
221.5,9.267e-6,157.8,8.3403e-6,9.267e-7
222.5,8.836e-6,158.9,7.9524e-6,8.836e-7
223.5,8.425e-6,160.0,7.5825e-6,8.425e-7
224.5,8.061e-6,160.5,7.2549e-6,8.061e-7
225.5,7.771e-6,160.0,6.993900000000001e-6,7.771000000000001e-7
226.5,7.492e-6,159.4,6.7428e-6,7.492e-7
227.5,7.223e-6,158.9,6.5007e-6,7.223000000000001e-7
228.5,6.968e-6,158.2,6.2712e-6,6.968e-7
229.5,6.727e-6,157.3,6.054300000000001e-6,6.727e-7
230.5,6.494e-6,156.4,5.8446e-6,6.494000000000001e-7
231.5,6.27e-6,155.5,5.643e-6,6.270000000000001e-7
232.5,6.017e-6,155.5,5.4153000000000005e-6,6.017000000000001e-7
233.5,5.758e-6,155.9,5.1822e-6,5.758000000000001e-7
234.5,5.511e-6,156.3,4.9599000000000006e-6,5.511e-7
235.5,5.274e-6,156.7,4.7466e-6,5.274e-7
236.5,5.068e-6,156.5,4.5612e-6,5.068e-7
237.5,4.874e-6,156.2,4.3866000000000005e-6,4.874000000000001e-7
238.5,4.688e-6,155.9,4.2192e-6,4.688e-7
239.5,4.508e-6,155.6,4.0572e-6,4.508e-7
240.5,4.318e-6,155.9,3.8862e-6,4.3180000000000004e-7
241.5,4.136e-6,156.2,3.7224e-6,4.136e-7
242.5,3.962e-6,156.5,3.5658000000000002e-6,3.9620000000000007e-7
243.5,3.792e-6,157.0,3.4127999999999997e-6,3.792e-7
244.5,3.617e-6,158.1,3.2553e-6,3.617e-7
245.5,3.45e-6,159.2,3.105e-6,3.4500000000000003e-7
246.5,3.291e-6,160.2,2.9619e-6,3.291e-7
247.5,3.147e-6,161.0,2.8323e-6,3.1470000000000003e-7
248.5,3.025e-6,160.9,2.7224999999999998e-6,3.025e-7
249.5,2.908e-6,160.9,2.6172e-6,2.9080000000000004e-7
250.5,2.795e-6,160.8,2.5155e-6,2.795e-7
251.5,2.697e-6,160.2,2.4273e-6,2.6970000000000004e-7
252.5,2.614e-6,158.7,2.3526e-6,2.614e-7
253.5,2.535e-6,157.2,2.2815e-6,2.535e-7
254.5,2.458e-6,155.7,2.2122e-6,2.458e-7
255.5,2.376e-6,154.5,2.1384e-6,2.3760000000000004e-7
256.5,2.29e-6,153.7,2.0610000000000003e-6,2.2900000000000003e-7
257.5,2.208e-6,152.8,1.9872e-6,2.208e-7
258.5,2.129e-6,152.0,1.9160999999999997e-6,2.129e-7
259.5,2.049e-6,151.4,1.8441000000000003e-6,2.0490000000000004e-7
260.5,1.971e-6,150.8,1.7738999999999999e-6,1.9709999999999998e-7
261.5,1.895e-6,150.3,1.7055e-6,1.8950000000000002e-7
262.5,1.822e-6,149.8,1.6398000000000002e-6,1.8220000000000003e-7
263.5,1.741e-6,150.2,1.5669e-6,1.741e-7
264.5,1.661e-6,151.0,1.4949e-6,1.661e-7
265.5,1.585e-6,151.7,1.4265e-6,1.5850000000000002e-7
266.5,1.512e-6,152.4,1.3608000000000002e-6,1.5120000000000003e-7
267.5,1.432e-6,154.3,1.2888e-6,1.432e-7
268.5,1.356e-6,156.4,1.2204e-6,1.356e-7
269.5,1.284e-6,158.5,1.1556e-6,1.2839999999999999e-7
270.5,1.216e-6,160.7,1.0944e-6,1.216e-7
271.5,1.168e-6,160.7,1.0512000000000002e-6,1.1680000000000001e-7
272.5,1.124e-6,160.6,1.0116e-6,1.124e-7
273.5,1.081e-6,160.4,9.729e-7,1.081e-7
274.5,1.04e-6,160.3,9.36e-7,1.04e-7
275.5,1.009e-6,158.5,9.081e-7,1.0090000000000001e-7
276.5,9.796e-7,156.8,8.816399999999999e-7,9.796e-8
277.5,9.509e-7,155.0,8.5581e-7,9.509e-8
278.5,9.223e-7,153.4,8.3007e-7,9.223000000000001e-8
279.5,8.834e-7,153.6,7.9506e-7,8.834000000000001e-8
280.5,8.461e-7,153.8,7.614900000000001e-7,8.461000000000001e-8
281.5,8.105e-7,154.0,7.294500000000001e-7,8.105e-8
282.5,7.766e-7,154.2,6.9894e-7,7.766000000000001e-8
283.5,7.467e-7,153.8,6.7203e-7,7.467e-8
284.5,7.179e-7,153.4,6.4611e-7,7.179000000000001e-8
285.5,6.903e-7,153.0,6.2127e-7,6.903e-8
286.5,6.622e-7,153.0,5.9598e-7,6.622000000000001e-8
287.5,6.278e-7,154.9,5.6502e-7,6.278000000000001e-8
288.5,5.953e-7,156.7,5.3577e-7,5.9530000000000004e-8
289.5,5.646e-7,158.6,5.0814e-7,5.646e-8
290.5,5.351e-7,160.7,4.8159e-7,5.351e-8
291.5,5.054e-7,163.6,4.5486e-7,5.054e-8
292.5,4.776e-7,166.6,4.2984e-7,4.776e-8
293.5,4.515e-7,169.6,4.0635e-7,4.5150000000000004e-8
294.5,4.289e-7,171.8,3.8601e-7,4.289e-8
295.5,4.148e-7,171.1,3.7332e-7,4.148e-8
296.5,4.011e-7,170.5,3.6099e-7,4.0110000000000006e-8
297.5,3.88e-7,169.9,3.492e-7,3.8800000000000003e-8
298.5,3.715e-7,171.0,3.3435e-7,3.7150000000000005e-8
299.5,3.445e-7,177.9,3.1005e-7,3.445e-8
300.5,3.199e-7,184.8,2.8791e-7,3.1990000000000004e-8
301.5,2.975e-7,191.8,2.6775e-7,2.9750000000000002e-8
302.5,2.788e-7,197.7,2.5091999999999997e-7,2.788e-8
303.5,2.668e-7,200.2,2.4012e-7,2.6679999999999998e-8
304.5,2.554e-7,202.7,2.2986000000000002e-7,2.5540000000000002e-8
305.5,2.445e-7,205.2,2.2005000000000001e-7,2.445e-8
306.5,2.349e-7,207.0,2.1140999999999999e-7,2.349e-8
307.5,2.285e-7,206.3,2.0565e-7,2.285e-8
308.5,2.222e-7,205.6,1.9998e-7,2.222e-8
309.5,2.162e-7,204.9,1.9457999999999999e-7,2.162e-8
310.5,2.103e-7,204.1,1.8927e-7,2.103e-8
311.5,2.048e-7,203.0,1.8432e-7,2.0480000000000002e-8
312.5,1.995e-7,202.0,1.7955000000000002e-7,1.9950000000000003e-8
313.5,1.943e-7,201.0,1.7487e-7,1.9430000000000003e-8
314.5,1.892e-7,199.8,1.7028000000000001e-7,1.892e-8
315.5,1.845e-7,198.4,1.6605e-7,1.845e-8
316.5,1.799e-7,197.0,1.6191e-7,1.799e-8
317.5,1.754e-7,195.5,1.5786e-7,1.754e-8
318.5,1.708e-7,194.4,1.5372e-7,1.708e-8
319.5,1.648e-7,194.9,1.4832e-7,1.648e-8
320.5,1.591e-7,195.5,1.4319e-7,1.5909999999999998e-8
321.5,1.535e-7,196.0,1.3815e-7,1.535e-8
322.5,1.482e-7,196.5,1.3338e-7,1.482e-8
323.5,1.437e-7,196.2,1.2933e-7,1.437e-8
324.5,1.393e-7,195.9,1.2537000000000002e-7,1.3930000000000001e-8
325.5,1.35e-7,195.6,1.215e-7,1.3500000000000002e-8
326.5,1.309e-7,195.3,1.1781e-7,1.309e-8
327.5,1.271e-7,194.6,1.1439e-7,1.271e-8
328.5,1.235e-7,193.8,1.1114999999999999e-7,1.235e-8
329.5,1.199e-7,193.1,1.0791e-7,1.1990000000000002e-8
330.5,1.165e-7,192.4,1.0485e-7,1.1650000000000002e-8
331.5,1.126e-7,192.6,1.0134e-7,1.1260000000000001e-8
332.5,1.088e-7,192.7,9.791999999999999e-8,1.088e-8
333.5,1.051e-7,192.9,9.459e-8,1.051e-8
334.5,1.016e-7,193.1,9.144e-8,1.016e-8
335.5,9.782e-8,194.1,8.8038e-8,9.782000000000001e-9
336.5,9.414e-8,195.2,8.4726e-8,9.414e-9
337.5,9.059e-8,196.2,8.1531e-8,9.059000000000002e-9
338.5,8.719e-8,197.3,7.8471e-8,8.719e-9
339.5,8.412e-8,198.0,7.5708e-8,8.412000000000001e-9
340.5,8.12e-8,198.7,7.308e-8,8.120000000000001e-9
341.5,7.839e-8,199.4,7.055100000000001e-8,7.839e-9
342.5,7.567e-8,200.0,6.8103e-8,7.567000000000001e-9
343.5,7.297e-8,201.0,6.5673e-8,7.297e-9
344.5,7.035e-8,202.0,6.331500000000001e-8,7.035000000000001e-9
345.5,6.782e-8,203.1,6.1038e-8,6.782e-9
346.5,6.538e-8,204.1,5.8842e-8,6.5379999999999995e-9
347.5,6.307e-8,205.1,5.6763e-8,6.307e-9
348.5,6.086e-8,206.1,5.4774000000000005e-8,6.086000000000001e-9
349.5,5.873e-8,207.1,5.2857e-8,5.873e-9
350.5,5.668e-8,208.1,5.1012e-8,5.668000000000001e-9
351.5,5.415e-8,211.4,4.8735e-8,5.415e-9
352.5,5.128e-8,216.8,4.6152e-8,5.1280000000000005e-9
353.5,4.86e-8,222.1,4.374e-8,4.86e-9
354.5,4.609e-8,227.4,4.1481e-8,4.609e-9
355.5,4.418e-8,230.6,3.9762e-8,4.418e-9
356.5,4.299e-8,230.6,3.8691000000000005e-8,4.299e-9
357.5,4.184e-8,230.5,3.7656e-8,4.1840000000000004e-9
358.5,4.071e-8,230.5,3.6639e-8,4.071e-9
359.5,3.95e-8,231.2,3.5550000000000004e-8,3.950000000000001e-9
360.5,3.802e-8,233.8,3.4218e-8,3.802e-9
361.5,3.66e-8,236.3,3.2939999999999996e-8,3.6599999999999998e-9
362.5,3.525e-8,238.9,3.1725e-8,3.525e-9
363.5,3.392e-8,241.7,3.0528e-8,3.3920000000000003e-9
364.5,3.251e-8,245.8,2.9258999999999997e-8,3.251e-9
365.5,3.117e-8,249.9,2.8053e-8,3.1170000000000003e-9
366.5,2.99e-8,254.0,2.6910000000000004e-8,2.9900000000000006e-9
367.5,2.868e-8,258.2,2.5812e-8,2.868e-9
368.5,2.774e-8,260.6,2.4966e-8,2.774e-9
369.5,2.684e-8,262.9,2.4156e-8,2.6840000000000002e-9
370.5,2.597e-8,265.3,2.3373e-8,2.597e-9
371.5,2.513e-8,267.7,2.2617e-8,2.5130000000000003e-9
372.5,2.436e-8,269.8,2.1924e-8,2.4360000000000003e-9
373.5,2.363e-8,271.8,2.1267e-8,2.3630000000000002e-9
374.5,2.292e-8,273.8,2.0628e-8,2.292e-9
375.5,2.223e-8,275.8,2.0007000000000002e-8,2.2230000000000003e-9
376.5,2.152e-8,278.5,1.9368000000000002e-8,2.152e-9
377.5,2.082e-8,281.6,1.8738000000000002e-8,2.082e-9
378.5,2.014e-8,284.7,1.8126e-8,2.0140000000000003e-9
379.5,1.948e-8,287.7,1.7532e-8,1.948e-9
380.5,1.886e-8,290.9,1.6974e-8,1.8860000000000003e-9
381.5,1.826e-8,294.1,1.6434e-8,1.8260000000000001e-9
382.5,1.768e-8,297.4,1.5912e-8,1.768e-9
383.5,1.713e-8,300.6,1.5417e-8,1.713e-9
384.5,1.657e-8,304.4,1.4913e-8,1.657e-9
385.5,1.597e-8,309.4,1.4373e-8,1.5970000000000002e-9
386.5,1.54e-8,314.5,1.386e-8,1.54e-9
387.5,1.486e-8,319.5,1.3374000000000001e-8,1.486e-9
388.5,1.434e-8,324.5,1.2906e-8,1.434e-9
389.5,1.387e-8,329.3,1.2483e-8,1.387e-9
390.5,1.341e-8,334.1,1.2069e-8,1.3410000000000002e-9
391.5,1.298e-8,338.9,1.1682e-8,1.298e-9
392.5,1.256e-8,343.7,1.1304e-8,1.256e-9
393.5,1.219e-8,348.0,1.0971000000000001e-8,1.219e-9
394.5,1.183e-8,352.2,1.0647000000000001e-8,1.1830000000000002e-9
395.5,1.148e-8,356.4,1.0332e-8,1.148e-9
396.5,1.115e-8,360.6,1.0035e-8,1.1150000000000002e-9
397.5,1.087e-8,363.5,9.783e-9,1.087e-9
398.5,1.062e-8,365.9,9.558e-9,1.062e-9
399.5,1.038e-8,368.3,9.342e-9,1.038e-9
400.5,1.014e-8,370.6,9.126e-9,1.014e-9
401.5,9.922e-9,372.4,8.9298e-9,9.922e-10
402.5,9.735e-9,373.4,8.7615e-9,9.735000000000002e-10
403.5,9.551e-9,374.4,8.595900000000001e-9,9.551000000000001e-10
404.5,9.371e-9,375.4,8.433900000000001e-9,9.371e-10
405.5,9.196e-9,376.3,8.276400000000001e-9,9.196e-10
406.5,9.034e-9,377.0,8.1306e-9,9.034e-10
407.5,8.874e-9,377.6,7.9866e-9,8.874000000000001e-10
408.5,8.717e-9,378.2,7.8453e-9,8.717e-10
409.5,8.564e-9,378.8,7.7076e-9,8.564000000000001e-10
410.5,8.408e-9,379.6,7.5672e-9,8.408e-10
411.5,8.256e-9,380.5,7.4303999999999995e-9,8.256e-10
412.5,8.107e-9,381.3,7.296299999999999e-9,8.107e-10
413.5,7.96e-9,382.2,7.164e-9,7.96e-10
414.5,7.806e-9,383.5,7.025400000000001e-9,7.806000000000001e-10
415.5,7.652e-9,385.1,6.8868e-9,7.652e-10
416.5,7.502e-9,386.6,6.7518e-9,7.502000000000001e-10
417.5,7.354e-9,388.2,6.6186e-9,7.354000000000001e-10
418.5,7.206e-9,390.0,6.4854e-9,7.206000000000001e-10
419.5,7.057e-9,392.1,6.3513e-9,7.057000000000001e-10
420.5,6.912e-9,394.2,6.2208e-9,6.912000000000001e-10
421.5,6.769e-9,396.3,6.0921000000000005e-9,6.769e-10
422.5,6.628e-9,398.6,5.9652e-9,6.628e-10
423.5,6.482e-9,401.4,5.8338e-9,6.482e-10
424.5,6.34e-9,404.3,5.706e-9,6.340000000000001e-10
425.5,6.202e-9,407.1,5.5818e-9,6.202e-10
426.5,6.066e-9,410.0,5.4594e-9,6.066000000000001e-10
427.5,5.921e-9,414.0,5.3289e-9,5.921000000000001e-10
428.5,5.779e-9,418.1,5.2011e-9,5.779e-10
429.5,5.64e-9,422.2,5.076e-9,5.640000000000001e-10
430.5,5.506e-9,426.2,4.9554e-9,5.506e-10
431.5,5.363e-9,431.4,4.8267e-9,5.363e-10
432.5,5.219e-9,437.3,4.6971e-9,5.219e-10
433.5,5.08e-9,443.1,4.572e-9,5.08e-10
434.5,4.945e-9,448.9,4.4505e-9,4.945e-10
435.5,4.815e-9,454.9,4.3334999999999996e-9,4.814999999999999e-10
436.5,4.687e-9,461.3,4.2183e-9,4.687e-10
437.5,4.564e-9,467.6,4.1076e-9,4.5640000000000005e-10
438.5,4.445e-9,473.9,4.0005e-9,4.4450000000000007e-10
439.5,4.33e-9,480.2,3.897e-9,4.33e-10
440.5,4.227e-9,485.8,3.8043e-9,4.2270000000000005e-10
441.5,4.128e-9,491.4,3.7151999999999997e-9,4.128e-10
442.5,4.031e-9,497.0,3.6279e-9,4.031e-10
443.5,3.937e-9,502.7,3.5433e-9,3.937e-10
444.5,3.859e-9,506.6,3.4731e-9,3.8590000000000003e-10
445.5,3.789e-9,509.9,3.4101e-9,3.789e-10
446.5,3.721e-9,513.2,3.3489e-9,3.721e-10
447.5,3.653e-9,516.5,3.2877e-9,3.653e-10
448.5,3.591e-9,519.3,3.2319e-9,3.5910000000000003e-10
449.5,3.536e-9,521.4,3.1824e-9,3.5360000000000005e-10
450.5,3.481e-9,523.6,3.1329e-9,3.481e-10
451.5,3.427e-9,525.7,3.0842999999999998e-9,3.427e-10
452.5,3.375e-9,527.8,3.0375e-9,3.375e-10
453.5,3.329e-9,529.0,2.9961e-9,3.329e-10
454.5,3.285e-9,530.2,2.9565000000000003e-9,3.2850000000000005e-10
455.5,3.24e-9,531.5,2.916e-9,3.24e-10
456.5,3.197e-9,532.7,2.8773e-9,3.1970000000000004e-10
457.5,3.156e-9,533.6,2.8404e-9,3.1560000000000003e-10
458.5,3.117e-9,534.4,2.8053e-9,3.117e-10
459.5,3.079e-9,535.1,2.7711e-9,3.079e-10
460.5,3.041e-9,535.9,2.7369000000000003e-9,3.041e-10
461.5,3.003e-9,536.6,2.7027e-9,3.0030000000000004e-10
462.5,2.968e-9,537.1,2.6712e-9,2.9680000000000005e-10
463.5,2.932e-9,537.6,2.6388e-9,2.932e-10
464.5,2.897e-9,538.1,2.6073e-9,2.897e-10
465.5,2.863e-9,538.6,2.5767e-9,2.8630000000000003e-10
466.5,2.831e-9,538.8,2.5479e-9,2.831e-10
467.5,2.799e-9,539.0,2.5191e-9,2.7990000000000004e-10
468.5,2.768e-9,539.1,2.4912e-9,2.768e-10
469.5,2.737e-9,539.3,2.4633e-9,2.737e-10
470.5,2.708e-9,539.3,2.4372000000000002e-9,2.7080000000000004e-10
471.5,2.679e-9,539.0,2.4111e-9,2.6790000000000003e-10
472.5,2.651e-9,538.8,2.3859000000000002e-9,2.651e-10
473.5,2.623e-9,538.6,2.3607000000000003e-9,2.623e-10
474.5,2.596e-9,538.3,2.3364000000000003e-9,2.596e-10
475.5,2.57e-9,537.8,2.313e-9,2.57e-10
476.5,2.543e-9,537.4,2.2887e-9,2.543e-10
477.5,2.518e-9,536.9,2.2662000000000003e-9,2.5180000000000005e-10
478.5,2.492e-9,536.5,2.2428e-9,2.4920000000000003e-10
479.5,2.467e-9,536.0,2.2203e-9,2.467e-10
480.5,2.442e-9,535.6,2.1978e-9,2.442e-10
481.5,2.418e-9,535.1,2.1762e-9,2.4180000000000003e-10
482.5,2.394e-9,534.7,2.1546e-9,2.3939999999999997e-10
483.5,2.369e-9,534.3,2.1321e-9,2.3690000000000003e-10
484.5,2.344e-9,534.1,2.1096000000000002e-9,2.3440000000000004e-10
485.5,2.319e-9,534.0,2.0871e-9,2.319e-10
486.5,2.295e-9,533.8,2.0655e-9,2.295e-10
487.5,2.27e-9,533.6,2.043e-9,2.27e-10
488.5,2.242e-9,534.3,2.0178e-9,2.242e-10
489.5,2.215e-9,535.1,1.9934999999999998e-9,2.215e-10
490.5,2.188e-9,535.8,1.9691999999999998e-9,2.188e-10
491.5,2.161e-9,536.5,1.9448999999999998e-9,2.161e-10
492.5,2.134e-9,537.3,1.9205999999999998e-9,2.134e-10
493.5,2.108e-9,538.2,1.8972e-9,2.1080000000000004e-10
494.5,2.082e-9,539.0,1.8738000000000003e-9,2.0820000000000002e-10
495.5,2.056e-9,539.9,1.8504e-9,2.056e-10
496.5,2.03e-9,540.9,1.8269999999999998e-9,2.03e-10
497.5,2.003e-9,542.4,1.8026999999999998e-9,2.003e-10
498.5,1.976e-9,543.9,1.7783999999999998e-9,1.976e-10
499.5,1.949e-9,545.4,1.7541000000000002e-9,1.9490000000000002e-10
500.5,1.923e-9,546.9,1.7307e-9,1.9230000000000002e-10
501.5,1.896e-9,548.7,1.7064e-9,1.8960000000000002e-10
502.5,1.87e-9,550.7,1.683e-9,1.87e-10
503.5,1.844e-9,552.6,1.6596000000000001e-9,1.844e-10
504.5,1.819e-9,554.5,1.6371e-9,1.819e-10
505.5,1.794e-9,556.5,1.6146e-9,1.7940000000000002e-10
506.5,1.768e-9,558.8,1.5912e-9,1.7680000000000003e-10
507.5,1.743e-9,561.0,1.5687000000000002e-9,1.743e-10
508.5,1.718e-9,563.2,1.5462e-9,1.7180000000000002e-10
509.5,1.694e-9,565.4,1.5245999999999999e-9,1.694e-10
510.5,1.67e-9,567.9,1.503e-9,1.6700000000000002e-10
511.5,1.645e-9,570.5,1.4805e-9,1.645e-10
512.5,1.621e-9,573.1,1.4589000000000002e-9,1.6210000000000001e-10
513.5,1.598e-9,575.7,1.4382e-9,1.598e-10
514.5,1.575e-9,578.3,1.4175000000000001e-9,1.5750000000000002e-10
515.5,1.551e-9,581.3,1.3959e-9,1.551e-10
516.5,1.528e-9,584.2,1.3752000000000002e-9,1.5280000000000003e-10
517.5,1.506e-9,587.1,1.3554e-9,1.506e-10
518.5,1.483e-9,590.0,1.3347e-9,1.483e-10
519.5,1.462e-9,592.9,1.3158e-9,1.462e-10
520.5,1.441e-9,595.9,1.2969000000000001e-9,1.4410000000000002e-10
521.5,1.42e-9,598.8,1.2780000000000001e-9,1.4200000000000003e-10
522.5,1.399e-9,601.7,1.2591000000000001e-9,1.399e-10
523.5,1.379e-9,604.6,1.2411000000000002e-9,1.379e-10
524.5,1.36e-9,607.2,1.2240000000000001e-9,1.3600000000000002e-10
525.5,1.341e-9,609.9,1.2069e-9,1.341e-10
526.5,1.323e-9,612.6,1.1907e-9,1.3230000000000002e-10
527.5,1.305e-9,615.3,1.1745e-9,1.305e-10
528.5,1.288e-9,617.6,1.1592e-9,1.288e-10
529.5,1.271e-9,619.9,1.1439000000000002e-9,1.271e-10
530.5,1.255e-9,622.1,1.1294999999999999e-9,1.255e-10
531.5,1.239e-9,624.4,1.1151e-9,1.239e-10
532.5,1.223e-9,626.6,1.1007000000000001e-9,1.223e-10
533.5,1.208e-9,628.7,1.0872e-9,1.208e-10
534.5,1.193e-9,630.7,1.0737e-9,1.193e-10
535.5,1.178e-9,632.7,1.0602000000000001e-9,1.1780000000000002e-10
536.5,1.164e-9,634.8,1.0476e-9,1.164e-10
537.5,1.149e-9,637.0,1.0341000000000002e-9,1.1490000000000001e-10
538.5,1.135e-9,639.2,1.0215e-9,1.135e-10
539.5,1.121e-9,641.4,1.0089e-9,1.121e-10
540.5,1.108e-9,643.6,9.972e-10,1.1080000000000002e-10
541.5,1.095e-9,645.5,9.855000000000002e-10,1.0950000000000001e-10
542.5,1.082e-9,646.9,9.738e-10,1.082e-10
543.5,1.071e-9,648.3,9.639e-10,1.071e-10
544.5,1.059e-9,649.7,9.531e-10,1.059e-10
545.5,1.047e-9,651.1,9.423e-10,1.0470000000000001e-10
546.5,1.036e-9,652.2,9.324e-10,1.036e-10
547.5,1.025e-9,653.3,9.225000000000001e-10,1.0250000000000001e-10
548.5,1.015e-9,654.4,9.134999999999999e-10,1.015e-10
549.5,1.004e-9,655.4,9.036000000000001e-10,1.0040000000000001e-10
550.5,9.939e-10,656.5,8.9451e-10,9.939e-11
551.5,9.84e-10,657.4,8.855999999999999e-10,9.839999999999999e-11
552.5,9.742e-10,658.3,8.7678e-10,9.742000000000001e-11
553.5,9.645e-10,659.2,8.680499999999999e-10,9.645e-11
554.5,9.549e-10,660.1,8.594100000000001e-10,9.549000000000001e-11
555.5,9.456e-10,660.8,8.5104e-10,9.456e-11
556.5,9.365e-10,661.6,8.4285e-10,9.365000000000001e-11
557.5,9.274e-10,662.3,8.3466e-10,9.274000000000001e-11
558.5,9.185e-10,663.0,8.2665e-10,9.185e-11
559.5,9.097e-10,663.7,8.1873e-10,9.097e-11
560.5,9.012e-10,664.2,8.1108e-10,9.012e-11
561.5,8.928e-10,664.7,8.035199999999999e-10,8.928e-11
562.5,8.844e-10,665.3,7.9596e-10,8.844000000000001e-11
563.5,8.762e-10,665.8,7.885800000000001e-10,8.762e-11
564.5,8.681e-10,666.3,7.8129e-10,8.681000000000001e-11
565.5,8.602e-10,666.7,7.7418e-10,8.602e-11
566.5,8.524e-10,667.1,7.6716e-10,8.524000000000001e-11
567.5,8.446e-10,667.5,7.6014e-10,8.446e-11
568.5,8.369e-10,667.9,7.5321e-10,8.369e-11
569.5,8.294e-10,668.2,7.4646e-10,8.294000000000001e-11
570.5,8.221e-10,668.5,7.3989e-10,8.221e-11
571.5,8.148e-10,668.8,7.3332e-10,8.148000000000001e-11
572.5,8.075e-10,669.1,7.2675e-10,8.075e-11
573.5,8.004e-10,669.4,7.203600000000001e-10,8.004000000000002e-11
574.5,7.934e-10,669.6,7.1406e-10,7.934000000000001e-11
575.5,7.864e-10,669.7,7.0776e-10,7.864e-11
576.5,7.795e-10,669.9,7.0155e-10,7.795000000000001e-11
577.5,7.727e-10,670.1,6.9543e-10,7.727000000000001e-11
578.5,7.661e-10,670.2,6.8949e-10,7.661000000000001e-11
579.5,7.596e-10,670.3,6.8364e-10,7.596000000000001e-11
580.5,7.531e-10,670.3,6.7779e-10,7.531000000000001e-11
581.5,7.466e-10,670.4,6.7194e-10,7.466e-11
582.5,7.403e-10,670.5,6.6627e-10,7.403e-11
583.5,7.34e-10,670.5,6.606000000000001e-10,7.340000000000001e-11
584.5,7.278e-10,670.5,6.5502e-10,7.278e-11
585.5,7.216e-10,670.6,6.4944e-10,7.216e-11
586.5,7.155e-10,670.6,6.439499999999999e-10,7.155e-11
587.5,7.095e-10,670.6,6.3855e-10,7.095e-11
588.5,7.035e-10,670.6,6.3315e-10,7.035000000000001e-11
589.5,6.976e-10,670.5,6.2784e-10,6.976e-11
590.5,6.918e-10,670.5,6.226200000000001e-10,6.918e-11
591.5,6.86e-10,670.5,6.174000000000001e-10,6.86e-11
592.5,6.803e-10,670.4,6.1227e-10,6.803000000000001e-11
593.5,6.746e-10,670.4,6.0714e-10,6.746e-11
594.5,6.69e-10,670.3,6.021e-10,6.69e-11
595.5,6.634e-10,670.2,5.9706e-10,6.634e-11
596.5,6.579e-10,670.2,5.9211e-10,6.579e-11
597.5,6.525e-10,670.1,5.8725e-10,6.525e-11
598.5,6.471e-10,670.0,5.8239e-10,6.471e-11
599.5,6.417e-10,669.9,5.7753e-10,6.417e-11
600.5,6.364e-10,669.8,5.7276e-10,6.364e-11
601.5,6.311e-10,669.8,5.6799e-10,6.311e-11
602.5,6.258e-10,669.7,5.6322e-10,6.258e-11
603.5,6.206e-10,669.7,5.5854e-10,6.206e-11
604.5,6.155e-10,669.6,5.5395e-10,6.155e-11
605.5,6.103e-10,669.6,5.4927e-10,6.103e-11
606.5,6.053e-10,669.5,5.4477e-10,6.053e-11
607.5,6.002e-10,669.5,5.4018e-10,6.002e-11
608.5,5.952e-10,669.4,5.3568e-10,5.952e-11
609.5,5.903e-10,669.3,5.312700000000001e-10,5.903e-11
610.5,5.852e-10,669.5,5.2668e-10,5.852000000000001e-11
611.5,5.799e-10,670.0,5.2191e-10,5.7990000000000005e-11
612.5,5.747e-10,670.5,5.1723e-10,5.747e-11
613.5,5.694e-10,671.0,5.1246e-10,5.6940000000000006e-11
614.5,5.643e-10,671.5,5.0787e-10,5.6430000000000006e-11
615.5,5.591e-10,672.0,5.0319e-10,5.591e-11
616.5,5.539e-10,672.6,4.985100000000001e-10,5.539e-11
617.5,5.488e-10,673.2,4.9392e-10,5.488e-11
618.5,5.438e-10,673.8,4.894200000000001e-10,5.4380000000000004e-11
619.5,5.388e-10,674.4,4.8492e-10,5.3880000000000005e-11
620.5,5.342e-10,674.6,4.8078e-10,5.342e-11
621.5,5.296e-10,674.7,4.7664e-10,5.2960000000000004e-11
622.5,5.251e-10,674.9,4.7259e-10,5.251e-11
623.5,5.206e-10,675.1,4.6854e-10,5.2060000000000006e-11
624.5,5.162e-10,675.3,4.6458000000000006e-10,5.1620000000000005e-11
625.5,5.117e-10,675.5,4.6053e-10,5.117e-11
626.5,5.073e-10,675.8,4.5657e-10,5.073e-11
627.5,5.029e-10,676.0,4.5261e-10,5.029e-11
628.5,4.986e-10,676.2,4.4874000000000004e-10,4.986e-11
629.5,4.942e-10,676.5,4.4478000000000004e-10,4.942e-11
630.5,4.899e-10,676.8,4.4091000000000003e-10,4.8990000000000003e-11
631.5,4.857e-10,677.1,4.3713e-10,4.857e-11
632.5,4.815e-10,677.4,4.3335000000000006e-10,4.815000000000001e-11
633.5,4.773e-10,677.7,4.2957e-10,4.773e-11
634.5,4.731e-10,678.1,4.2579000000000004e-10,4.731000000000001e-11
635.5,4.689e-10,678.4,4.2201e-10,4.6890000000000006e-11
636.5,4.648e-10,678.8,4.1832e-10,4.6480000000000004e-11
637.5,4.607e-10,679.2,4.1463000000000005e-10,4.607e-11
638.5,4.566e-10,679.6,4.1094000000000003e-10,4.566e-11
639.5,4.526e-10,680.1,4.0734e-10,4.526000000000001e-11
640.5,4.485e-10,680.5,4.0365e-10,4.4850000000000005e-11
641.5,4.446e-10,680.9,4.0014000000000003e-10,4.446e-11
642.5,4.406e-10,681.4,3.9654e-10,4.406e-11
643.5,4.367e-10,681.9,3.9303e-10,4.367e-11
644.5,4.328e-10,682.4,3.8952e-10,4.3280000000000005e-11
645.5,4.289e-10,683.0,3.8601e-10,4.289e-11
646.5,4.251e-10,683.5,3.8259e-10,4.2510000000000004e-11
647.5,4.213e-10,684.1,3.7917e-10,4.213e-11
648.5,4.175e-10,684.7,3.7575e-10,4.1750000000000004e-11
649.5,4.137e-10,685.3,3.7233e-10,4.137e-11
650.5,4.1e-10,685.9,3.6899999999999997e-10,4.1e-11
651.5,4.063e-10,686.5,3.6567e-10,4.063e-11
652.5,4.026e-10,687.1,3.6234e-10,4.026e-11
653.5,3.989e-10,687.8,3.5901e-10,3.9890000000000004e-11
654.5,3.953e-10,688.5,3.5577e-10,3.9530000000000005e-11
655.5,3.917e-10,689.3,3.5253e-10,3.9170000000000005e-11
656.5,3.881e-10,690.0,3.4929e-10,3.881e-11
657.5,3.845e-10,690.7,3.4605e-10,3.845000000000001e-11
658.5,3.81e-10,691.5,3.4289999999999997e-10,3.81e-11
659.5,3.775e-10,692.3,3.3975e-10,3.775e-11
660.5,3.74e-10,693.1,3.366e-10,3.74e-11
661.5,3.706e-10,693.9,3.3354e-10,3.706e-11
662.5,3.671e-10,694.8,3.3039000000000003e-10,3.671e-11
663.5,3.637e-10,695.7,3.2733e-10,3.637e-11
664.5,3.604e-10,696.6,3.2436e-10,3.6040000000000006e-11
665.5,3.57e-10,697.5,3.213e-10,3.5700000000000003e-11
666.5,3.537e-10,698.4,3.1833e-10,3.537e-11
667.5,3.504e-10,699.3,3.1536e-10,3.504e-11
668.5,3.471e-10,700.3,3.1239000000000005e-10,3.471e-11
669.5,3.439e-10,701.3,3.0951000000000005e-10,3.4390000000000004e-11
670.5,3.406e-10,702.3,3.0654e-10,3.406e-11
671.5,3.375e-10,703.3,3.0375e-10,3.3750000000000006e-11
672.5,3.343e-10,704.3,3.0087e-10,3.343e-11
673.5,3.311e-10,705.4,2.9799e-10,3.311e-11
674.5,3.28e-10,706.5,2.952e-10,3.28e-11
675.5,3.249e-10,707.6,2.9241e-10,3.249e-11
676.5,3.218e-10,708.7,2.8962000000000003e-10,3.2180000000000005e-11
677.5,3.188e-10,709.8,2.8692e-10,3.188e-11
678.5,3.157e-10,711.0,2.8413000000000003e-10,3.157e-11
679.5,3.127e-10,712.1,2.8143000000000003e-10,3.1270000000000005e-11
680.5,3.098e-10,713.3,2.7882e-10,3.098e-11
681.5,3.068e-10,714.5,2.7612e-10,3.0680000000000004e-11
682.5,3.039e-10,715.8,2.7351e-10,3.0390000000000004e-11
683.5,3.01e-10,717.1,2.709e-10,3.01e-11
684.5,2.981e-10,718.5,2.6829e-10,2.981e-11
685.5,2.953e-10,719.8,2.6577e-10,2.953e-11
686.5,2.924e-10,721.2,2.6316e-10,2.924e-11
687.5,2.897e-10,722.6,2.6073e-10,2.897e-11
688.5,2.869e-10,723.9,2.5821000000000003e-10,2.8690000000000003e-11
689.5,2.841e-10,725.3,2.5568999999999997e-10,2.841e-11
690.5,2.814e-10,726.7,2.5326e-10,2.814e-11
691.5,2.787e-10,728.2,2.5083e-10,2.787e-11
692.5,2.76e-10,729.6,2.484e-10,2.76e-11
693.5,2.734e-10,731.1,2.4606000000000003e-10,2.7340000000000003e-11
694.5,2.708e-10,732.5,2.4372e-10,2.708e-11
695.5,2.682e-10,734.0,2.4138e-10,2.6820000000000004e-11
696.5,2.656e-10,735.5,2.3904e-10,2.656e-11
697.5,2.63e-10,737.1,2.367e-10,2.6300000000000002e-11
698.5,2.605e-10,738.7,2.3445e-10,2.605e-11
699.5,2.58e-10,740.2,2.3219999999999998e-10,2.58e-11
700.5,2.556e-10,741.8,2.3004e-10,2.556e-11
701.5,2.531e-10,743.4,2.2779e-10,2.531e-11
702.5,2.506e-10,745.1,2.2554e-10,2.5060000000000002e-11
703.5,2.482e-10,746.7,2.2337999999999998e-10,2.4819999999999998e-11
704.5,2.458e-10,748.4,2.2122e-10,2.4580000000000004e-11
705.5,2.434e-10,750.1,2.1906000000000002e-10,2.4340000000000003e-11
706.5,2.411e-10,751.8,2.1699000000000002e-10,2.4110000000000005e-11
707.5,2.387e-10,753.5,2.1483000000000002e-10,2.3870000000000004e-11
708.5,2.364e-10,755.3,2.1276e-10,2.364e-11
709.5,2.341e-10,757.0,2.1069e-10,2.341e-11
710.5,2.319e-10,758.8,2.0871e-10,2.319e-11
711.5,2.297e-10,760.6,2.0673e-10,2.297e-11
712.5,2.275e-10,762.4,2.0475e-10,2.275e-11
713.5,2.253e-10,764.2,2.0277e-10,2.253e-11
714.5,2.232e-10,766.0,2.0087999999999998e-10,2.232e-11
715.5,2.211e-10,767.8,1.9899e-10,2.2110000000000002e-11
716.5,2.189e-10,769.7,1.9701e-10,2.189e-11
717.5,2.168e-10,771.5,1.9512e-10,2.168e-11
718.5,2.147e-10,773.3,1.9323e-10,2.147e-11
719.5,2.127e-10,775.2,1.9143e-10,2.127e-11
720.5,2.107e-10,777.1,1.8963000000000002e-10,2.107e-11
721.5,2.087e-10,778.9,1.8782999999999999e-10,2.087e-11
722.5,2.067e-10,780.8,1.8603e-10,2.067e-11
723.5,2.047e-10,782.6,1.8423e-10,2.047e-11
724.5,2.028e-10,784.5,1.8251999999999998e-10,2.028e-11
725.5,2.009e-10,786.4,1.8081e-10,2.0090000000000002e-11
726.5,1.99e-10,788.3,1.791e-10,1.9900000000000004e-11
727.5,1.972e-10,790.1,1.7748000000000002e-10,1.972e-11
728.5,1.953e-10,792.0,1.7577e-10,1.953e-11
729.5,1.935e-10,793.9,1.7415000000000001e-10,1.9350000000000003e-11
730.5,1.917e-10,795.8,1.7253e-10,1.917e-11
731.5,1.899e-10,797.7,1.7091e-10,1.8990000000000004e-11
732.5,1.881e-10,799.6,1.6929000000000002e-10,1.881e-11
733.5,1.864e-10,801.6,1.6776e-10,1.864e-11
734.5,1.846e-10,803.5,1.6613999999999998e-10,1.846e-11
735.5,1.83e-10,805.0,1.6469999999999998e-10,1.83e-11
736.5,1.814e-10,806.6,1.6326e-10,1.814e-11
737.5,1.798e-10,808.1,1.6182e-10,1.798e-11
738.5,1.782e-10,809.7,1.6038e-10,1.782e-11
739.5,1.767e-10,811.2,1.5903e-10,1.7670000000000002e-11
740.5,1.752e-10,812.7,1.5768e-10,1.752e-11
741.5,1.737e-10,814.2,1.5633000000000002e-10,1.737e-11
742.5,1.722e-10,815.7,1.5498000000000002e-10,1.7220000000000003e-11
743.5,1.707e-10,817.2,1.5363e-10,1.707e-11
744.5,1.693e-10,818.7,1.5237e-10,1.693e-11
745.5,1.678e-10,820.2,1.5102e-10,1.6780000000000002e-11
746.5,1.664e-10,821.6,1.4975999999999998e-10,1.664e-11
747.5,1.65e-10,823.1,1.485e-10,1.65e-11
748.5,1.636e-10,824.5,1.4724e-10,1.6360000000000002e-11
749.5,1.622e-10,825.9,1.4598e-10,1.622e-11
750.5,1.608e-10,827.3,1.4472000000000002e-10,1.608e-11
751.5,1.595e-10,828.7,1.4354999999999999e-10,1.595e-11
752.5,1.582e-10,830.1,1.4238e-10,1.582e-11
753.5,1.569e-10,831.4,1.4121e-10,1.569e-11
754.5,1.556e-10,832.8,1.4004000000000001e-10,1.5560000000000002e-11
755.5,1.543e-10,834.1,1.3887e-10,1.5430000000000002e-11
756.5,1.531e-10,835.4,1.3779e-10,1.531e-11
757.5,1.518e-10,836.7,1.3662000000000002e-10,1.5180000000000003e-11
758.5,1.506e-10,838.1,1.3554e-10,1.506e-11
759.5,1.494e-10,839.4,1.3446e-10,1.494e-11
760.5,1.482e-10,840.6,1.3337999999999998e-10,1.482e-11
761.5,1.47e-10,841.9,1.3230000000000002e-10,1.47e-11
762.5,1.458e-10,843.1,1.3122000000000001e-10,1.458e-11
763.5,1.446e-10,844.4,1.3014e-10,1.4460000000000001e-11
764.5,1.434e-10,845.6,1.2906e-10,1.4339999999999999e-11
765.5,1.423e-10,846.8,1.2807e-10,1.4229999999999999e-11
766.5,1.412e-10,847.9,1.2708e-10,1.4119999999999999e-11
767.5,1.401e-10,849.1,1.2609000000000003e-10,1.4010000000000002e-11
768.5,1.39e-10,850.3,1.251e-10,1.3900000000000002e-11
769.5,1.379e-10,851.4,1.2411000000000002e-10,1.3790000000000002e-11
770.5,1.368e-10,852.5,1.2312e-10,1.3680000000000001e-11
771.5,1.358e-10,853.6,1.2222000000000002e-10,1.3580000000000002e-11
772.5,1.347e-10,854.6,1.2123e-10,1.3470000000000001e-11
773.5,1.336e-10,855.7,1.2024000000000002e-10,1.3360000000000001e-11
774.5,1.326e-10,856.8,1.1934000000000002e-10,1.3260000000000001e-11
775.5,1.316e-10,857.8,1.1844e-10,1.316e-11
776.5,1.306e-10,858.8,1.1754e-10,1.306e-11
777.5,1.297e-10,859.8,1.1673e-10,1.2970000000000001e-11
778.5,1.287e-10,860.8,1.1583e-10,1.2870000000000002e-11
779.5,1.277e-10,861.8,1.1493000000000001e-10,1.2770000000000002e-11
780.5,1.268e-10,862.7,1.1411999999999999e-10,1.268e-11
781.5,1.258e-10,863.6,1.1322e-10,1.258e-11
782.5,1.249e-10,864.5,1.1241e-10,1.249e-11
783.5,1.24e-10,865.4,1.1160000000000001e-10,1.2400000000000002e-11
784.5,1.23e-10,866.3,1.1069999999999999e-10,1.2299999999999999e-11
785.5,1.222e-10,867.1,1.0998e-10,1.2220000000000001e-11
786.5,1.213e-10,868.0,1.0917000000000001e-10,1.2130000000000001e-11
787.5,1.204e-10,868.8,1.0836e-10,1.204e-11
788.5,1.195e-10,869.6,1.0755e-10,1.1950000000000001e-11
789.5,1.187e-10,870.4,1.0683e-10,1.187e-11
790.5,1.178e-10,871.1,1.0602e-10,1.178e-11
791.5,1.169e-10,871.9,1.0521e-10,1.169e-11
792.5,1.161e-10,872.6,1.0449e-10,1.1610000000000001e-11
793.5,1.152e-10,873.3,1.0368e-10,1.1520000000000001e-11
794.5,1.144e-10,874.0,1.0296e-10,1.1440000000000001e-11
795.5,1.136e-10,874.6,1.0224e-10,1.136e-11
796.5,1.128e-10,875.2,1.0152e-10,1.128e-11
797.5,1.121e-10,875.8,1.0089000000000001e-10,1.1210000000000001e-11
798.5,1.113e-10,876.3,1.0017e-10,1.1130000000000001e-11
799.5,1.105e-10,876.9,9.945e-11,1.1050000000000002e-11
800.5,1.098e-10,877.4,9.882e-11,1.098e-11
801.5,1.09e-10,877.9,9.81e-11,1.0900000000000001e-11
802.5,1.082e-10,878.4,9.738e-11,1.0820000000000001e-11
803.5,1.075e-10,878.9,9.675e-11,1.0750000000000002e-11
804.5,1.068e-10,879.3,9.612e-11,1.068e-11
805.5,1.061e-10,879.8,9.549e-11,1.0610000000000001e-11
806.5,1.054e-10,880.2,9.486000000000001e-11,1.0540000000000002e-11
807.5,1.047e-10,880.7,9.423e-11,1.047e-11
808.5,1.04e-10,881.1,9.36e-11,1.0400000000000001e-11
809.5,1.033e-10,881.5,9.297e-11,1.033e-11
810.5,1.026e-10,881.8,9.234e-11,1.026e-11
811.5,1.019e-10,882.2,9.171000000000001e-11,1.019e-11
812.5,1.012e-10,882.5,9.108e-11,1.012e-11
813.5,1.005e-10,882.8,9.045000000000001e-11,1.005e-11
814.5,9.985e-11,883.2,8.9865e-11,9.985e-12
815.5,9.921e-11,883.4,8.9289e-11,9.921e-12
816.5,9.858e-11,883.6,8.8722e-11,9.858000000000001e-12
817.5,9.795e-11,883.9,8.815499999999999e-11,9.795e-12
818.5,9.732e-11,884.1,8.758800000000001e-11,9.732000000000001e-12
819.5,9.67e-11,884.3,8.703e-11,9.67e-12
820.5,9.608e-11,884.5,8.6472e-11,9.608000000000002e-12
821.5,9.547e-11,884.6,8.5923e-11,9.547e-12
822.5,9.486e-11,884.7,8.5374e-11,9.486e-12
823.5,9.426e-11,884.9,8.4834e-11,9.426000000000001e-12
824.5,9.365e-11,885.0,8.4285e-11,9.365e-12
825.5,9.307e-11,885.1,8.3763e-11,9.307e-12
826.5,9.248e-11,885.2,8.3232e-11,9.248000000000001e-12
827.5,9.19e-11,885.3,8.271e-11,9.190000000000001e-12
828.5,9.132e-11,885.4,8.2188e-11,9.132000000000001e-12
829.5,9.074e-11,885.5,8.1666e-11,9.074000000000001e-12
830.5,9.018e-11,885.5,8.116200000000001e-11,9.018e-12
831.5,8.961e-11,885.5,8.0649e-11,8.961000000000001e-12
832.5,8.906e-11,885.5,8.0154e-11,8.906000000000001e-12
833.5,8.85e-11,885.5,7.965e-11,8.85e-12
834.5,8.795e-11,885.5,7.915500000000001e-11,8.795e-12
835.5,8.741e-11,885.5,7.8669e-11,8.741000000000001e-12
836.5,8.687e-11,885.4,7.818300000000001e-11,8.687000000000001e-12
837.5,8.634e-11,885.4,7.7706e-11,8.634e-12
838.5,8.581e-11,885.3,7.7229e-11,8.581e-12
839.5,8.529e-11,885.3,7.6761e-11,8.529e-12
840.5,8.477e-11,885.2,7.6293e-11,8.477e-12
841.5,8.425e-11,885.1,7.582500000000001e-11,8.425000000000001e-12
842.5,8.374e-11,885.0,7.5366e-11,8.374e-12
843.5,8.323e-11,884.8,7.4907e-11,8.323000000000002e-12
844.5,8.273e-11,884.7,7.4457e-11,8.272999999999999e-12
845.5,8.223e-11,884.6,7.4007e-11,8.223e-12
846.5,8.173e-11,884.4,7.3557e-11,8.173000000000001e-12
847.5,8.124e-11,884.2,7.311599999999999e-11,8.124e-12
848.5,8.075e-11,884.0,7.267500000000001e-11,8.075e-12
849.5,8.027e-11,883.9,7.2243e-11,8.027e-12
850.5,7.979e-11,883.7,7.1811e-11,7.979e-12
851.5,7.931e-11,883.4,7.1379e-11,7.931e-12
852.5,7.884e-11,883.2,7.0956e-11,7.884e-12
853.5,7.837e-11,883.0,7.0533e-11,7.837e-12
854.5,7.79e-11,882.8,7.011e-11,7.79e-12
855.5,7.744e-11,882.6,6.969600000000001e-11,7.744000000000001e-12
856.5,7.698e-11,882.3,6.928200000000001e-11,7.698e-12
857.5,7.652e-11,882.1,6.8868e-11,7.652e-12
858.5,7.607e-11,881.8,6.8463e-11,7.607e-12
859.5,7.562e-11,881.6,6.8058e-11,7.562e-12
860.5,7.517e-11,881.3,6.7653e-11,7.517e-12
861.5,7.473e-11,881.0,6.7257e-11,7.473e-12
862.5,7.428e-11,880.7,6.6852e-11,7.428000000000001e-12
863.5,7.385e-11,880.4,6.6465e-11,7.385e-12
864.5,7.341e-11,880.1,6.6069e-11,7.341e-12
865.5,7.298e-11,879.8,6.5682e-11,7.298e-12
866.5,7.255e-11,879.5,6.5295e-11,7.255e-12
867.5,7.212e-11,879.2,6.490800000000001e-11,7.212000000000001e-12
868.5,7.169e-11,879.0,6.4521e-11,7.169000000000001e-12
869.5,7.127e-11,878.7,6.414300000000001e-11,7.127000000000001e-12
870.5,7.085e-11,878.4,6.376500000000001e-11,7.085000000000001e-12
871.5,7.044e-11,878.0,6.3396e-11,7.044000000000001e-12
872.5,7.002e-11,877.7,6.3018e-11,7.0019999999999994e-12
873.5,6.961e-11,877.4,6.2649e-11,6.961000000000001e-12
874.5,6.92e-11,877.1,6.228e-11,6.92e-12
875.5,6.88e-11,876.7,6.192e-11,6.88e-12
876.5,6.839e-11,876.4,6.155099999999999e-11,6.839e-12
877.5,6.799e-11,876.0,6.1191e-11,6.7990000000000004e-12
878.5,6.759e-11,875.7,6.0831e-11,6.759e-12
879.5,6.72e-11,875.3,6.048e-11,6.7200000000000004e-12
880.5,6.68e-11,875.0,6.012000000000001e-11,6.680000000000001e-12
881.5,6.641e-11,874.7,5.976900000000001e-11,6.641000000000001e-12
882.5,6.602e-11,874.4,5.9418e-11,6.6019999999999995e-12
883.5,6.563e-11,874.0,5.9067e-11,6.563e-12
884.5,6.524e-11,873.7,5.8716e-11,6.524e-12
885.5,6.485e-11,873.4,5.8365e-11,6.485000000000001e-12
886.5,6.447e-11,873.1,5.8023e-11,6.447e-12
887.5,6.409e-11,872.8,5.7681e-11,6.409e-12
888.5,6.371e-11,872.5,5.7339000000000004e-11,6.371000000000001e-12
889.5,6.334e-11,872.1,5.7006e-11,6.334e-12
890.5,6.297e-11,871.8,5.6673e-11,6.297e-12
891.5,6.259e-11,871.5,5.6331e-11,6.259000000000001e-12
892.5,6.222e-11,871.2,5.599800000000001e-11,6.222000000000001e-12
893.5,6.184e-11,871.0,5.5656e-11,6.184e-12
894.5,6.147e-11,870.7,5.5322999999999996e-11,6.1469999999999996e-12
895.5,6.11e-11,870.4,5.499e-11,6.1100000000000004e-12
896.5,6.074e-11,870.1,5.4666e-11,6.074e-12
897.5,6.038e-11,869.9,5.4342e-11,6.038000000000001e-12
898.5,6.002e-11,869.6,5.4018000000000007e-11,6.0020000000000005e-12
899.5,5.966e-11,869.3,5.3694000000000006e-11,5.966000000000001e-12
900.5,5.931e-11,869.0,5.3379e-11,5.9310000000000005e-12
901.5,5.895e-11,868.7,5.3055000000000004e-11,5.895e-12
902.5,5.86e-11,868.5,5.274e-11,5.86e-12
903.5,5.824e-11,868.2,5.2415999999999996e-11,5.824e-12
904.5,5.789e-11,868.0,5.2101e-11,5.7890000000000005e-12
905.5,5.754e-11,867.7,5.1786e-11,5.754000000000001e-12
906.5,5.72e-11,867.5,5.148e-11,5.720000000000001e-12
907.5,5.685e-11,867.3,5.1165000000000005e-11,5.685000000000001e-12
908.5,5.65e-11,867.1,5.085e-11,5.65e-12
909.5,5.616e-11,866.9,5.0544e-11,5.616e-12
910.5,5.582e-11,866.7,5.0238e-11,5.582e-12
911.5,5.548e-11,866.5,4.9932e-11,5.548e-12
912.5,5.514e-11,866.3,4.9626000000000005e-11,5.514000000000001e-12
913.5,5.48e-11,866.2,4.9320000000000004e-11,5.48e-12
914.5,5.446e-11,866.1,4.9014e-11,5.446e-12
915.5,5.413e-11,865.9,4.8717e-11,5.4130000000000005e-12
916.5,5.38e-11,865.8,4.842e-11,5.38e-12
917.5,5.346e-11,865.7,4.8114000000000004e-11,5.346000000000001e-12
918.5,5.313e-11,865.5,4.7817e-11,5.3130000000000005e-12
919.5,5.281e-11,865.4,4.7529e-11,5.281000000000001e-12
920.5,5.248e-11,865.3,4.7232000000000006e-11,5.248e-12
921.5,5.216e-11,865.2,4.6944e-11,5.216e-12
922.5,5.183e-11,865.1,4.6646999999999995e-11,5.183e-12
923.5,5.151e-11,865.1,4.6359e-11,5.151e-12
924.5,5.118e-11,865.1,4.6062e-11,5.118e-12
925.5,5.086e-11,865.0,4.5774e-11,5.086e-12
926.5,5.054e-11,865.0,4.5486e-11,5.054e-12
927.5,5.022e-11,865.0,4.5198000000000005e-11,5.022e-12
928.5,4.991e-11,865.0,4.4919e-11,4.991e-12
929.5,4.959e-11,865.1,4.4631e-11,4.959e-12
930.5,4.928e-11,865.1,4.4352e-11,4.928e-12
931.5,4.896e-11,865.1,4.4063999999999996e-11,4.896e-12
932.5,4.865e-11,865.2,4.3785e-11,4.865000000000001e-12
933.5,4.834e-11,865.3,4.3506e-11,4.834e-12
934.5,4.803e-11,865.3,4.3227e-11,4.8030000000000004e-12
935.5,4.772e-11,865.4,4.2948e-11,4.772e-12
936.5,4.742e-11,865.5,4.2678000000000004e-11,4.7420000000000006e-12
937.5,4.711e-11,865.6,4.2399e-11,4.7110000000000004e-12
938.5,4.681e-11,865.8,4.2129e-11,4.681e-12
939.5,4.65e-11,866.0,4.185e-11,4.6500000000000006e-12
940.5,4.62e-11,866.2,4.158e-11,4.62e-12
941.5,4.589e-11,866.4,4.1301000000000004e-11,4.589000000000001e-12
942.5,4.559e-11,866.6,4.1031e-11,4.559e-12
943.5,4.529e-11,866.8,4.0761e-11,4.5290000000000006e-12
944.5,4.5e-11,867.0,4.05e-11,4.500000000000001e-12
945.5,4.47e-11,867.3,4.023e-11,4.47e-12
946.5,4.441e-11,867.5,3.9968999999999997e-11,4.441e-12
947.5,4.412e-11,867.7,3.9708e-11,4.412e-12
948.5,4.383e-11,867.9,3.9447e-11,4.383e-12
949.5,4.354e-11,868.3,3.9186e-11,4.354e-12
950.5,4.325e-11,868.6,3.8925e-11,4.325e-12
951.5,4.296e-11,869.0,3.8664e-11,4.296e-12
952.5,4.267e-11,869.3,3.8403e-11,4.267e-12
953.5,4.239e-11,869.7,3.8151e-11,4.239e-12
954.5,4.211e-11,870.1,3.7899e-11,4.211e-12
955.5,4.183e-11,870.4,3.7647e-11,4.183e-12
956.5,4.154e-11,870.8,3.7386e-11,4.154e-12
957.5,4.127e-11,871.2,3.7143e-11,4.127e-12
958.5,4.099e-11,871.6,3.6891e-11,4.099e-12
959.5,4.071e-11,872.0,3.6639e-11,4.071e-12
960.5,4.044e-11,872.5,3.6395999999999996e-11,4.044e-12
961.5,4.016e-11,873.0,3.6144e-11,4.016e-12
962.5,3.988e-11,873.5,3.5892e-11,3.988e-12
963.5,3.961e-11,874.0,3.5649e-11,3.961e-12
964.5,3.934e-11,874.5,3.5406e-11,3.934000000000001e-12
965.5,3.907e-11,875.0,3.5163000000000004e-11,3.907e-12
966.5,3.88e-11,875.6,3.492e-11,3.88e-12
967.5,3.854e-11,876.1,3.4685999999999997e-11,3.8539999999999995e-12
968.5,3.827e-11,876.7,3.4443e-11,3.8270000000000006e-12
969.5,3.801e-11,877.2,3.4209e-11,3.8010000000000005e-12
970.5,3.775e-11,877.8,3.3975e-11,3.775e-12
971.5,3.749e-11,878.5,3.3741e-11,3.749e-12
972.5,3.723e-11,879.1,3.3506999999999996e-11,3.723e-12
973.5,3.698e-11,879.7,3.3282e-11,3.698e-12
974.5,3.672e-11,880.4,3.3048e-11,3.672e-12
975.5,3.647e-11,881.0,3.2822999999999996e-11,3.647e-12
976.5,3.622e-11,881.7,3.2598e-11,3.622e-12
977.5,3.597e-11,882.3,3.2373e-11,3.597e-12
978.5,3.572e-11,883.0,3.2148e-11,3.572e-12
979.5,3.547e-11,883.6,3.1923000000000004e-11,3.547e-12
980.5,3.523e-11,884.3,3.1707e-11,3.523e-12
981.5,3.498e-11,884.9,3.1482e-11,3.498e-12
982.5,3.474e-11,885.6,3.1266000000000003e-11,3.4740000000000003e-12
983.5,3.45e-11,886.3,3.105e-11,3.45e-12
984.5,3.426e-11,887.0,3.0834e-11,3.426e-12
985.5,3.403e-11,887.6,3.0627e-11,3.403e-12
986.5,3.379e-11,888.3,3.0411000000000004e-11,3.379e-12
987.5,3.356e-11,888.9,3.0204e-11,3.356e-12
988.5,3.333e-11,889.6,2.9997000000000006e-11,3.3330000000000004e-12
989.5,3.311e-11,890.2,2.9799e-11,3.3110000000000003e-12
990.5,3.288e-11,890.8,2.9592e-11,3.288e-12
991.5,3.266e-11,891.5,2.9394000000000003e-11,3.266e-12
992.5,3.243e-11,892.2,2.9187e-11,3.243e-12
993.5,3.221e-11,892.8,2.8989e-11,3.221e-12
994.5,3.199e-11,893.5,2.8790999999999997e-11,3.199e-12
995.5,3.177e-11,894.2,2.8592999999999998e-11,3.177e-12
996.5,3.155e-11,894.9,2.8395e-11,3.1549999999999998e-12
997.5,3.134e-11,895.5,2.8206e-11,3.134e-12
998.5,3.113e-11,896.1,2.8017e-11,3.113e-12
999.5,3.092e-11,896.6,2.7828e-11,3.092e-12
