Altitude (km),Total (kg/m3),Neutral Temp. (K),CO2 (kg/m3),N2 (kg/m3),Ar (kg/m3),O2 (kg/m3)
0.5,0.1678,165.0,0.1605846,0.00340634,0.00347346,0.0003356000000000003
1.5,0.1633,162.9,0.1562781,0.00331499,0.00338031,0.0003266000000000003
2.5,0.1589,160.8,0.15206730000000002,0.00322567,0.00328923,0.0003178000000000003
3.5,0.1545,158.7,0.1478565,0.0031363499999999996,0.00319815,0.00030900000000000025
4.5,0.1502,156.6,0.1437414,0.0030490599999999997,0.00310914,0.00030040000000000025
5.5,0.146,154.4,0.13972199999999999,0.0029637999999999995,0.0030221999999999996,0.00029200000000000027
6.5,0.1418,152.3,0.1357026,0.00287854,0.0029352600000000003,0.0002836000000000003
7.5,0.1377,150.2,0.13177889999999998,0.0027953099999999996,0.0028503899999999995,0.00027540000000000024
8.5,0.1336,148.1,0.1278552,0.00271208,0.00276552,0.0002672000000000002
9.5,0.1296,145.9,0.12402719999999999,0.0026308799999999995,0.00268272,0.00025920000000000023
10.5,0.1256,144.0,0.12019919999999998,0.0025496799999999995,0.00259992,0.0002512000000000002
11.5,0.1214,142.2,0.11617979999999999,0.0024644199999999997,0.0025129799999999997,0.0002428000000000002
12.5,0.1174,140.4,0.1123518,0.00238322,0.00243018,0.0002348000000000002
13.5,0.1134,138.7,0.10852379999999999,0.0023020199999999997,0.00234738,0.0002268000000000002
14.5,0.1097,136.8,0.1049829,0.00222691,0.00227079,0.0002194000000000002
15.5,0.106,134.8,0.10144199999999999,0.0021517999999999997,0.0021942,0.0002120000000000002
16.5,0.1023,132.9,0.0979011,0.00207669,0.00211761,0.00020460000000000018
17.5,0.09872,131.1,0.09447504,0.002004016,0.002043504,0.00019744000000000017
18.5,0.0949,129.7,0.09081929999999999,0.0019264699999999998,0.00196443,0.00018980000000000017
19.5,0.09155,128.1,0.08761335,0.001858465,0.0018950850000000001,0.00018310000000000017
20.5,0.08825,126.6,0.08445525,0.0017914749999999998,0.0018267749999999999,0.00017650000000000014
21.5,0.08509,125.2,0.08143112999999999,0.0017273269999999999,0.001761363,0.00017018000000000014
22.5,0.08205,123.7,0.07852184999999999,0.0016656149999999998,0.0016984349999999999,0.00016410000000000014
23.5,0.07913,122.2,0.07572741000000001,0.001606339,0.001637991,0.00015826000000000016
24.5,0.07624,120.4,0.07296168,0.001547672,0.001578168,0.00015248000000000014
25.5,0.07256,119.9,0.06943992,0.0014729679999999998,0.001501992,0.00014512000000000013
26.5,0.07079,116.4,0.06774603,0.001437037,0.0014653530000000002,0.00014158000000000015
27.5,0.06895,113.0,0.06598514999999999,0.001399685,0.0014272649999999998,0.00013790000000000013
28.5,0.06702,109.8,0.06413814,0.0013605059999999998,0.001387314,0.00013404000000000012
29.5,0.06268,110.8,0.05998476,0.001272404,0.0012974759999999999,0.00012536000000000011
30.5,0.05911,110.8,0.056568270000000004,0.001199933,0.001223577,0.00011822000000000011
31.5,0.05476,112.9,0.05240532,0.001111628,0.001133532,0.0001095200000000001
32.5,0.05199,112.3,0.04975443,0.001055397,0.001076193,0.0001039800000000001
33.5,0.05034,109.4,0.048175380000000004,0.0010219019999999999,0.0010420380000000001,0.0001006800000000001
34.5,0.04802,108.2,0.04595514,0.0009748059999999999,0.000994014,9.604000000000009e-5
35.5,0.04508,108.7,0.04314156,0.000915124,0.000933156,9.016000000000009e-5
36.5,0.04165,110.9,0.03985905,0.0008454949999999999,0.000862155,8.330000000000007e-5
37.5,0.03784,115.1,0.036212879999999996,0.0007681519999999999,0.0007832879999999999,7.568000000000006e-5
38.5,0.03541,116.1,0.03388736999999999,0.0007188229999999998,0.0007329869999999999,7.082000000000006e-5
39.5,0.03404,114.1,0.03257628,0.000691012,0.000704628,6.808000000000007e-5
40.5,0.03273,112.0,0.03132261,0.000664419,0.000677511,6.546000000000007e-5
41.5,0.03023,114.6,0.02893011,0.000613669,0.000625761,6.0460000000000055e-5
42.5,0.02859,114.5,0.02736063,0.000580377,0.0005918130000000001,5.718000000000005e-5
43.5,0.02763,111.8,0.02644191,0.000560889,0.000571941,5.5260000000000044e-5
44.5,0.02491,117.2,0.02383887,0.000505673,0.000515637,4.982000000000005e-5
45.5,0.02473,111.5,0.023666609999999998,0.0005020189999999999,0.000511911,4.946000000000004e-5
46.5,0.02302,113.2,0.022030139999999997,0.00046730599999999996,0.000476514,4.604000000000004e-5
47.5,0.0218,113.0,0.0208626,0.00044253999999999995,0.00045126,4.3600000000000037e-5
48.5,0.02065,112.8,0.01976205,0.00041919500000000003,0.00042745500000000003,4.130000000000004e-5
49.5,0.0193,114.0,0.0184701,0.00039179,0.00039951,3.860000000000004e-5
50.5,0.01817,114.4,0.01738869,0.00036885099999999996,0.00037611899999999995,3.634000000000003e-5
51.5,0.01744,112.6,0.01669008,0.000354032,0.000361008,3.488000000000003e-5
52.5,0.01628,113.9,0.015579959999999999,0.000330484,0.000336996,3.256000000000003e-5
53.5,0.01537,114.0,0.01470909,0.000312011,0.000318159,3.074000000000003e-5
54.5,0.01489,111.1,0.01424973,0.000302267,0.000308223,2.9780000000000027e-5
55.5,0.01402,111.4,0.01341714,0.00028460599999999996,0.000290214,2.8040000000000023e-5
56.5,0.01318,111.8,0.01261326,0.000267554,0.000272826,2.6360000000000025e-5
57.5,0.0121,115.0,0.0115797,0.00024563,0.00025047,2.4200000000000022e-5
58.5,0.0112,117.7,0.0107184,0.00022736,0.00023184,2.240000000000002e-5
59.5,0.01029,121.3,0.00984753,0.000208887,0.00021300300000000002,2.058000000000002e-5
60.5,0.009602,123.3,0.009189113999999998,0.00019492059999999997,0.0001987614,1.9204000000000015e-5
61.5,0.008991,125.0,0.008604387,0.0001825173,0.0001861137,1.798200000000002e-5
62.5,0.008408,127.0,0.008046456,0.0001706824,0.00017404560000000002,1.6816000000000017e-5
63.5,0.007897,128.5,0.007557428999999999,0.00016030909999999998,0.0001634679,1.5794000000000012e-5
64.5,0.007635,126.4,0.007306695,0.00015499049999999999,0.00015804450000000001,1.5270000000000015e-5
65.5,0.007264,126.2,0.0069516479999999995,0.00014745919999999997,0.0001503648,1.4528000000000012e-5
66.5,0.006892,126.4,0.0065956439999999995,0.00013990759999999997,0.0001426644,1.3784000000000012e-5
67.5,0.006399,129.5,0.006123843,0.0001298997,0.0001324593,1.2798000000000012e-5
68.5,0.006019,131.0,0.0057601829999999994,0.0001221857,0.0001245933,1.203800000000001e-5
69.5,0.005593,134.2,0.005352501,0.00011353789999999999,0.0001157751,1.118600000000001e-5
70.5,0.005345,133.9,0.005115165,0.0001085035,0.0001106415,1.069000000000001e-5
71.5,0.005118,133.2,0.004897926,0.0001038954,0.0001059426,1.023600000000001e-5
72.5,0.0049,132.6,0.0046892999999999995,9.947e-5,0.00010143,9.800000000000008e-6
73.5,0.004668,132.6,0.004467276,9.47604e-5,9.662760000000001e-5,9.336000000000009e-6
74.5,0.00444,132.8,0.0042490800000000006,9.0132e-5,9.1908e-5,8.880000000000008e-6
75.5,0.004219,133.1,0.004037582999999999,8.564569999999999e-5,8.733329999999999e-5,8.438000000000006e-6
76.5,0.003924,136.4,0.0037552680000000004,7.96572e-5,8.122680000000001e-5,7.848000000000009e-6
77.5,0.003662,139.5,0.0035045339999999997,7.43386e-5,7.58034e-5,7.3240000000000064e-6
78.5,0.003467,140.7,0.003317919,7.03801e-5,7.17669e-5,6.934000000000006e-6
79.5,0.003263,142.8,0.003122691,6.62389e-5,6.75441e-5,6.526000000000006e-6
80.5,0.003068,145.2,0.0029360759999999997,6.22804e-5,6.35076e-5,6.136000000000005e-6
81.5,0.002888,147.6,0.0027638159999999997,5.862639999999999e-5,5.97816e-5,5.776000000000005e-6
82.5,0.002741,149.0,0.0026231369999999998,5.5642299999999994e-5,5.67387e-5,5.4820000000000044e-6
83.5,0.00258,151.6,0.00246906,5.237399999999999e-5,5.3405999999999997e-5,5.160000000000004e-6
84.5,0.002449,153.1,0.0023436929999999996,4.9714699999999993e-5,5.069429999999999e-5,4.898000000000004e-6
85.5,0.002332,154.1,0.0022317239999999996,4.7339599999999996e-5,4.8272399999999995e-5,4.664000000000004e-6
86.5,0.002221,155.3,0.0021254969999999996,4.5086299999999996e-5,4.59747e-5,4.442000000000003e-6
87.5,0.002113,156.6,0.002022141,4.289389999999999e-5,4.3739099999999996e-5,4.226000000000003e-6
88.5,0.002017,157.5,0.001930269,4.09451e-5,4.17519e-5,4.034000000000004e-6
89.5,0.001929,158.1,0.0018460529999999998,3.9158699999999995e-5,3.99303e-5,3.8580000000000036e-6
90.5,0.001846,158.5,0.0017666219999999998,3.74738e-5,3.82122e-5,3.6920000000000034e-6
91.5,0.001764,159.3,0.0016881479999999998,3.5809199999999996e-5,3.65148e-5,3.528000000000003e-6
92.5,0.001689,159.8,0.001616373,3.42867e-5,3.4962299999999996e-5,3.378000000000003e-6
93.5,0.00162,160.0,0.0015503399999999999,3.2885999999999997e-5,3.3533999999999994e-5,3.240000000000003e-6
94.5,0.001553,160.3,0.0014862209999999998,3.1525899999999996e-5,3.2147099999999996e-5,3.1060000000000025e-6
95.5,0.001489,160.6,0.001424973,3.02267e-5,3.08223e-5,2.9780000000000027e-6
96.5,0.001435,160.1,0.001373295,2.91305e-5,2.97045e-5,2.8700000000000026e-6
97.5,0.001383,159.6,0.0013235309999999998,2.8074899999999994e-5,2.8628099999999998e-5,2.7660000000000024e-6
98.5,0.001333,159.1,0.0012756809999999999,2.7059899999999998e-5,2.75931e-5,2.6660000000000025e-6
99.5,0.001284,158.5,0.001228788,2.60652e-5,2.65788e-5,2.5680000000000023e-6
100.5,0.001241,157.4,0.0011876369999999999,2.5192299999999996e-5,2.5688699999999997e-5,2.4820000000000022e-6
101.5,0.0012,156.4,0.0011484,2.4359999999999997e-5,2.4839999999999996e-5,2.400000000000002e-6
102.5,0.001159,155.2,0.001109163,2.3527700000000002e-5,2.3991300000000002e-5,2.318000000000002e-6
103.5,0.001121,154.1,0.001072797,2.2756299999999998e-5,2.32047e-5,2.242000000000002e-6
104.5,0.00108,153.4,0.00103356,2.1924e-5,2.2356e-5,2.1600000000000018e-6
105.5,0.001039,152.9,0.0009943229999999999,2.10917e-5,2.15073e-5,2.078000000000002e-6
106.5,0.0009972,152.6,0.0009543204,2.0243159999999997e-5,2.064204e-5,1.9944000000000016e-6
107.5,0.0009541,152.9,0.0009130737,1.936823e-5,1.974987e-5,1.908200000000002e-6
108.5,0.0009128,153.2,0.0008735495999999999,1.852984e-5,1.889496e-5,1.8256000000000016e-6
109.5,0.0008769,152.9,0.0008391933,1.780107e-5,1.815183e-5,1.7538000000000015e-6
110.5,0.0008429,152.5,0.0008066553,1.711087e-5,1.7448030000000002e-5,1.6858000000000015e-6
111.5,0.0008108,151.9,0.0007759355999999999,1.645924e-5,1.678356e-5,1.6216000000000013e-6
112.5,0.0007809,151.2,0.0007473212999999999,1.585227e-5,1.616463e-5,1.5618000000000013e-6
113.5,0.0007521,150.4,0.0007197597,1.5267629999999998e-5,1.556847e-5,1.5042000000000014e-6
114.5,0.0007217,150.2,0.0006906669,1.465051e-5,1.493919e-5,1.4434000000000013e-6
115.5,0.0006915,150.1,0.0006617654999999999,1.4037449999999997e-5,1.4314049999999999e-5,1.3830000000000012e-6
116.5,0.0006626,150.1,0.0006341081999999999,1.3450779999999999e-5,1.3715819999999998e-5,1.325200000000001e-6
117.5,0.0006352,150.0,0.0006078864,1.289456e-5,1.3148640000000001e-5,1.2704000000000012e-6
118.5,0.000609,149.9,0.000582813,1.2362699999999998e-5,1.2606299999999998e-5,1.218000000000001e-6
119.5,0.0005836,149.8,0.0005585052,1.1847079999999999e-5,1.2080519999999999e-5,1.167200000000001e-6
120.5,0.0005584,150.0,0.0005343888,1.133552e-5,1.155888e-5,1.1168000000000011e-6
121.5,0.0005343,150.2,0.0005113251,1.0846289999999999e-5,1.106001e-5,1.068600000000001e-6
122.5,0.0005105,150.6,0.0004885485,1.036315e-5,1.056735e-5,1.021000000000001e-6
123.5,0.0004861,151.6,0.00046519769999999995,9.86783e-6,1.006227e-5,9.722000000000008e-7
124.5,0.0004628,152.6,0.00044289959999999995,9.39484e-6,9.579959999999999e-6,9.256000000000007e-7
125.5,0.000441,153.5,0.00042203699999999994,8.952299999999999e-6,9.1287e-6,8.820000000000007e-7
126.5,0.0004208,154.3,0.0004027056,8.542239999999999e-6,8.71056e-6,8.416000000000008e-7
127.5,0.0004016,155.0,0.0003843312,8.152479999999999e-6,8.31312e-6,8.032000000000007e-7
128.5,0.0003837,155.6,0.00036720089999999996,7.789109999999999e-6,7.94259e-6,7.674000000000007e-7
129.5,0.0003677,155.8,0.0003518889,7.46431e-6,7.61139e-6,7.354000000000006e-7
130.5,0.0003524,156.0,0.0003372468,7.1537199999999995e-6,7.29468e-6,7.048000000000006e-7
131.5,0.0003377,156.2,0.0003231789,6.85531e-6,6.99039e-6,6.754000000000007e-7
132.5,0.0003235,156.6,0.0003095895,6.567049999999999e-6,6.69645e-6,6.470000000000005e-7
133.5,0.0003098,156.9,0.00029647859999999996,6.2889399999999995e-6,6.41286e-6,6.196000000000005e-7
134.5,0.0002967,157.3,0.0002839419,6.02301e-6,6.14169e-6,5.934000000000005e-7
135.5,0.0002846,157.4,0.00027236219999999997,5.777379999999999e-6,5.891219999999999e-6,5.692000000000004e-7
136.5,0.000273,157.4,0.000261261,5.5419e-6,5.6511e-6,5.460000000000006e-7
137.5,0.0002619,157.5,0.0002506383,5.3165700000000005e-6,5.4213300000000005e-6,5.238000000000005e-7
138.5,0.0002497,158.6,0.0002389629,5.06891e-6,5.16879e-6,4.994000000000005e-7
139.5,0.0002375,160.3,0.0002272875,4.82125e-6,4.91625e-6,4.7500000000000043e-7
140.5,0.0002259,161.9,0.0002161863,4.58577e-6,4.6761299999999996e-6,4.518000000000004e-7
141.5,0.0002155,163.0,0.0002062335,4.37465e-6,4.46085e-6,4.310000000000004e-7
142.5,0.0002065,163.6,0.0001976205,4.19195e-6,4.2745500000000004e-6,4.130000000000004e-7
143.5,0.0001979,164.1,0.0001893903,4.01737e-6,4.09653e-6,3.9580000000000035e-7
144.5,0.0001897,164.6,0.00018154289999999999,3.85091e-6,3.92679e-6,3.7940000000000034e-7
145.5,0.0001822,164.9,0.0001743654,3.69866e-6,3.77154e-6,3.644000000000003e-7
146.5,0.0001749,165.1,0.0001673793,3.5504699999999997e-6,3.6204299999999997e-6,3.498000000000003e-7
147.5,0.000168,165.3,0.00016077599999999998,3.4103999999999996e-6,3.4776e-6,3.3600000000000026e-7
148.5,0.000161,165.9,0.000154077,3.2683e-6,3.3327000000000003e-6,3.220000000000003e-7
149.5,0.0001542,166.7,0.0001475694,3.13026e-6,3.19194e-6,3.084000000000003e-7
150.5,0.0001476,167.5,0.0001412532,2.99628e-6,3.0553200000000003e-6,2.9520000000000026e-7
151.5,0.0001416,168.1,0.00013551119999999998,2.8744799999999996e-6,2.93112e-6,2.8320000000000026e-7
152.5,0.0001361,168.3,0.0001302477,2.76283e-6,2.81727e-6,2.7220000000000023e-7
153.5,0.0001309,168.5,0.0001252713,2.65727e-6,2.7096300000000003e-6,2.6180000000000024e-7
154.5,0.0001258,168.7,0.00012039059999999999,2.5537399999999996e-6,2.60406e-6,2.516000000000002e-7
155.5,0.0001211,168.7,0.0001158927,2.45833e-6,2.50677e-6,2.422000000000002e-7
156.5,0.0001166,168.8,0.0001115862,2.36698e-6,2.41362e-6,2.332000000000002e-7
157.5,0.0001122,168.8,0.0001073754,2.27766e-6,2.32254e-6,2.244000000000002e-7
158.5,0.000108,168.7,0.00010335599999999999,2.1924e-6,2.2356e-6,2.160000000000002e-7
159.5,0.0001041,168.6,9.962369999999999e-5,2.11323e-6,2.15487e-6,2.0820000000000018e-7
160.5,0.0001003,168.5,9.59871e-5,2.03609e-6,2.07621e-6,2.0060000000000017e-7
161.5,9.658e-5,168.3,9.242705999999999e-5,1.960574e-6,1.999206e-6,1.9316000000000018e-7
162.5,9.279e-5,168.6,8.880002999999999e-5,1.8836369999999998e-6,1.920753e-6,1.8558000000000016e-7
163.5,8.911e-5,169.0,8.527827e-5,1.808933e-6,1.844577e-6,1.7822000000000018e-7
164.5,8.557e-5,169.4,8.189049e-5,1.7370709999999997e-6,1.7712989999999999e-6,1.7114000000000014e-7
165.5,8.245e-5,169.2,7.890465e-5,1.6737349999999999e-6,1.7067149999999999e-6,1.6490000000000013e-7
166.5,7.995e-5,168.0,7.651215e-5,1.622985e-6,1.6549650000000001e-6,1.5990000000000015e-7
167.5,7.753e-5,166.7,7.419621e-5,1.5738589999999998e-6,1.604871e-6,1.5506000000000015e-7
168.5,7.519e-5,165.4,7.195683e-5,1.526357e-6,1.556433e-6,1.5038000000000013e-7
169.5,7.27e-5,164.5,6.95739e-5,1.47581e-6,1.5048900000000001e-6,1.4540000000000015e-7
170.5,7.023e-5,163.7,6.721011e-5,1.4256689999999997e-6,1.453761e-6,1.404600000000001e-7
171.5,6.786e-5,162.9,6.494202e-5,1.377558e-6,1.4047020000000001e-6,1.3572000000000013e-7
172.5,6.557e-5,162.1,6.275049e-5,1.3310709999999999e-6,1.3572989999999999e-6,1.311400000000001e-7
173.5,6.34e-5,161.0,6.0673799999999995e-5,1.2870199999999998e-6,1.3123799999999998e-6,1.268000000000001e-7
174.5,6.13e-5,160.0,5.86641e-5,1.2443899999999998e-6,1.2689099999999999e-6,1.226000000000001e-7
175.5,5.927e-5,159.0,5.6721389999999995e-5,1.2031809999999999e-6,1.226889e-6,1.1854000000000011e-7
176.5,5.714e-5,158.4,5.468298e-5,1.1599419999999998e-6,1.1827979999999999e-6,1.142800000000001e-7
177.5,5.497e-5,158.1,5.260629e-5,1.115891e-6,1.137879e-6,1.099400000000001e-7
178.5,5.289e-5,157.7,5.061572999999999e-5,1.073667e-6,1.0948229999999999e-6,1.0578000000000009e-7
179.5,5.089e-5,157.4,4.870173e-5,1.033067e-6,1.053423e-6,1.017800000000001e-7
180.5,4.873e-5,157.8,4.663461e-5,9.89219e-7,1.008711e-6,9.746000000000009e-8
181.5,4.665e-5,158.3,4.464405e-5,9.46995e-7,9.65655e-7,9.330000000000009e-8
182.5,4.466e-5,158.7,4.273962e-5,9.06598e-7,9.24462e-7,8.932000000000009e-8
183.5,4.284e-5,158.9,4.099788e-5,8.69652e-7,8.86788e-7,8.568000000000008e-8
184.5,4.124e-5,158.4,3.946668e-5,8.371719999999999e-7,8.536679999999999e-7,8.248000000000007e-8
185.5,3.97e-5,158.0,3.79929e-5,8.0591e-7,8.217900000000001e-7,7.940000000000008e-8
186.5,3.821e-5,157.6,3.656697e-5,7.75663e-7,7.90947e-7,7.642000000000007e-8
187.5,3.655e-5,158.3,3.497835e-5,7.419649999999999e-7,7.56585e-7,7.310000000000007e-8
188.5,3.486e-5,159.3,3.336102e-5,7.07658e-7,7.216020000000001e-7,6.972000000000007e-8
189.5,3.325e-5,160.4,3.182025e-5,6.749749999999999e-7,6.88275e-7,6.650000000000006e-8
190.5,3.173e-5,161.5,3.036561e-5,6.44119e-7,6.568110000000001e-7,6.346000000000007e-8
191.5,3.064e-5,160.7,2.9322479999999998e-5,6.219919999999999e-7,6.34248e-7,6.128000000000006e-8
192.5,2.959e-5,159.9,2.831763e-5,6.006769999999999e-7,6.12513e-7,5.918000000000005e-8
193.5,2.857e-5,159.0,2.734149e-5,5.799709999999999e-7,5.913989999999999e-7,5.714000000000005e-8
194.5,2.754e-5,158.5,2.6355779999999998e-5,5.59062e-7,5.70078e-7,5.508000000000005e-8
195.5,2.643e-5,158.6,2.529351e-5,5.365289999999999e-7,5.471009999999999e-7,5.2860000000000045e-8
196.5,2.537e-5,158.6,2.427909e-5,5.150109999999999e-7,5.25159e-7,5.074000000000004e-8
197.5,2.436e-5,158.7,2.331252e-5,4.94508e-7,5.04252e-7,4.872000000000004e-8
198.5,2.341e-5,158.5,2.240337e-5,4.7522299999999997e-7,4.84587e-7,4.6820000000000045e-8
199.5,2.253e-5,158.2,2.156121e-5,4.5735899999999993e-7,4.66371e-7,4.506000000000004e-8
200.5,2.168e-5,157.9,2.074776e-5,4.4010399999999993e-7,4.4877599999999997e-7,4.336000000000004e-8
201.5,2.086e-5,157.5,1.996302e-5,4.2345799999999995e-7,4.31802e-7,4.172000000000004e-8
202.5,2.0e-5,157.8,1.914e-5,4.06e-7,4.1400000000000003e-7,4.000000000000004e-8
203.5,1.916e-5,158.1,1.833612e-5,3.8894799999999994e-7,3.96612e-7,3.8320000000000035e-8
204.5,1.836e-5,158.4,1.757052e-5,3.72708e-7,3.80052e-7,3.6720000000000034e-8
205.5,1.759e-5,158.6,1.683363e-5,3.5707699999999994e-7,3.6411299999999997e-7,3.518000000000003e-8
206.5,1.687e-5,158.9,1.6144589999999997e-5,3.42461e-7,3.4920899999999996e-7,3.374000000000003e-8
207.5,1.618e-5,159.1,1.548426e-5,3.28454e-7,3.34926e-7,3.236000000000003e-8
208.5,1.552e-5,159.4,1.485264e-5,3.15056e-7,3.21264e-7,3.104000000000003e-8
209.5,1.491e-5,159.3,1.426887e-5,3.0267299999999997e-7,3.0863699999999996e-7,2.9820000000000025e-8
210.5,1.436e-5,158.9,1.3742519999999999e-5,2.91508e-7,2.97252e-7,2.8720000000000025e-8
211.5,1.383e-5,158.5,1.323531e-5,2.80749e-7,2.8628099999999997e-7,2.7660000000000024e-8
212.5,1.332e-5,158.0,1.2747239999999998e-5,2.70396e-7,2.75724e-7,2.6640000000000022e-8
213.5,1.277e-5,158.3,1.222089e-5,2.59231e-7,2.6433899999999997e-7,2.5540000000000022e-8
214.5,1.222e-5,158.9,1.1694539999999999e-5,2.4806599999999997e-7,2.52954e-7,2.4440000000000022e-8
215.5,1.169e-5,159.5,1.118733e-5,2.3730699999999997e-7,2.41983e-7,2.338000000000002e-8
216.5,1.118e-5,160.0,1.069926e-5,2.2695399999999998e-7,2.31426e-7,2.236000000000002e-8
217.5,1.079e-5,159.3,1.032603e-5,2.1903699999999998e-7,2.23353e-7,2.158000000000002e-8
218.5,1.043e-5,158.4,9.98151e-6,2.1172899999999998e-7,2.15901e-7,2.086000000000002e-8
219.5,1.007e-5,157.4,9.63699e-6,2.04421e-7,2.08449e-7,2.0140000000000017e-8
220.5,9.72e-6,156.7,9.30204e-6,1.97316e-7,2.01204e-7,1.9440000000000017e-8
221.5,9.267e-6,157.8,8.868518999999998e-6,1.8812009999999999e-7,1.918269e-7,1.8534000000000016e-8
222.5,8.836e-6,158.9,8.456051999999999e-6,1.793708e-7,1.829052e-7,1.7672000000000014e-8
223.5,8.425e-6,160.0,8.062725e-6,1.7102749999999997e-7,1.7439749999999998e-7,1.6850000000000015e-8
224.5,8.061e-6,160.5,7.714376999999999e-6,1.6363829999999998e-7,1.668627e-7,1.6122000000000014e-8
225.5,7.771e-6,160.0,7.436847e-6,1.577513e-7,1.6085970000000002e-7,1.5542000000000014e-8
226.5,7.492e-6,159.4,7.169843999999999e-6,1.5208759999999998e-7,1.5508439999999998e-7,1.4984000000000014e-8
227.5,7.223e-6,158.9,6.912411e-6,1.466269e-7,1.495161e-7,1.4446000000000012e-8
228.5,6.968e-6,158.2,6.668376e-6,1.4145039999999998e-7,1.442376e-7,1.3936000000000013e-8
229.5,6.727e-6,157.3,6.437739e-6,1.365581e-7,1.392489e-7,1.3454000000000012e-8
230.5,6.494e-6,156.4,6.2147579999999995e-6,1.318282e-7,1.344258e-7,1.2988000000000012e-8
231.5,6.27e-6,155.5,6.0003899999999995e-6,1.27281e-7,1.29789e-7,1.2540000000000012e-8
232.5,6.017e-6,155.5,5.758269e-6,1.221451e-7,1.245519e-7,1.203400000000001e-8
233.5,5.758e-6,155.9,5.5104059999999995e-6,1.1688739999999999e-7,1.1919059999999999e-7,1.151600000000001e-8
234.5,5.511e-6,156.3,5.274027e-6,1.118733e-7,1.1407770000000001e-7,1.1022000000000011e-8
235.5,5.274e-6,156.7,5.047218e-6,1.070622e-7,1.091718e-7,1.054800000000001e-8
236.5,5.068e-6,156.5,4.850076e-6,1.0288039999999999e-7,1.049076e-7,1.0136000000000009e-8
237.5,4.874e-6,156.2,4.664418e-6,9.89422e-8,1.008918e-7,9.748000000000009e-9
238.5,4.688e-6,155.9,4.4864159999999995e-6,9.516639999999999e-8,9.70416e-8,9.376000000000007e-9
239.5,4.508e-6,155.6,4.314156e-6,9.151239999999999e-8,9.331559999999999e-8,9.016000000000008e-9
240.5,4.318e-6,155.9,4.132326e-6,8.76554e-8,8.938259999999999e-8,8.636000000000007e-9
241.5,4.136e-6,156.2,3.958152e-6,8.39608e-8,8.56152e-8,8.272000000000008e-9
242.5,3.962e-6,156.5,3.7916340000000003e-6,8.04286e-8,8.20134e-8,7.924000000000007e-9
243.5,3.792e-6,157.0,3.6289439999999996e-6,7.69776e-8,7.84944e-8,7.584000000000007e-9
244.5,3.617e-6,158.1,3.4614689999999996e-6,7.342509999999999e-8,7.487189999999999e-8,7.234000000000006e-9
245.5,3.45e-6,159.2,3.30165e-6,7.003499999999999e-8,7.1415e-8,6.900000000000006e-9
246.5,3.291e-6,160.2,3.149487e-6,6.68073e-8,6.812369999999999e-8,6.582000000000006e-9
247.5,3.147e-6,161.0,3.011679e-6,6.38841e-8,6.51429e-8,6.294000000000006e-9
248.5,3.025e-6,160.9,2.8949249999999996e-6,6.140749999999999e-8,6.26175e-8,6.050000000000005e-9
249.5,2.908e-6,160.9,2.782956e-6,5.90324e-8,6.01956e-8,5.816000000000005e-9
250.5,2.795e-6,160.8,2.674815e-6,5.6738499999999996e-8,5.78565e-8,5.590000000000005e-9
251.5,2.697e-6,160.2,2.581029e-6,5.47491e-8,5.58279e-8,5.394000000000005e-9
252.5,2.614e-6,158.7,2.501598e-6,5.3064199999999995e-8,5.4109799999999995e-8,5.228000000000005e-9
253.5,2.535e-6,157.2,2.425995e-6,5.146049999999999e-8,5.24745e-8,5.070000000000004e-9
254.5,2.458e-6,155.7,2.352306e-6,4.9897399999999995e-8,5.08806e-8,4.916000000000004e-9
255.5,2.376e-6,154.5,2.273832e-6,4.82328e-8,4.91832e-8,4.752000000000004e-9
256.5,2.29e-6,153.7,2.19153e-6,4.6487e-8,4.7403000000000004e-8,4.5800000000000045e-9
257.5,2.208e-6,152.8,2.1130559999999998e-6,4.482239999999999e-8,4.57056e-8,4.416000000000004e-9
258.5,2.129e-6,152.0,2.0374529999999997e-6,4.3218699999999995e-8,4.407029999999999e-8,4.258000000000003e-9
259.5,2.049e-6,151.4,1.960893e-6,4.15947e-8,4.24143e-8,4.098000000000004e-9
260.5,1.971e-6,150.8,1.8862469999999999e-6,4.0011299999999996e-8,4.07997e-8,3.942000000000003e-9
261.5,1.895e-6,150.3,1.813515e-6,3.84685e-8,3.9226500000000004e-8,3.790000000000004e-9
262.5,1.822e-6,149.8,1.743654e-6,3.69866e-8,3.77154e-8,3.6440000000000035e-9
263.5,1.741e-6,150.2,1.6661369999999998e-6,3.5342299999999996e-8,3.60387e-8,3.482000000000003e-9
264.5,1.661e-6,151.0,1.589577e-6,3.37183e-8,3.43827e-8,3.3220000000000032e-9
265.5,1.585e-6,151.7,1.516845e-6,3.21755e-8,3.28095e-8,3.170000000000003e-9
266.5,1.512e-6,152.4,1.446984e-6,3.06936e-8,3.12984e-8,3.0240000000000028e-9
267.5,1.432e-6,154.3,1.3704239999999999e-6,2.90696e-8,2.96424e-8,2.8640000000000025e-9
268.5,1.356e-6,156.4,1.2976919999999999e-6,2.7526799999999998e-8,2.80692e-8,2.7120000000000026e-9
269.5,1.284e-6,158.5,1.2287879999999999e-6,2.6065199999999996e-8,2.65788e-8,2.568000000000002e-9
270.5,1.216e-6,160.7,1.163712e-6,2.46848e-8,2.5171200000000002e-8,2.4320000000000024e-9
271.5,1.168e-6,160.7,1.117776e-6,2.37104e-8,2.41776e-8,2.3360000000000023e-9
272.5,1.124e-6,160.6,1.0756679999999999e-6,2.2817199999999996e-8,2.3266799999999998e-8,2.2480000000000017e-9
273.5,1.081e-6,160.4,1.0345169999999998e-6,2.1944299999999998e-8,2.2376699999999996e-8,2.162000000000002e-9
274.5,1.04e-6,160.3,9.9528e-7,2.1111999999999997e-8,2.1528e-8,2.080000000000002e-9
275.5,1.009e-6,158.5,9.65613e-7,2.04827e-8,2.08863e-8,2.018000000000002e-9
276.5,9.796e-7,156.8,9.374771999999999e-7,1.9885879999999998e-8,2.0277719999999998e-8,1.9592000000000017e-9
277.5,9.509e-7,155.0,9.100113e-7,1.9303269999999998e-8,1.968363e-8,1.9018000000000014e-9
278.5,9.223e-7,153.4,8.826411e-7,1.872269e-8,1.909161e-8,1.8446000000000017e-9
279.5,8.834e-7,153.6,8.454138e-7,1.793302e-8,1.8286379999999998e-8,1.7668000000000016e-9
280.5,8.461e-7,153.8,8.097177e-7,1.717583e-8,1.751427e-8,1.6922000000000017e-9
281.5,8.105e-7,154.0,7.756485e-7,1.645315e-8,1.677735e-8,1.6210000000000015e-9
282.5,7.766e-7,154.2,7.432062e-7,1.576498e-8,1.607562e-8,1.5532000000000014e-9
283.5,7.467e-7,153.8,7.145919e-7,1.515801e-8,1.5456689999999998e-8,1.4934000000000013e-9
284.5,7.179e-7,153.4,6.870303000000001e-7,1.457337e-8,1.486053e-8,1.4358000000000014e-9
285.5,6.903e-7,153.0,6.606171e-7,1.4013089999999998e-8,1.4289209999999999e-8,1.3806000000000012e-9
286.5,6.622e-7,153.0,6.337254e-7,1.3442659999999999e-8,1.370754e-8,1.3244000000000011e-9
287.5,6.278e-7,154.9,6.008046e-7,1.274434e-8,1.2995460000000001e-8,1.2556000000000011e-9
288.5,5.953e-7,156.7,5.697021e-7,1.208459e-8,1.232271e-8,1.1906000000000012e-9
289.5,5.646e-7,158.6,5.403221999999999e-7,1.1461379999999998e-8,1.168722e-8,1.129200000000001e-9
290.5,5.351e-7,160.7,5.120907e-7,1.0862529999999998e-8,1.1076569999999999e-8,1.070200000000001e-9
291.5,5.054e-7,163.6,4.836677999999999e-7,1.0259619999999999e-8,1.0461779999999999e-8,1.0108000000000009e-9
292.5,4.776e-7,166.6,4.5706319999999995e-7,9.695279999999998e-9,9.88632e-9,9.552000000000008e-10
293.5,4.515e-7,169.6,4.320855e-7,9.16545e-9,9.34605e-9,9.030000000000008e-10
294.5,4.289e-7,171.8,4.104573e-7,8.706669999999999e-9,8.878229999999999e-9,8.578000000000007e-10
295.5,4.148e-7,171.1,3.9696359999999996e-7,8.420439999999998e-9,8.586359999999999e-9,8.296000000000007e-10
296.5,4.011e-7,170.5,3.838527e-7,8.14233e-9,8.30277e-9,8.022000000000007e-10
297.5,3.88e-7,169.9,3.7131599999999996e-7,7.876399999999999e-9,8.0316e-9,7.760000000000006e-10
298.5,3.715e-7,171.0,3.555255e-7,7.541449999999999e-9,7.69005e-9,7.430000000000006e-10
299.5,3.445e-7,177.9,3.296865e-7,6.993349999999999e-9,7.13115e-9,6.890000000000006e-10
300.5,3.199e-7,184.8,3.061443e-7,6.49397e-9,6.62193e-9,6.398000000000005e-10
301.5,2.975e-7,191.8,2.847075e-7,6.03925e-9,6.15825e-9,5.950000000000005e-10
302.5,2.788e-7,197.7,2.6681159999999997e-7,5.659639999999999e-9,5.77116e-9,5.576000000000004e-10
303.5,2.668e-7,200.2,2.5532759999999997e-7,5.416039999999999e-9,5.52276e-9,5.336000000000004e-10
304.5,2.554e-7,202.7,2.4441780000000003e-7,5.18462e-9,5.286780000000001e-9,5.108000000000006e-10
305.5,2.445e-7,205.2,2.339865e-7,4.963349999999999e-9,5.06115e-9,4.890000000000005e-10
306.5,2.349e-7,207.0,2.2479929999999998e-7,4.768469999999999e-9,4.86243e-9,4.698000000000004e-10
307.5,2.285e-7,206.3,2.1867449999999998e-7,4.638549999999999e-9,4.72995e-9,4.570000000000004e-10
308.5,2.222e-7,205.6,2.1264539999999998e-7,4.51066e-9,4.59954e-9,4.444000000000004e-10
309.5,2.162e-7,204.9,2.0690339999999998e-7,4.38886e-9,4.4753399999999996e-9,4.324000000000004e-10
310.5,2.103e-7,204.1,2.0125709999999998e-7,4.26909e-9,4.35321e-9,4.206000000000004e-10
311.5,2.048e-7,203.0,1.959936e-7,4.15744e-9,4.23936e-9,4.096000000000004e-10
312.5,1.995e-7,202.0,1.909215e-7,4.04985e-9,4.12965e-9,3.990000000000004e-10
313.5,1.943e-7,201.0,1.859451e-7,3.94429e-9,4.02201e-9,3.886000000000004e-10
314.5,1.892e-7,199.8,1.8106439999999998e-7,3.84076e-9,3.91644e-9,3.784000000000003e-10
315.5,1.845e-7,198.4,1.7656649999999998e-7,3.74535e-9,3.81915e-9,3.6900000000000033e-10
316.5,1.799e-7,197.0,1.7216429999999998e-7,3.6519699999999993e-9,3.7239299999999996e-9,3.598000000000003e-10
317.5,1.754e-7,195.5,1.6785779999999998e-7,3.5606199999999996e-9,3.6307799999999997e-9,3.508000000000003e-10
318.5,1.708e-7,194.4,1.6345559999999998e-7,3.4672399999999997e-9,3.5355599999999997e-9,3.416000000000003e-10
319.5,1.648e-7,194.9,1.5771359999999998e-7,3.3454399999999996e-9,3.4113599999999997e-9,3.296000000000003e-10
320.5,1.591e-7,195.5,1.5225869999999998e-7,3.2297299999999994e-9,3.2933699999999998e-9,3.1820000000000026e-10
321.5,1.535e-7,196.0,1.4689949999999998e-7,3.11605e-9,3.1774499999999996e-9,3.0700000000000023e-10
322.5,1.482e-7,196.5,1.4182739999999999e-7,3.0084599999999998e-9,3.0677399999999996e-9,2.9640000000000024e-10
323.5,1.437e-7,196.2,1.3752089999999999e-7,2.9171099999999997e-9,2.9745899999999998e-9,2.8740000000000027e-10
324.5,1.393e-7,195.9,1.333101e-7,2.82779e-9,2.88351e-9,2.7860000000000026e-10
325.5,1.35e-7,195.6,1.2919499999999999e-7,2.7404999999999998e-9,2.7945000000000002e-9,2.7000000000000026e-10
326.5,1.309e-7,195.3,1.252713e-7,2.6572699999999994e-9,2.70963e-9,2.618000000000002e-10
327.5,1.271e-7,194.6,1.216347e-7,2.58013e-9,2.6309699999999997e-9,2.542000000000002e-10
328.5,1.235e-7,193.8,1.1818949999999999e-7,2.5070499999999995e-9,2.5564499999999998e-9,2.470000000000002e-10
329.5,1.199e-7,193.1,1.147443e-7,2.43397e-9,2.48193e-9,2.3980000000000025e-10
330.5,1.165e-7,192.4,1.114905e-7,2.3649499999999998e-9,2.41155e-9,2.3300000000000023e-10
331.5,1.126e-7,192.6,1.077582e-7,2.28578e-9,2.33082e-9,2.2520000000000021e-10
332.5,1.088e-7,192.7,1.0412159999999999e-7,2.20864e-9,2.25216e-9,2.1760000000000018e-10
333.5,1.051e-7,192.9,1.0058069999999999e-7,2.1335299999999998e-9,2.1755699999999998e-9,2.102000000000002e-10
334.5,1.016e-7,193.1,9.723119999999999e-8,2.0624799999999997e-9,2.10312e-9,2.0320000000000016e-10
335.5,9.782e-8,194.1,9.361373999999999e-8,1.9857459999999996e-9,2.024874e-9,1.9564000000000016e-10
336.5,9.414e-8,195.2,9.009197999999999e-8,1.911042e-9,1.948698e-9,1.8828000000000015e-10
337.5,9.059e-8,196.2,8.669463e-8,1.838977e-9,1.875213e-9,1.8118000000000017e-10
338.5,8.719e-8,197.3,8.344083e-8,1.7699569999999998e-9,1.804833e-9,1.7438000000000015e-10
339.5,8.412e-8,198.0,8.050283999999999e-8,1.7076359999999999e-9,1.741284e-9,1.6824000000000016e-10
340.5,8.12e-8,198.7,7.770839999999999e-8,1.6483599999999999e-9,1.68084e-9,1.6240000000000013e-10
341.5,7.839e-8,199.4,7.501923e-8,1.591317e-9,1.622673e-9,1.5678000000000016e-10
342.5,7.567e-8,200.0,7.241618999999999e-8,1.536101e-9,1.566369e-9,1.5134000000000015e-10
343.5,7.297e-8,201.0,6.983228999999999e-8,1.4812909999999999e-9,1.5104789999999998e-9,1.4594000000000012e-10
344.5,7.035e-8,202.0,6.732495e-8,1.428105e-9,1.456245e-9,1.4070000000000014e-10
345.5,6.782e-8,203.1,6.490373999999999e-8,1.3767459999999998e-9,1.4038739999999999e-9,1.356400000000001e-10
346.5,6.538e-8,204.1,6.256866e-8,1.3272139999999998e-9,1.3533659999999998e-9,1.307600000000001e-10
347.5,6.307e-8,205.1,6.035799e-8,1.2803209999999999e-9,1.3055489999999998e-9,1.261400000000001e-10
348.5,6.086e-8,206.1,5.824302e-8,1.235458e-9,1.2598020000000002e-9,1.2172000000000012e-10
349.5,5.873e-8,207.1,5.6204609999999994e-8,1.192219e-9,1.2157109999999998e-9,1.174600000000001e-10
350.5,5.668e-8,208.1,5.424276e-8,1.150604e-9,1.173276e-9,1.133600000000001e-10
351.5,5.415e-8,211.4,5.1821549999999995e-8,1.099245e-9,1.1209049999999999e-9,1.083000000000001e-10
352.5,5.128e-8,216.8,4.9074959999999995e-8,1.0409839999999999e-9,1.061496e-9,1.025600000000001e-10
353.5,4.86e-8,222.1,4.6510199999999995e-8,9.8658e-10,1.00602e-9,9.720000000000009e-11
354.5,4.609e-8,227.4,4.4108129999999995e-8,9.356269999999999e-10,9.54063e-10,9.218000000000008e-11
355.5,4.418e-8,230.6,4.228026e-8,8.96854e-10,9.14526e-10,8.836000000000008e-11
356.5,4.299e-8,230.6,4.114143e-8,8.72697e-10,8.89893e-10,8.598000000000009e-11
357.5,4.184e-8,230.5,4.004088e-8,8.49352e-10,8.66088e-10,8.368000000000008e-11
358.5,4.071e-8,230.5,3.8959469999999996e-8,8.264129999999999e-10,8.42697e-10,8.142000000000007e-11
359.5,3.95e-8,231.2,3.78015e-8,8.0185e-10,8.176500000000001e-10,7.900000000000008e-11
360.5,3.802e-8,233.8,3.6385139999999996e-8,7.718059999999999e-10,7.87014e-10,7.604000000000007e-11
361.5,3.66e-8,236.3,3.5026199999999996e-8,7.429799999999998e-10,7.576199999999999e-10,7.320000000000005e-11
362.5,3.525e-8,238.9,3.373425e-8,7.15575e-10,7.29675e-10,7.050000000000007e-11
363.5,3.392e-8,241.7,3.246144e-8,6.88576e-10,7.021440000000001e-10,6.784000000000006e-11
364.5,3.251e-8,245.8,3.111207e-8,6.599529999999999e-10,6.72957e-10,6.502000000000005e-11
365.5,3.117e-8,249.9,2.982969e-8,6.327509999999999e-10,6.45219e-10,6.234000000000005e-11
366.5,2.99e-8,254.0,2.86143e-8,6.0697e-10,6.189300000000001e-10,5.980000000000005e-11
367.5,2.868e-8,258.2,2.7446759999999997e-8,5.822039999999999e-10,5.93676e-10,5.736000000000005e-11
368.5,2.774e-8,260.6,2.6547179999999997e-8,5.631219999999999e-10,5.74218e-10,5.5480000000000044e-11
369.5,2.684e-8,262.9,2.568588e-8,5.44852e-10,5.55588e-10,5.368000000000005e-11
370.5,2.597e-8,265.3,2.485329e-8,5.271909999999999e-10,5.37579e-10,5.194000000000005e-11
371.5,2.513e-8,267.7,2.404941e-8,5.101389999999999e-10,5.20191e-10,5.026000000000005e-11
372.5,2.436e-8,269.8,2.331252e-8,4.94508e-10,5.04252e-10,4.8720000000000046e-11
373.5,2.363e-8,271.8,2.261391e-8,4.79689e-10,4.89141e-10,4.7260000000000045e-11
374.5,2.292e-8,273.8,2.1934439999999998e-8,4.6527599999999993e-10,4.74444e-10,4.584000000000004e-11
375.5,2.223e-8,275.8,2.127411e-8,4.51269e-10,4.60161e-10,4.446000000000004e-11
376.5,2.152e-8,278.5,2.0594639999999998e-8,4.36856e-10,4.45464e-10,4.304000000000004e-11
377.5,2.082e-8,281.6,1.992474e-8,4.22646e-10,4.30974e-10,4.1640000000000037e-11
378.5,2.014e-8,284.7,1.9273979999999998e-8,4.0884199999999997e-10,4.16898e-10,4.0280000000000034e-11
379.5,1.948e-8,287.7,1.8642359999999998e-8,3.9544399999999996e-10,4.03236e-10,3.896000000000003e-11
380.5,1.886e-8,290.9,1.804902e-8,3.82858e-10,3.9040200000000003e-10,3.772000000000004e-11
381.5,1.826e-8,294.1,1.7474819999999998e-8,3.7067799999999994e-10,3.77982e-10,3.652000000000003e-11
382.5,1.768e-8,297.4,1.6919759999999998e-8,3.5890399999999995e-10,3.65976e-10,3.5360000000000034e-11
383.5,1.713e-8,300.6,1.6393409999999998e-8,3.4773899999999997e-10,3.5459099999999997e-10,3.4260000000000026e-11
384.5,1.657e-8,304.4,1.585749e-8,3.3637099999999995e-10,3.4299899999999994e-10,3.314000000000003e-11
385.5,1.597e-8,309.4,1.528329e-8,3.24191e-10,3.30579e-10,3.194000000000003e-11
386.5,1.54e-8,314.5,1.4737799999999998e-8,3.1261999999999995e-10,3.1877999999999996e-10,3.0800000000000025e-11
387.5,1.486e-8,319.5,1.422102e-8,3.01658e-10,3.07602e-10,2.972000000000003e-11
388.5,1.434e-8,324.5,1.3723379999999999e-8,2.9110199999999997e-10,2.96838e-10,2.8680000000000024e-11
389.5,1.387e-8,329.3,1.3273589999999999e-8,2.8156099999999996e-10,2.87109e-10,2.7740000000000022e-11
390.5,1.341e-8,334.1,1.283337e-8,2.72223e-10,2.77587e-10,2.6820000000000027e-11
391.5,1.298e-8,338.9,1.2421859999999999e-8,2.6349399999999997e-10,2.68686e-10,2.5960000000000023e-11
392.5,1.256e-8,343.7,1.2019919999999999e-8,2.54968e-10,2.5999199999999996e-10,2.5120000000000022e-11
393.5,1.219e-8,348.0,1.166583e-8,2.4745699999999997e-10,2.52333e-10,2.4380000000000023e-11
394.5,1.183e-8,352.2,1.132131e-8,2.40149e-10,2.44881e-10,2.366000000000002e-11
395.5,1.148e-8,356.4,1.0986359999999999e-8,2.33044e-10,2.37636e-10,2.296000000000002e-11
396.5,1.115e-8,360.6,1.067055e-8,2.26345e-10,2.30805e-10,2.2300000000000023e-11
397.5,1.087e-8,363.5,1.040259e-8,2.20661e-10,2.2500900000000002e-10,2.174000000000002e-11
398.5,1.062e-8,365.9,1.0163339999999999e-8,2.15586e-10,2.19834e-10,2.124000000000002e-11
399.5,1.038e-8,368.3,9.933659999999999e-9,2.1071399999999997e-10,2.1486599999999997e-10,2.0760000000000017e-11
400.5,1.014e-8,370.6,9.703979999999999e-9,2.05842e-10,2.09898e-10,2.028000000000002e-11
401.5,9.922e-9,372.4,9.495353999999999e-9,2.0141659999999996e-10,2.0538539999999998e-10,1.9844000000000018e-11
402.5,9.735e-9,373.4,9.316395e-9,1.9762050000000002e-10,2.0151450000000002e-10,1.9470000000000018e-11
403.5,9.551e-9,374.4,9.140307e-9,1.938853e-10,1.977057e-10,1.9102000000000018e-11
404.5,9.371e-9,375.4,8.968047e-9,1.902313e-10,1.939797e-10,1.8742000000000015e-11
405.5,9.196e-9,376.3,8.800572e-9,1.866788e-10,1.903572e-10,1.8392000000000018e-11
406.5,9.034e-9,377.0,8.645538e-9,1.8339019999999999e-10,1.870038e-10,1.8068000000000017e-11
407.5,8.874e-9,377.6,8.492418e-9,1.801422e-10,1.8369180000000002e-10,1.774800000000002e-11
408.5,8.717e-9,378.2,8.342168999999999e-9,1.769551e-10,1.8044189999999998e-10,1.7434000000000013e-11
409.5,8.564e-9,378.8,8.195748e-9,1.7384919999999998e-10,1.772748e-10,1.7128000000000015e-11
410.5,8.408e-9,379.6,8.046456e-9,1.706824e-10,1.740456e-10,1.6816000000000014e-11
411.5,8.256e-9,380.5,7.900992e-9,1.6759679999999998e-10,1.7089919999999998e-10,1.6512000000000014e-11
412.5,8.107e-9,381.3,7.758398999999999e-9,1.6457209999999998e-10,1.6781489999999997e-10,1.6214000000000013e-11
413.5,7.96e-9,382.2,7.61772e-9,1.61588e-10,1.6477199999999998e-10,1.5920000000000015e-11
414.5,7.806e-9,383.5,7.470342e-9,1.584618e-10,1.6158420000000002e-10,1.5612000000000015e-11
415.5,7.652e-9,385.1,7.322964e-9,1.5533559999999997e-10,1.5839639999999998e-10,1.5304000000000013e-11
416.5,7.502e-9,386.6,7.179414e-9,1.5229059999999998e-10,1.552914e-10,1.5004000000000015e-11
417.5,7.354e-9,388.2,7.0377779999999994e-9,1.4928619999999999e-10,1.522278e-10,1.4708000000000012e-11
418.5,7.206e-9,390.0,6.896142e-9,1.462818e-10,1.491642e-10,1.4412000000000013e-11
419.5,7.057e-9,392.1,6.753549e-9,1.4325709999999998e-10,1.460799e-10,1.4114000000000012e-11
420.5,6.912e-9,394.2,6.614784e-9,1.403136e-10,1.430784e-10,1.3824000000000012e-11
421.5,6.769e-9,396.3,6.4779329999999995e-9,1.3741069999999998e-10,1.401183e-10,1.3538000000000013e-11
422.5,6.628e-9,398.6,6.342996e-9,1.345484e-10,1.371996e-10,1.3256000000000012e-11
423.5,6.482e-9,401.4,6.203274e-9,1.315846e-10,1.341774e-10,1.2964000000000011e-11
424.5,6.34e-9,404.3,6.06738e-9,1.28702e-10,1.3123799999999999e-10,1.2680000000000011e-11
425.5,6.202e-9,407.1,5.935314e-9,1.2590059999999998e-10,1.283814e-10,1.240400000000001e-11
426.5,6.066e-9,410.0,5.805162e-9,1.231398e-10,1.2556620000000002e-10,1.2132000000000012e-11
427.5,5.921e-9,414.0,5.666396999999999e-9,1.201963e-10,1.225647e-10,1.184200000000001e-11
428.5,5.779e-9,418.1,5.530503e-9,1.173137e-10,1.196253e-10,1.155800000000001e-11
429.5,5.64e-9,422.2,5.39748e-9,1.14492e-10,1.16748e-10,1.128000000000001e-11
430.5,5.506e-9,426.2,5.269241999999999e-9,1.1177179999999998e-10,1.1397419999999999e-10,1.101200000000001e-11
431.5,5.363e-9,431.4,5.132391e-9,1.0886889999999999e-10,1.1101409999999999e-10,1.0726000000000009e-11
432.5,5.219e-9,437.3,4.9945830000000005e-9,1.0594569999999999e-10,1.080333e-10,1.043800000000001e-11
433.5,5.08e-9,443.1,4.8615599999999995e-9,1.0312399999999998e-10,1.0515599999999999e-10,1.0160000000000008e-11
434.5,4.945e-9,448.9,4.7323649999999995e-9,1.0038349999999998e-10,1.023615e-10,9.890000000000009e-12
435.5,4.815e-9,454.9,4.6079549999999995e-9,9.774449999999999e-11,9.96705e-11,9.630000000000008e-12
436.5,4.687e-9,461.3,4.485459e-9,9.51461e-11,9.70209e-11,9.374000000000009e-12
437.5,4.564e-9,467.6,4.3677480000000005e-9,9.26492e-11,9.44748e-11,9.128000000000009e-12
438.5,4.445e-9,473.9,4.253865e-9,9.02335e-11,9.20115e-11,8.890000000000009e-12
439.5,4.33e-9,480.2,4.1438099999999996e-9,8.789899999999999e-11,8.963099999999999e-11,8.660000000000007e-12
440.5,4.227e-9,485.8,4.045239e-9,8.58081e-11,8.74989e-11,8.454000000000009e-12
441.5,4.128e-9,491.4,3.950496e-9,8.379839999999999e-11,8.544959999999999e-11,8.256000000000007e-12
442.5,4.031e-9,497.0,3.8576669999999994e-9,8.182929999999999e-11,8.34417e-11,8.062000000000007e-12
443.5,3.937e-9,502.7,3.767709e-9,7.99211e-11,8.14959e-11,7.874000000000006e-12
444.5,3.859e-9,506.6,3.6930629999999998e-9,7.833769999999999e-11,7.98813e-11,7.718000000000007e-12
445.5,3.789e-9,509.9,3.6260729999999998e-9,7.69167e-11,7.84323e-11,7.578000000000007e-12
446.5,3.721e-9,513.2,3.560997e-9,7.553629999999999e-11,7.70247e-11,7.442000000000006e-12
447.5,3.653e-9,516.5,3.495921e-9,7.415589999999999e-11,7.56171e-11,7.306000000000006e-12
448.5,3.591e-9,519.3,3.436587e-9,7.28973e-11,7.433370000000001e-11,7.182000000000006e-12
449.5,3.536e-9,521.4,3.383952e-9,7.178079999999999e-11,7.31952e-11,7.072000000000007e-12
450.5,3.481e-9,523.6,3.331317e-9,7.066429999999999e-11,7.20567e-11,6.962000000000006e-12
451.5,3.427e-9,525.7,3.2796389999999997e-9,6.956809999999999e-11,7.09389e-11,6.854000000000006e-12
452.5,3.375e-9,527.8,3.229875e-9,6.85125e-11,6.98625e-11,6.750000000000006e-12
453.5,3.329e-9,529.0,3.185853e-9,6.75787e-11,6.89103e-11,6.658000000000006e-12
454.5,3.285e-9,530.2,3.143745e-9,6.668549999999999e-11,6.79995e-11,6.570000000000006e-12
455.5,3.24e-9,531.5,3.1006799999999997e-9,6.5772e-11,6.7068e-11,6.4800000000000055e-12
456.5,3.197e-9,532.7,3.0595289999999998e-9,6.48991e-11,6.61779e-11,6.394000000000006e-12
457.5,3.156e-9,533.6,3.020292e-9,6.406679999999999e-11,6.53292e-11,6.3120000000000054e-12
458.5,3.117e-9,534.4,2.9829689999999998e-9,6.327509999999999e-11,6.45219e-11,6.234000000000005e-12
459.5,3.079e-9,535.1,2.946603e-9,6.25037e-11,6.373529999999999e-11,6.158000000000005e-12
460.5,3.041e-9,535.9,2.910237e-9,6.17323e-11,6.29487e-11,6.082000000000006e-12
461.5,3.003e-9,536.6,2.873871e-9,6.096089999999999e-11,6.21621e-11,6.006000000000006e-12
462.5,2.968e-9,537.1,2.840376e-9,6.02504e-11,6.143760000000001e-11,5.936000000000005e-12
463.5,2.932e-9,537.6,2.8059239999999998e-9,5.95196e-11,6.069239999999999e-11,5.864000000000005e-12
464.5,2.897e-9,538.1,2.772429e-9,5.880909999999999e-11,5.996789999999999e-11,5.7940000000000046e-12
465.5,2.863e-9,538.6,2.739891e-9,5.81189e-11,5.92641e-11,5.726000000000005e-12
466.5,2.831e-9,538.8,2.7092669999999996e-9,5.746929999999999e-11,5.86017e-11,5.662000000000005e-12
467.5,2.799e-9,539.0,2.678643e-9,5.681969999999999e-11,5.79393e-11,5.598000000000005e-12
468.5,2.768e-9,539.1,2.648976e-9,5.6190399999999994e-11,5.7297599999999996e-11,5.536000000000005e-12
469.5,2.737e-9,539.3,2.619309e-9,5.5561099999999995e-11,5.66559e-11,5.474000000000005e-12
470.5,2.708e-9,539.3,2.591556e-9,5.49724e-11,5.6055600000000004e-11,5.416000000000005e-12
471.5,2.679e-9,539.0,2.563803e-9,5.4383699999999994e-11,5.5455299999999996e-11,5.3580000000000044e-12
472.5,2.651e-9,538.8,2.537007e-9,5.3815299999999996e-11,5.48757e-11,5.302000000000005e-12
473.5,2.623e-9,538.6,2.510211e-9,5.32469e-11,5.42961e-11,5.246000000000005e-12
474.5,2.596e-9,538.3,2.484372e-9,5.26988e-11,5.37372e-11,5.1920000000000045e-12
475.5,2.57e-9,537.8,2.4594899999999997e-9,5.2170999999999995e-11,5.3199e-11,5.140000000000004e-12
476.5,2.543e-9,537.4,2.433651e-9,5.16229e-11,5.26401e-11,5.086000000000005e-12
477.5,2.518e-9,536.9,2.409726e-9,5.11154e-11,5.2122600000000005e-11,5.036000000000005e-12
478.5,2.492e-9,536.5,2.384844e-9,5.05876e-11,5.15844e-11,4.984000000000005e-12
479.5,2.467e-9,536.0,2.360919e-9,5.0080099999999996e-11,5.10669e-11,4.934000000000004e-12
480.5,2.442e-9,535.6,2.336994e-9,4.95726e-11,5.05494e-11,4.884000000000005e-12
481.5,2.418e-9,535.1,2.314026e-9,4.9085399999999996e-11,5.00526e-11,4.836000000000005e-12
482.5,2.394e-9,534.7,2.2910579999999995e-9,4.8598199999999994e-11,4.9555799999999994e-11,4.788000000000004e-12
483.5,2.369e-9,534.3,2.267133e-9,4.8090699999999996e-11,4.90383e-11,4.738000000000004e-12
484.5,2.344e-9,534.1,2.243208e-9,4.75832e-11,4.85208e-11,4.688000000000004e-12
485.5,2.319e-9,534.0,2.219283e-9,4.7075699999999993e-11,4.80033e-11,4.638000000000004e-12
486.5,2.295e-9,533.8,2.1963149999999998e-9,4.65885e-11,4.75065e-11,4.5900000000000045e-12
487.5,2.27e-9,533.6,2.1723899999999998e-9,4.608099999999999e-11,4.6988999999999995e-11,4.540000000000004e-12
488.5,2.242e-9,534.3,2.145594e-9,4.5512599999999995e-11,4.64094e-11,4.484000000000004e-12
489.5,2.215e-9,535.1,2.1197549999999998e-9,4.496449999999999e-11,4.58505e-11,4.4300000000000035e-12
490.5,2.188e-9,535.8,2.0939159999999997e-9,4.4416399999999996e-11,4.52916e-11,4.376000000000004e-12
491.5,2.161e-9,536.5,2.0680769999999996e-9,4.3868299999999994e-11,4.47327e-11,4.322000000000004e-12
492.5,2.134e-9,537.3,2.042238e-9,4.332019999999999e-11,4.41738e-11,4.268000000000003e-12
493.5,2.108e-9,538.2,2.017356e-9,4.27924e-11,4.3635600000000004e-11,4.216000000000004e-12
494.5,2.082e-9,539.0,1.992474e-9,4.22646e-11,4.3097400000000003e-11,4.164000000000004e-12
495.5,2.056e-9,539.9,1.967592e-9,4.17368e-11,4.2559199999999997e-11,4.1120000000000035e-12
496.5,2.03e-9,540.9,1.94271e-9,4.120899999999999e-11,4.2020999999999996e-11,4.060000000000003e-12
497.5,2.003e-9,542.4,1.9168709999999997e-9,4.0660899999999994e-11,4.1462099999999996e-11,4.006000000000003e-12
498.5,1.976e-9,543.9,1.8910319999999996e-9,4.011279999999999e-11,4.0903199999999995e-11,3.952000000000003e-12
499.5,1.949e-9,545.4,1.865193e-9,3.95647e-11,4.03443e-11,3.898000000000004e-12
500.5,1.923e-9,546.9,1.840311e-9,3.9036899999999996e-11,3.98061e-11,3.846000000000004e-12
501.5,1.896e-9,548.7,1.814472e-9,3.84888e-11,3.92472e-11,3.792000000000003e-12
502.5,1.87e-9,550.7,1.7895899999999998e-9,3.7961e-11,3.8709e-11,3.740000000000003e-12
503.5,1.844e-9,552.6,1.764708e-9,3.74332e-11,3.81708e-11,3.688000000000004e-12
504.5,1.819e-9,554.5,1.740783e-9,3.6925699999999995e-11,3.76533e-11,3.638000000000004e-12
505.5,1.794e-9,556.5,1.716858e-9,3.64182e-11,3.71358e-11,3.5880000000000033e-12
506.5,1.768e-9,558.8,1.691976e-9,3.5890399999999997e-11,3.65976e-11,3.5360000000000035e-12
507.5,1.743e-9,561.0,1.668051e-9,3.53829e-11,3.60801e-11,3.486000000000003e-12
508.5,1.718e-9,563.2,1.644126e-9,3.48754e-11,3.55626e-11,3.436000000000003e-12
509.5,1.694e-9,565.4,1.6211579999999998e-9,3.43882e-11,3.50658e-11,3.388000000000003e-12
510.5,1.67e-9,567.9,1.59819e-9,3.3900999999999996e-11,3.4569e-11,3.340000000000003e-12
511.5,1.645e-9,570.5,1.574265e-9,3.33935e-11,3.40515e-11,3.2900000000000027e-12
512.5,1.621e-9,573.1,1.551297e-9,3.29063e-11,3.35547e-11,3.242000000000003e-12
513.5,1.598e-9,575.7,1.529286e-9,3.2439399999999996e-11,3.3078600000000003e-11,3.196000000000003e-12
514.5,1.575e-9,578.3,1.507275e-9,3.1972499999999996e-11,3.26025e-11,3.150000000000003e-12
515.5,1.551e-9,581.3,1.4843069999999999e-9,3.1485299999999994e-11,3.21057e-11,3.1020000000000027e-12
516.5,1.528e-9,584.2,1.462296e-9,3.10184e-11,3.16296e-11,3.0560000000000027e-12
517.5,1.506e-9,587.1,1.4412419999999999e-9,3.0571799999999996e-11,3.11742e-11,3.0120000000000025e-12
518.5,1.483e-9,590.0,1.419231e-9,3.0104899999999996e-11,3.0698099999999997e-11,2.9660000000000025e-12
519.5,1.462e-9,592.9,1.399134e-9,2.9678599999999994e-11,3.02634e-11,2.9240000000000025e-12
520.5,1.441e-9,595.9,1.3790370000000001e-9,2.92523e-11,2.98287e-11,2.882000000000003e-12
521.5,1.42e-9,598.8,1.35894e-9,2.8826e-11,2.9394000000000003e-11,2.840000000000003e-12
522.5,1.399e-9,601.7,1.338843e-9,2.8399699999999998e-11,2.89593e-11,2.7980000000000024e-12
523.5,1.379e-9,604.6,1.319703e-9,2.79937e-11,2.8545300000000002e-11,2.7580000000000026e-12
524.5,1.36e-9,607.2,1.30152e-9,2.7607999999999998e-11,2.8152000000000002e-11,2.7200000000000025e-12
525.5,1.341e-9,609.9,1.283337e-9,2.7222299999999997e-11,2.77587e-11,2.6820000000000025e-12
526.5,1.323e-9,612.6,1.266111e-9,2.68569e-11,2.7386100000000003e-11,2.6460000000000027e-12
527.5,1.305e-9,615.3,1.2488849999999999e-9,2.6491499999999997e-11,2.7013499999999997e-11,2.610000000000002e-12
528.5,1.288e-9,617.6,1.232616e-9,2.61464e-11,2.66616e-11,2.5760000000000024e-12
529.5,1.271e-9,619.9,1.216347e-9,2.5801299999999998e-11,2.6309700000000002e-11,2.5420000000000023e-12
530.5,1.255e-9,622.1,1.2010349999999999e-9,2.5476499999999998e-11,2.5978499999999997e-11,2.510000000000002e-12
531.5,1.239e-9,624.4,1.1857229999999998e-9,2.5151699999999998e-11,2.56473e-11,2.478000000000002e-12
532.5,1.223e-9,626.6,1.170411e-9,2.4826899999999997e-11,2.53161e-11,2.4460000000000023e-12
533.5,1.208e-9,628.7,1.156056e-9,2.45224e-11,2.50056e-11,2.4160000000000022e-12
534.5,1.193e-9,630.7,1.1417009999999998e-9,2.4217899999999998e-11,2.4695099999999998e-11,2.3860000000000017e-12
535.5,1.178e-9,632.7,1.127346e-9,2.39134e-11,2.43846e-11,2.356000000000002e-12
536.5,1.164e-9,634.8,1.1139479999999998e-9,2.3629199999999997e-11,2.4094799999999996e-11,2.3280000000000018e-12
537.5,1.149e-9,637.0,1.099593e-9,2.33247e-11,2.37843e-11,2.298000000000002e-12
538.5,1.135e-9,639.2,1.0861949999999999e-9,2.3040499999999997e-11,2.3494499999999998e-11,2.270000000000002e-12
539.5,1.121e-9,641.4,1.072797e-9,2.2756299999999997e-11,2.32047e-11,2.242000000000002e-12
540.5,1.108e-9,643.6,1.060356e-9,2.24924e-11,2.29356e-11,2.2160000000000023e-12
541.5,1.095e-9,645.5,1.047915e-9,2.22285e-11,2.26665e-11,2.190000000000002e-12
542.5,1.082e-9,646.9,1.035474e-9,2.1964599999999997e-11,2.23974e-11,2.164000000000002e-12
543.5,1.071e-9,648.3,1.024947e-9,2.1741299999999998e-11,2.2169699999999998e-11,2.1420000000000016e-12
544.5,1.059e-9,649.7,1.0134629999999999e-9,2.1497699999999997e-11,2.1921299999999998e-11,2.1180000000000017e-12
545.5,1.047e-9,651.1,1.001979e-9,2.12541e-11,2.1672899999999998e-11,2.0940000000000018e-12
546.5,1.036e-9,652.2,9.91452e-10,2.1030799999999997e-11,2.14452e-11,2.0720000000000017e-12
547.5,1.025e-9,653.3,9.809250000000001e-10,2.08075e-11,2.12175e-11,2.050000000000002e-12
548.5,1.015e-9,654.4,9.71355e-10,2.0604499999999995e-11,2.1010499999999998e-11,2.0300000000000016e-12
549.5,1.004e-9,655.4,9.60828e-10,2.03812e-11,2.07828e-11,2.008000000000002e-12
550.5,9.939e-10,656.5,9.511623e-10,2.017617e-11,2.057373e-11,1.9878000000000017e-12
551.5,9.84e-10,657.4,9.416879999999999e-10,1.9975199999999997e-11,2.03688e-11,1.9680000000000017e-12
552.5,9.742e-10,658.3,9.323093999999999e-10,1.9776259999999998e-11,2.016594e-11,1.9484000000000017e-12
553.5,9.645e-10,659.2,9.230264999999999e-10,1.9579349999999998e-11,1.996515e-11,1.9290000000000016e-12
554.5,9.549e-10,660.1,9.138393e-10,1.938447e-11,1.976643e-11,1.909800000000002e-12
555.5,9.456e-10,660.8,9.049391999999999e-10,1.9195679999999996e-11,1.9573919999999998e-11,1.8912000000000015e-12
556.5,9.365e-10,661.6,8.962305e-10,1.901095e-11,1.938555e-11,1.873000000000002e-12
557.5,9.274e-10,662.3,8.875218e-10,1.882622e-11,1.919718e-11,1.8548000000000017e-12
558.5,9.185e-10,663.0,8.790045e-10,1.8645549999999998e-11,1.901295e-11,1.8370000000000016e-12
559.5,9.097e-10,663.7,8.705828999999999e-10,1.846691e-11,1.8830789999999998e-11,1.8194000000000017e-12
560.5,9.012e-10,664.2,8.624484e-10,1.829436e-11,1.8654839999999997e-11,1.8024000000000015e-12
561.5,8.928e-10,664.7,8.544095999999999e-10,1.8123839999999998e-11,1.848096e-11,1.7856000000000016e-12
562.5,8.844e-10,665.3,8.463707999999999e-10,1.7953319999999997e-11,1.830708e-11,1.7688000000000015e-12
563.5,8.762e-10,665.8,8.385234e-10,1.778686e-11,1.813734e-11,1.7524000000000017e-12
564.5,8.681e-10,666.3,8.307717e-10,1.762243e-11,1.796967e-11,1.7362000000000016e-12
565.5,8.602e-10,666.7,8.232113999999999e-10,1.7462059999999997e-11,1.780614e-11,1.7204000000000014e-12
566.5,8.524e-10,667.1,8.157467999999999e-10,1.730372e-11,1.764468e-11,1.7048000000000014e-12
567.5,8.446e-10,667.5,8.082821999999999e-10,1.714538e-11,1.7483219999999998e-11,1.6892000000000013e-12
568.5,8.369e-10,667.9,8.009132999999999e-10,1.6989069999999997e-11,1.732383e-11,1.6738000000000014e-12
569.5,8.294e-10,668.2,7.937358e-10,1.683682e-11,1.716858e-11,1.6588000000000016e-12
570.5,8.221e-10,668.5,7.867496999999999e-10,1.6688629999999997e-11,1.701747e-11,1.6442000000000014e-12
571.5,8.148e-10,668.8,7.797636e-10,1.654044e-11,1.686636e-11,1.6296000000000015e-12
572.5,8.075e-10,669.1,7.727774999999999e-10,1.6392249999999998e-11,1.671525e-11,1.6150000000000013e-12
573.5,8.004e-10,669.4,7.659828e-10,1.624812e-11,1.656828e-11,1.6008000000000014e-12
574.5,7.934e-10,669.6,7.592838e-10,1.610602e-11,1.642338e-11,1.5868000000000013e-12
575.5,7.864e-10,669.7,7.525848e-10,1.596392e-11,1.627848e-11,1.5728000000000013e-12
576.5,7.795e-10,669.9,7.459815e-10,1.582385e-11,1.613565e-11,1.5590000000000015e-12
577.5,7.727e-10,670.1,7.394739e-10,1.568581e-11,1.599489e-11,1.5454000000000015e-12
578.5,7.661e-10,670.2,7.331577e-10,1.5551829999999997e-11,1.585827e-11,1.5322000000000013e-12
579.5,7.596e-10,670.3,7.269372e-10,1.541988e-11,1.572372e-11,1.5192000000000014e-12
580.5,7.531e-10,670.3,7.207167e-10,1.528793e-11,1.558917e-11,1.5062000000000014e-12
581.5,7.466e-10,670.4,7.144962e-10,1.515598e-11,1.545462e-11,1.4932000000000014e-12
582.5,7.403e-10,670.5,7.084670999999999e-10,1.5028089999999998e-11,1.532421e-11,1.4806000000000014e-12
583.5,7.34e-10,670.5,7.02438e-10,1.49002e-11,1.51938e-11,1.4680000000000014e-12
584.5,7.278e-10,670.5,6.965045999999999e-10,1.477434e-11,1.506546e-11,1.4556000000000014e-12
585.5,7.216e-10,670.6,6.905712e-10,1.4648479999999997e-11,1.493712e-11,1.4432000000000012e-12
586.5,7.155e-10,670.6,6.847335e-10,1.4524649999999998e-11,1.4810849999999998e-11,1.4310000000000013e-12
587.5,7.095e-10,670.6,6.789914999999999e-10,1.4402849999999999e-11,1.4686649999999998e-11,1.4190000000000011e-12
588.5,7.035e-10,670.6,6.732495e-10,1.4281049999999998e-11,1.456245e-11,1.4070000000000012e-12
589.5,6.976e-10,670.5,6.676031999999999e-10,1.4161279999999998e-11,1.4440319999999998e-11,1.3952000000000012e-12
590.5,6.918e-10,670.5,6.620526e-10,1.4043539999999999e-11,1.432026e-11,1.3836000000000013e-12
591.5,6.86e-10,670.5,6.56502e-10,1.39258e-11,1.42002e-11,1.3720000000000012e-12
592.5,6.803e-10,670.4,6.510470999999999e-10,1.3810089999999999e-11,1.4082210000000001e-11,1.3606000000000013e-12
593.5,6.746e-10,670.4,6.455922e-10,1.369438e-11,1.3964220000000001e-11,1.3492000000000012e-12
594.5,6.69e-10,670.3,6.402329999999999e-10,1.3580699999999998e-11,1.3848299999999999e-11,1.3380000000000012e-12
595.5,6.634e-10,670.2,6.348738e-10,1.3467019999999998e-11,1.373238e-11,1.3268000000000012e-12
596.5,6.579e-10,670.2,6.296103e-10,1.3355369999999999e-11,1.3618529999999999e-11,1.3158000000000011e-12
597.5,6.525e-10,670.1,6.244424999999999e-10,1.3245749999999999e-11,1.3506749999999998e-11,1.305000000000001e-12
598.5,6.471e-10,670.0,6.192746999999999e-10,1.3136129999999998e-11,1.339497e-11,1.294200000000001e-12
599.5,6.417e-10,669.9,6.141068999999999e-10,1.3026509999999999e-11,1.328319e-11,1.283400000000001e-12
600.5,6.364e-10,669.8,6.090348e-10,1.291892e-11,1.3173479999999999e-11,1.2728000000000012e-12
601.5,6.311e-10,669.8,6.039627e-10,1.281133e-11,1.306377e-11,1.2622000000000012e-12
602.5,6.258e-10,669.7,5.988906000000001e-10,1.2703740000000001e-11,1.295406e-11,1.2516000000000013e-12
603.5,6.206e-10,669.7,5.939142e-10,1.259818e-11,1.284642e-11,1.2412000000000012e-12
604.5,6.155e-10,669.6,5.890335e-10,1.249465e-11,1.2740849999999999e-11,1.2310000000000011e-12
605.5,6.103e-10,669.6,5.840571e-10,1.2389089999999998e-11,1.263321e-11,1.220600000000001e-12
606.5,6.053e-10,669.5,5.792721e-10,1.2287589999999999e-11,1.2529709999999998e-11,1.210600000000001e-12
607.5,6.002e-10,669.5,5.743914e-10,1.2184059999999998e-11,1.242414e-11,1.200400000000001e-12
608.5,5.952e-10,669.4,5.696064e-10,1.2082559999999998e-11,1.2320639999999999e-11,1.190400000000001e-12
609.5,5.903e-10,669.3,5.649171e-10,1.1983089999999999e-11,1.221921e-11,1.180600000000001e-12
610.5,5.852e-10,669.5,5.600364e-10,1.187956e-11,1.211364e-11,1.170400000000001e-12
611.5,5.799e-10,670.0,5.549643e-10,1.177197e-11,1.2003930000000001e-11,1.1598000000000012e-12
612.5,5.747e-10,670.5,5.499878999999999e-10,1.1666409999999999e-11,1.189629e-11,1.149400000000001e-12
613.5,5.694e-10,671.0,5.449158e-10,1.1558819999999999e-11,1.178658e-11,1.138800000000001e-12
614.5,5.643e-10,671.5,5.400351e-10,1.1455289999999999e-11,1.168101e-11,1.128600000000001e-12
615.5,5.591e-10,672.0,5.350586999999999e-10,1.1349729999999999e-11,1.1573369999999999e-11,1.1182000000000008e-12
616.5,5.539e-10,672.6,5.300823e-10,1.124417e-11,1.146573e-11,1.107800000000001e-12
617.5,5.488e-10,673.2,5.252016e-10,1.114064e-11,1.136016e-11,1.0976000000000009e-12
618.5,5.438e-10,673.8,5.204166e-10,1.103914e-11,1.1256660000000001e-11,1.087600000000001e-12
619.5,5.388e-10,674.4,5.156316e-10,1.093764e-11,1.115316e-11,1.077600000000001e-12
620.5,5.342e-10,674.6,5.112293999999999e-10,1.0844259999999998e-11,1.105794e-11,1.068400000000001e-12
621.5,5.296e-10,674.7,5.068272e-10,1.0750879999999999e-11,1.096272e-11,1.059200000000001e-12
622.5,5.251e-10,674.9,5.025207e-10,1.0659529999999999e-11,1.086957e-11,1.050200000000001e-12
623.5,5.206e-10,675.1,4.982142e-10,1.056818e-11,1.077642e-11,1.041200000000001e-12
624.5,5.162e-10,675.3,4.940034e-10,1.047886e-11,1.068534e-11,1.032400000000001e-12
625.5,5.117e-10,675.5,4.896969e-10,1.038751e-11,1.059219e-11,1.0234000000000009e-12
626.5,5.073e-10,675.8,4.854860999999999e-10,1.029819e-11,1.050111e-11,1.014600000000001e-12
627.5,5.029e-10,676.0,4.812753e-10,1.020887e-11,1.0410029999999999e-11,1.0058000000000008e-12
628.5,4.986e-10,676.2,4.771602e-10,1.0121579999999999e-11,1.032102e-11,9.972000000000008e-13
629.5,4.942e-10,676.5,4.729494e-10,1.0032259999999999e-11,1.022994e-11,9.88400000000001e-13
630.5,4.899e-10,676.8,4.688343e-10,9.94497e-12,1.014093e-11,9.79800000000001e-13
631.5,4.857e-10,677.1,4.648149e-10,9.85971e-12,1.005399e-11,9.714000000000009e-13
632.5,4.815e-10,677.4,4.607955e-10,9.77445e-12,9.96705e-12,9.630000000000008e-13
633.5,4.773e-10,677.7,4.567761e-10,9.689189999999999e-12,9.88011e-12,9.546000000000008e-13
634.5,4.731e-10,678.1,4.5275670000000003e-10,9.60393e-12,9.79317e-12,9.46200000000001e-13
635.5,4.689e-10,678.4,4.487373e-10,9.51867e-12,9.70623e-12,9.37800000000001e-13
636.5,4.648e-10,678.8,4.4481359999999995e-10,9.43544e-12,9.62136e-12,9.296000000000008e-13
637.5,4.607e-10,679.2,4.408899e-10,9.35221e-12,9.53649e-12,9.21400000000001e-13
638.5,4.566e-10,679.6,4.3696619999999997e-10,9.26898e-12,9.45162e-12,9.132000000000008e-13
639.5,4.526e-10,680.1,4.331382e-10,9.187779999999999e-12,9.36882e-12,9.052000000000008e-13
640.5,4.485e-10,680.5,4.292145e-10,9.10455e-12,9.28395e-12,8.970000000000008e-13
641.5,4.446e-10,680.9,4.254822e-10,9.025379999999999e-12,9.20322e-12,8.892000000000008e-13
642.5,4.406e-10,681.4,4.216542e-10,8.94418e-12,9.12042e-12,8.812000000000008e-13
643.5,4.367e-10,681.9,4.179219e-10,8.86501e-12,9.03969e-12,8.734000000000008e-13
644.5,4.328e-10,682.4,4.1418959999999997e-10,8.785839999999999e-12,8.95896e-12,8.656000000000008e-13
645.5,4.289e-10,683.0,4.1045729999999996e-10,8.706669999999998e-12,8.87823e-12,8.578000000000007e-13
646.5,4.251e-10,683.5,4.068207e-10,8.62953e-12,8.79957e-12,8.502000000000008e-13
647.5,4.213e-10,684.1,4.0318409999999996e-10,8.552389999999999e-12,8.72091e-12,8.426000000000007e-13
648.5,4.175e-10,684.7,3.995475e-10,8.475249999999999e-12,8.64225e-12,8.350000000000008e-13
649.5,4.137e-10,685.3,3.9591089999999996e-10,8.39811e-12,8.563589999999999e-12,8.274000000000007e-13
650.5,4.1e-10,685.9,3.9236999999999996e-10,8.322999999999998e-12,8.487e-12,8.200000000000006e-13
651.5,4.063e-10,686.5,3.8882909999999996e-10,8.247889999999999e-12,8.410409999999999e-12,8.126000000000007e-13
652.5,4.026e-10,687.1,3.8528819999999996e-10,8.17278e-12,8.33382e-12,8.052000000000006e-13
653.5,3.989e-10,687.8,3.8174729999999997e-10,8.097669999999999e-12,8.25723e-12,7.978000000000007e-13
654.5,3.953e-10,688.5,3.783021e-10,8.02459e-12,8.18271e-12,7.906000000000008e-13
655.5,3.917e-10,689.3,3.748569e-10,7.95151e-12,8.10819e-12,7.834000000000007e-13
656.5,3.881e-10,690.0,3.714117e-10,7.87843e-12,8.03367e-12,7.762000000000007e-13
657.5,3.845e-10,690.7,3.679665e-10,7.80535e-12,7.95915e-12,7.690000000000008e-13
658.5,3.81e-10,691.5,3.6461699999999995e-10,7.7343e-12,7.8867e-12,7.620000000000006e-13
659.5,3.775e-10,692.3,3.6126749999999996e-10,7.66325e-12,7.81425e-12,7.550000000000006e-13
660.5,3.74e-10,693.1,3.5791799999999997e-10,7.5922e-12,7.741799999999999e-12,7.480000000000006e-13
661.5,3.706e-10,693.9,3.546642e-10,7.523179999999999e-12,7.67142e-12,7.412000000000006e-13
662.5,3.671e-10,694.8,3.513147e-10,7.45213e-12,7.59897e-12,7.342000000000006e-13
663.5,3.637e-10,695.7,3.4806089999999996e-10,7.38311e-12,7.528589999999999e-12,7.274000000000006e-13
664.5,3.604e-10,696.6,3.449028e-10,7.31612e-12,7.460280000000001e-12,7.208000000000006e-13
665.5,3.57e-10,697.5,3.41649e-10,7.2471e-12,7.3899e-12,7.140000000000007e-13
666.5,3.537e-10,698.4,3.3849089999999996e-10,7.180109999999999e-12,7.321589999999999e-12,7.074000000000006e-13
667.5,3.504e-10,699.3,3.353328e-10,7.11312e-12,7.25328e-12,7.008000000000006e-13
668.5,3.471e-10,700.3,3.321747e-10,7.0461299999999996e-12,7.18497e-12,6.942000000000006e-13
669.5,3.439e-10,701.3,3.291123e-10,6.98117e-12,7.118730000000001e-12,6.878000000000007e-13
670.5,3.406e-10,702.3,3.259542e-10,6.9141799999999995e-12,7.050419999999999e-12,6.812000000000006e-13
671.5,3.375e-10,703.3,3.229875e-10,6.85125e-12,6.98625e-12,6.750000000000007e-13
672.5,3.343e-10,704.3,3.199251e-10,6.78629e-12,6.9200100000000005e-12,6.686000000000006e-13
673.5,3.311e-10,705.4,3.168627e-10,6.72133e-12,6.85377e-12,6.622000000000007e-13
674.5,3.28e-10,706.5,3.13896e-10,6.6584e-12,6.7896e-12,6.560000000000006e-13
675.5,3.249e-10,707.6,3.1092929999999996e-10,6.595469999999999e-12,6.72543e-12,6.498000000000005e-13
676.5,3.218e-10,708.7,3.079626e-10,6.53254e-12,6.66126e-12,6.436000000000006e-13
677.5,3.188e-10,709.8,3.0509159999999997e-10,6.471639999999999e-12,6.599159999999999e-12,6.376000000000005e-13
678.5,3.157e-10,711.0,3.021249e-10,6.40871e-12,6.53499e-12,6.314000000000006e-13
679.5,3.127e-10,712.1,2.9925390000000003e-10,6.34781e-12,6.47289e-12,6.254000000000005e-13
680.5,3.098e-10,713.3,2.964786e-10,6.28894e-12,6.41286e-12,6.196000000000006e-13
681.5,3.068e-10,714.5,2.936076e-10,6.22804e-12,6.35076e-12,6.136000000000005e-13
682.5,3.039e-10,715.8,2.908323e-10,6.16917e-12,6.29073e-12,6.078000000000005e-13
683.5,3.01e-10,717.1,2.8805699999999996e-10,6.110299999999999e-12,6.2307e-12,6.020000000000006e-13
684.5,2.981e-10,718.5,2.852817e-10,6.051429999999999e-12,6.1706699999999996e-12,5.962000000000005e-13
685.5,2.953e-10,719.8,2.826021e-10,5.994589999999999e-12,6.11271e-12,5.906000000000005e-13
686.5,2.924e-10,721.2,2.7982679999999997e-10,5.93572e-12,6.05268e-12,5.848000000000005e-13
687.5,2.897e-10,722.6,2.7724289999999996e-10,5.8809099999999994e-12,5.9967899999999995e-12,5.794000000000005e-13
688.5,2.869e-10,723.9,2.745633e-10,5.82407e-12,5.93883e-12,5.738000000000005e-13
689.5,2.841e-10,725.3,2.718837e-10,5.7672299999999994e-12,5.88087e-12,5.682000000000004e-13
690.5,2.814e-10,726.7,2.692998e-10,5.712419999999999e-12,5.82498e-12,5.628000000000005e-13
691.5,2.787e-10,728.2,2.6671589999999997e-10,5.657609999999999e-12,5.76909e-12,5.574000000000004e-13
692.5,2.76e-10,729.6,2.6413199999999996e-10,5.6027999999999995e-12,5.7131999999999995e-12,5.520000000000005e-13
693.5,2.734e-10,731.1,2.616438e-10,5.55002e-12,5.65938e-12,5.468000000000005e-13
694.5,2.708e-10,732.5,2.5915559999999995e-10,5.497239999999999e-12,5.60556e-12,5.416000000000004e-13
695.5,2.682e-10,734.0,2.566674e-10,5.44446e-12,5.55174e-12,5.364000000000005e-13
696.5,2.656e-10,735.5,2.541792e-10,5.391679999999999e-12,5.49792e-12,5.312000000000005e-13
697.5,2.63e-10,737.1,2.51691e-10,5.3389e-12,5.4441e-12,5.260000000000005e-13
698.5,2.605e-10,738.7,2.492985e-10,5.2881499999999994e-12,5.39235e-12,5.210000000000004e-13
699.5,2.58e-10,740.2,2.46906e-10,5.2373999999999995e-12,5.340599999999999e-12,5.160000000000004e-13
700.5,2.556e-10,741.8,2.4460919999999995e-10,5.188679999999999e-12,5.290919999999999e-12,5.112000000000004e-13
701.5,2.531e-10,743.4,2.422167e-10,5.137929999999999e-12,5.239169999999999e-12,5.062000000000004e-13
702.5,2.506e-10,745.1,2.398242e-10,5.087179999999999e-12,5.18742e-12,5.012000000000004e-13
703.5,2.482e-10,746.7,2.3752739999999995e-10,5.038459999999999e-12,5.1377399999999995e-12,4.964000000000004e-13
704.5,2.458e-10,748.4,2.352306e-10,4.98974e-12,5.08806e-12,4.916000000000004e-13
705.5,2.434e-10,750.1,2.329338e-10,4.9410199999999995e-12,5.03838e-12,4.868000000000004e-13
706.5,2.411e-10,751.8,2.3073270000000002e-10,4.89433e-12,4.9907700000000006e-12,4.822000000000005e-13
707.5,2.387e-10,753.5,2.284359e-10,4.8456099999999996e-12,4.94109e-12,4.774000000000005e-13
708.5,2.364e-10,755.3,2.2623479999999998e-10,4.798919999999999e-12,4.8934799999999995e-12,4.728000000000004e-13
709.5,2.341e-10,757.0,2.240337e-10,4.7522299999999994e-12,4.84587e-12,4.682000000000004e-13
710.5,2.319e-10,758.8,2.2192829999999998e-10,4.7075699999999995e-12,4.80033e-12,4.638000000000004e-13
711.5,2.297e-10,760.6,2.198229e-10,4.6629099999999996e-12,4.75479e-12,4.594000000000003e-13
712.5,2.275e-10,762.4,2.1771749999999998e-10,4.61825e-12,4.70925e-12,4.550000000000004e-13
713.5,2.253e-10,764.2,2.156121e-10,4.57359e-12,4.663709999999999e-12,4.5060000000000037e-13
714.5,2.232e-10,766.0,2.1360239999999998e-10,4.5309599999999995e-12,4.62024e-12,4.464000000000004e-13
715.5,2.211e-10,767.8,2.1159269999999997e-10,4.488329999999999e-12,4.57677e-12,4.422000000000004e-13
716.5,2.189e-10,769.7,2.0948729999999998e-10,4.443669999999999e-12,4.5312299999999995e-12,4.3780000000000037e-13
717.5,2.168e-10,771.5,2.0747759999999998e-10,4.401039999999999e-12,4.48776e-12,4.3360000000000034e-13
718.5,2.147e-10,773.3,2.054679e-10,4.35841e-12,4.4442899999999994e-12,4.2940000000000037e-13
719.5,2.127e-10,775.2,2.035539e-10,4.317809999999999e-12,4.40289e-12,4.254000000000004e-13
720.5,2.107e-10,777.1,2.016399e-10,4.27721e-12,4.36149e-12,4.214000000000004e-13
721.5,2.087e-10,778.9,1.9972589999999998e-10,4.236609999999999e-12,4.32009e-12,4.174000000000003e-13
722.5,2.067e-10,780.8,1.978119e-10,4.19601e-12,4.2786899999999994e-12,4.1340000000000034e-13
723.5,2.047e-10,782.6,1.958979e-10,4.15541e-12,4.23729e-12,4.0940000000000036e-13
724.5,2.028e-10,784.5,1.940796e-10,4.116839999999999e-12,4.19796e-12,4.056000000000003e-13
725.5,2.009e-10,786.4,1.922613e-10,4.078269999999999e-12,4.15863e-12,4.0180000000000037e-13
726.5,1.99e-10,788.3,1.90443e-10,4.0397e-12,4.1193e-12,3.9800000000000037e-13
727.5,1.972e-10,790.1,1.887204e-10,4.00316e-12,4.08204e-12,3.9440000000000037e-13
728.5,1.953e-10,792.0,1.869021e-10,3.964589999999999e-12,4.0427099999999994e-12,3.906000000000003e-13
729.5,1.935e-10,793.9,1.851795e-10,3.92805e-12,4.00545e-12,3.8700000000000037e-13
730.5,1.917e-10,795.8,1.834569e-10,3.89151e-12,3.96819e-12,3.834000000000003e-13
731.5,1.899e-10,797.7,1.817343e-10,3.85497e-12,3.93093e-12,3.7980000000000036e-13
732.5,1.881e-10,799.6,1.800117e-10,3.8184299999999995e-12,3.89367e-12,3.7620000000000036e-13
733.5,1.864e-10,801.6,1.783848e-10,3.78392e-12,3.85848e-12,3.7280000000000034e-13
734.5,1.846e-10,803.5,1.766622e-10,3.74738e-12,3.821219999999999e-12,3.692000000000003e-13
735.5,1.83e-10,805.0,1.7513099999999998e-10,3.7149e-12,3.7881e-12,3.660000000000003e-13
736.5,1.814e-10,806.6,1.735998e-10,3.682419999999999e-12,3.75498e-12,3.628000000000003e-13
737.5,1.798e-10,808.1,1.7206859999999997e-10,3.649939999999999e-12,3.72186e-12,3.596000000000003e-13
738.5,1.782e-10,809.7,1.7053739999999999e-10,3.6174599999999994e-12,3.6887399999999995e-12,3.564000000000003e-13
739.5,1.767e-10,811.2,1.691019e-10,3.5870099999999997e-12,3.6576899999999995e-12,3.534000000000003e-13
740.5,1.752e-10,812.7,1.676664e-10,3.55656e-12,3.62664e-12,3.504000000000003e-13
741.5,1.737e-10,814.2,1.662309e-10,3.52611e-12,3.59559e-12,3.474000000000003e-13
742.5,1.722e-10,815.7,1.647954e-10,3.49566e-12,3.56454e-12,3.4440000000000033e-13
743.5,1.707e-10,817.2,1.6335989999999999e-10,3.4652099999999995e-12,3.5334899999999997e-12,3.414000000000003e-13
744.5,1.693e-10,818.7,1.620201e-10,3.43679e-12,3.50451e-12,3.386000000000003e-13
745.5,1.678e-10,820.2,1.605846e-10,3.40634e-12,3.47346e-12,3.356000000000003e-13
746.5,1.664e-10,821.6,1.592448e-10,3.3779199999999994e-12,3.44448e-12,3.3280000000000026e-13
747.5,1.65e-10,823.1,1.5790499999999998e-10,3.3495e-12,3.4154999999999997e-12,3.300000000000003e-13
748.5,1.636e-10,824.5,1.565652e-10,3.32108e-12,3.38652e-12,3.272000000000003e-13
749.5,1.622e-10,825.9,1.552254e-10,3.29266e-12,3.35754e-12,3.2440000000000026e-13
750.5,1.608e-10,827.3,1.538856e-10,3.26424e-12,3.32856e-12,3.216000000000003e-13
751.5,1.595e-10,828.7,1.526415e-10,3.2378499999999996e-12,3.3016499999999998e-12,3.1900000000000026e-13
752.5,1.582e-10,830.1,1.5139740000000001e-10,3.2114599999999997e-12,3.2747400000000002e-12,3.164000000000003e-13
753.5,1.569e-10,831.4,1.5015329999999999e-10,3.18507e-12,3.24783e-12,3.138000000000003e-13
754.5,1.556e-10,832.8,1.489092e-10,3.15868e-12,3.22092e-12,3.112000000000003e-13
755.5,1.543e-10,834.1,1.4766509999999998e-10,3.1322899999999998e-12,3.19401e-12,3.0860000000000027e-13
756.5,1.531e-10,835.4,1.4651669999999998e-10,3.1079299999999997e-12,3.16917e-12,3.0620000000000025e-13
757.5,1.518e-10,836.7,1.452726e-10,3.08154e-12,3.14226e-12,3.036000000000003e-13
758.5,1.506e-10,838.1,1.4412419999999998e-10,3.0571799999999997e-12,3.11742e-12,3.0120000000000027e-13
759.5,1.494e-10,839.4,1.4297579999999999e-10,3.0328199999999996e-12,3.0925799999999997e-12,2.9880000000000025e-13
760.5,1.482e-10,840.6,1.418274e-10,3.0084599999999995e-12,3.0677399999999996e-12,2.9640000000000023e-13
761.5,1.47e-10,841.9,1.40679e-10,2.9841e-12,3.0429000000000003e-12,2.9400000000000026e-13
762.5,1.458e-10,843.1,1.395306e-10,2.9597399999999997e-12,3.01806e-12,2.9160000000000024e-13
763.5,1.446e-10,844.4,1.383822e-10,2.9353799999999996e-12,2.99322e-12,2.8920000000000027e-13
764.5,1.434e-10,845.6,1.372338e-10,2.9110199999999994e-12,2.96838e-12,2.8680000000000025e-13
765.5,1.423e-10,846.8,1.3618109999999998e-10,2.8886899999999995e-12,2.9456099999999996e-12,2.846000000000002e-13
766.5,1.412e-10,847.9,1.3512839999999998e-10,2.8663599999999995e-12,2.9228399999999997e-12,2.8240000000000024e-13
767.5,1.401e-10,849.1,1.3407570000000002e-10,2.84403e-12,2.90007e-12,2.8020000000000026e-13
768.5,1.39e-10,850.3,1.33023e-10,2.8217e-12,2.8773000000000003e-12,2.780000000000003e-13
769.5,1.379e-10,851.4,1.319703e-10,2.79937e-12,2.85453e-12,2.7580000000000025e-13
770.5,1.368e-10,852.5,1.309176e-10,2.77704e-12,2.83176e-12,2.7360000000000027e-13
771.5,1.358e-10,853.6,1.299606e-10,2.7567400000000002e-12,2.8110600000000003e-12,2.716000000000003e-13
772.5,1.347e-10,854.6,1.289079e-10,2.73441e-12,2.78829e-12,2.6940000000000025e-13
773.5,1.336e-10,855.7,1.278552e-10,2.71208e-12,2.76552e-12,2.6720000000000026e-13
774.5,1.326e-10,856.8,1.2689820000000002e-10,2.69178e-12,2.7448200000000004e-12,2.6520000000000027e-13
775.5,1.316e-10,857.8,1.2594119999999998e-10,2.6714799999999994e-12,2.72412e-12,2.6320000000000023e-13
776.5,1.306e-10,858.8,1.2498419999999999e-10,2.6511799999999996e-12,2.70342e-12,2.6120000000000024e-13
777.5,1.297e-10,859.8,1.241229e-10,2.63291e-12,2.68479e-12,2.5940000000000024e-13
778.5,1.287e-10,860.8,1.231659e-10,2.61261e-12,2.6640900000000002e-12,2.5740000000000025e-13
779.5,1.277e-10,861.8,1.222089e-10,2.59231e-12,2.64339e-12,2.5540000000000025e-13
780.5,1.268e-10,862.7,1.2134759999999998e-10,2.57404e-12,2.62476e-12,2.536000000000002e-13
781.5,1.258e-10,863.6,1.203906e-10,2.5537399999999996e-12,2.6040599999999997e-12,2.516000000000002e-13
782.5,1.249e-10,864.5,1.195293e-10,2.53547e-12,2.58543e-12,2.498000000000002e-13
783.5,1.24e-10,865.4,1.18668e-10,2.5172000000000002e-12,2.5668000000000003e-12,2.4800000000000026e-13
784.5,1.23e-10,866.3,1.1771099999999998e-10,2.4968999999999996e-12,2.5461e-12,2.460000000000002e-13
785.5,1.222e-10,867.1,1.169454e-10,2.48066e-12,2.52954e-12,2.444000000000002e-13
786.5,1.213e-10,868.0,1.160841e-10,2.46239e-12,2.5109100000000003e-12,2.4260000000000025e-13
787.5,1.204e-10,868.8,1.1522279999999999e-10,2.4441199999999995e-12,2.49228e-12,2.408000000000002e-13
788.5,1.195e-10,869.6,1.1436149999999999e-10,2.42585e-12,2.47365e-12,2.390000000000002e-13
789.5,1.187e-10,870.4,1.1359589999999999e-10,2.4096099999999995e-12,2.4570899999999996e-12,2.374000000000002e-13
790.5,1.178e-10,871.1,1.1273459999999999e-10,2.3913399999999998e-12,2.4384599999999997e-12,2.356000000000002e-13
791.5,1.169e-10,871.9,1.118733e-10,2.37307e-12,2.41983e-12,2.3380000000000023e-13
792.5,1.161e-10,872.6,1.111077e-10,2.3568299999999998e-12,2.40327e-12,2.322000000000002e-13
793.5,1.152e-10,873.3,1.102464e-10,2.3385599999999997e-12,2.38464e-12,2.304000000000002e-13
794.5,1.144e-10,874.0,1.0948079999999999e-10,2.3223199999999997e-12,2.36808e-12,2.288000000000002e-13
795.5,1.136e-10,874.6,1.087152e-10,2.30608e-12,2.35152e-12,2.272000000000002e-13
796.5,1.128e-10,875.2,1.079496e-10,2.28984e-12,2.33496e-12,2.256000000000002e-13
797.5,1.121e-10,875.8,1.072797e-10,2.27563e-12,2.32047e-12,2.2420000000000022e-13
798.5,1.113e-10,876.3,1.065141e-10,2.25939e-12,2.30391e-12,2.226000000000002e-13
799.5,1.105e-10,876.9,1.057485e-10,2.2431499999999998e-12,2.28735e-12,2.2100000000000022e-13
800.5,1.098e-10,877.4,1.050786e-10,2.22894e-12,2.27286e-12,2.196000000000002e-13
801.5,1.09e-10,877.9,1.04313e-10,2.2126999999999996e-12,2.2563e-12,2.1800000000000018e-13
802.5,1.082e-10,878.4,1.0354739999999999e-10,2.1964599999999997e-12,2.23974e-12,2.164000000000002e-13
803.5,1.075e-10,878.9,1.028775e-10,2.18225e-12,2.22525e-12,2.150000000000002e-13
804.5,1.068e-10,879.3,1.0220759999999999e-10,2.1680399999999997e-12,2.2107599999999998e-12,2.1360000000000017e-13
805.5,1.061e-10,879.8,1.015377e-10,2.15383e-12,2.19627e-12,2.122000000000002e-13
806.5,1.054e-10,880.2,1.008678e-10,2.13962e-12,2.18178e-12,2.108000000000002e-13
807.5,1.047e-10,880.7,1.0019789999999999e-10,2.12541e-12,2.1672899999999997e-12,2.0940000000000017e-13
808.5,1.04e-10,881.1,9.9528e-11,2.1111999999999997e-12,2.1528e-12,2.080000000000002e-13
809.5,1.033e-10,881.5,9.88581e-11,2.09699e-12,2.13831e-12,2.0660000000000017e-13
810.5,1.026e-10,881.8,9.81882e-11,2.0827799999999997e-12,2.12382e-12,2.0520000000000018e-13
811.5,1.019e-10,882.2,9.75183e-11,2.06857e-12,2.1093300000000003e-12,2.038000000000002e-13
812.5,1.012e-10,882.5,9.684839999999999e-11,2.0543599999999997e-12,2.09484e-12,2.0240000000000018e-13
813.5,1.005e-10,882.8,9.61785e-11,2.04015e-12,2.08035e-12,2.0100000000000018e-13
814.5,9.985e-11,883.2,9.555645e-11,2.0269549999999996e-12,2.066895e-12,1.9970000000000017e-13
815.5,9.921e-11,883.4,9.494397e-11,2.0139629999999997e-12,2.053647e-12,1.9842000000000018e-13
816.5,9.858e-11,883.6,9.434106e-11,2.001174e-12,2.040606e-12,1.9716000000000017e-13
817.5,9.795e-11,883.9,9.373815e-11,1.9883849999999997e-12,2.027565e-12,1.9590000000000015e-13
818.5,9.732e-11,884.1,9.313524e-11,1.975596e-12,2.014524e-12,1.946400000000002e-13
819.5,9.67e-11,884.3,9.25419e-11,1.9630099999999997e-12,2.00169e-12,1.9340000000000017e-13
820.5,9.608e-11,884.5,9.194856e-11,1.950424e-12,1.988856e-12,1.921600000000002e-13
821.5,9.547e-11,884.6,9.136479e-11,1.938041e-12,1.9762289999999998e-12,1.9094000000000017e-13
822.5,9.486e-11,884.7,9.078101999999999e-11,1.9256579999999998e-12,1.9636019999999998e-12,1.8972000000000015e-13
823.5,9.426e-11,884.9,9.020682e-11,1.913478e-12,1.951182e-12,1.885200000000002e-13
824.5,9.365e-11,885.0,8.962304999999999e-11,1.9010949999999996e-12,1.9385549999999997e-12,1.8730000000000015e-13
825.5,9.307e-11,885.1,8.906798999999999e-11,1.8893209999999996e-12,1.926549e-12,1.8614000000000015e-13
826.5,9.248e-11,885.2,8.850335999999999e-11,1.877344e-12,1.914336e-12,1.8496000000000015e-13
827.5,9.19e-11,885.3,8.794829999999999e-11,1.8655699999999997e-12,1.90233e-12,1.8380000000000016e-13
828.5,9.132e-11,885.4,8.739323999999999e-11,1.8537959999999997e-12,1.890324e-12,1.8264000000000017e-13
829.5,9.074e-11,885.5,8.683818e-11,1.842022e-12,1.878318e-12,1.8148000000000015e-13
830.5,9.018e-11,885.5,8.630226e-11,1.830654e-12,1.866726e-12,1.8036000000000018e-13
831.5,8.961e-11,885.5,8.575676999999999e-11,1.819083e-12,1.854927e-12,1.7922000000000017e-13
832.5,8.906e-11,885.5,8.523042e-11,1.8079179999999999e-12,1.843542e-12,1.7812000000000015e-13
833.5,8.85e-11,885.5,8.469450000000001e-11,1.79655e-12,1.83195e-12,1.7700000000000015e-13
834.5,8.795e-11,885.5,8.416815e-11,1.7853849999999999e-12,1.820565e-12,1.7590000000000016e-13
835.5,8.741e-11,885.5,8.365136999999999e-11,1.774423e-12,1.809387e-12,1.7482000000000016e-13
836.5,8.687e-11,885.4,8.313459e-11,1.763461e-12,1.798209e-12,1.7374000000000018e-13
837.5,8.634e-11,885.4,8.262737999999999e-11,1.7527019999999997e-12,1.7872379999999998e-12,1.7268000000000015e-13
838.5,8.581e-11,885.3,8.212016999999999e-11,1.7419429999999999e-12,1.776267e-12,1.7162000000000016e-13
839.5,8.529e-11,885.3,8.162253e-11,1.7313869999999998e-12,1.7655029999999998e-12,1.7058000000000014e-13
840.5,8.477e-11,885.2,8.112488999999999e-11,1.7208309999999998e-12,1.7547389999999999e-12,1.6954000000000013e-13
841.5,8.425e-11,885.1,8.062725e-11,1.710275e-12,1.7439750000000001e-12,1.6850000000000017e-13
842.5,8.374e-11,885.0,8.013918e-11,1.6999219999999998e-12,1.733418e-12,1.6748000000000016e-13
843.5,8.323e-11,884.8,7.965111e-11,1.689569e-12,1.7228610000000002e-12,1.6646000000000016e-13
844.5,8.273e-11,884.7,7.917260999999999e-11,1.6794189999999998e-12,1.712511e-12,1.6546000000000014e-13
845.5,8.223e-11,884.6,7.869411e-11,1.6692689999999998e-12,1.7021609999999999e-12,1.6446000000000014e-13
846.5,8.173e-11,884.4,7.821561e-11,1.659119e-12,1.691811e-12,1.6346000000000014e-13
847.5,8.124e-11,884.2,7.774667999999999e-11,1.6491719999999999e-12,1.6816679999999999e-12,1.6248000000000013e-13
848.5,8.075e-11,884.0,7.727775e-11,1.639225e-12,1.671525e-12,1.6150000000000014e-13
849.5,8.027e-11,883.9,7.681839e-11,1.6294809999999998e-12,1.661589e-12,1.6054000000000014e-13
850.5,7.979e-11,883.7,7.635903e-11,1.619737e-12,1.651653e-12,1.5958000000000014e-13
851.5,7.931e-11,883.4,7.589967e-11,1.6099929999999998e-12,1.6417169999999999e-12,1.5862000000000014e-13
852.5,7.884e-11,883.2,7.544987999999999e-11,1.6004519999999999e-12,1.6319879999999999e-12,1.5768000000000014e-13
853.5,7.837e-11,883.0,7.500009e-11,1.590911e-12,1.6222589999999998e-12,1.5674000000000012e-13
854.5,7.79e-11,882.8,7.45503e-11,1.5813699999999998e-12,1.61253e-12,1.5580000000000013e-13
855.5,7.744e-11,882.6,7.411008e-11,1.572032e-12,1.6030080000000001e-12,1.5488000000000014e-13
856.5,7.698e-11,882.3,7.366986e-11,1.562694e-12,1.593486e-12,1.5396000000000013e-13
857.5,7.652e-11,882.1,7.322964e-11,1.5533559999999999e-12,1.583964e-12,1.5304000000000012e-13
858.5,7.607e-11,881.8,7.279899e-11,1.544221e-12,1.574649e-12,1.5214000000000015e-13
859.5,7.562e-11,881.6,7.236834e-11,1.535086e-12,1.565334e-12,1.5124000000000015e-13
860.5,7.517e-11,881.3,7.193769e-11,1.5259509999999997e-12,1.5560189999999999e-12,1.5034000000000012e-13
861.5,7.473e-11,881.0,7.151661e-11,1.5170189999999998e-12,1.5469109999999999e-12,1.4946000000000013e-13
862.5,7.428e-11,880.7,7.108596e-11,1.507884e-12,1.537596e-12,1.4856000000000013e-13
863.5,7.385e-11,880.4,7.067445e-11,1.4991549999999998e-12,1.5286949999999999e-12,1.4770000000000012e-13
864.5,7.341e-11,880.1,7.025337e-11,1.4902229999999998e-12,1.5195869999999999e-12,1.4682000000000013e-13
865.5,7.298e-11,879.8,6.984186e-11,1.4814939999999999e-12,1.510686e-12,1.4596000000000014e-13
866.5,7.255e-11,879.5,6.943035e-11,1.472765e-12,1.501785e-12,1.4510000000000013e-13
867.5,7.212e-11,879.2,6.901884e-11,1.464036e-12,1.492884e-12,1.4424000000000015e-13
868.5,7.169e-11,879.0,6.860732999999999e-11,1.4553069999999999e-12,1.483983e-12,1.4338000000000012e-13
869.5,7.127e-11,878.7,6.820539e-11,1.446781e-12,1.475289e-12,1.4254000000000014e-13
870.5,7.085e-11,878.4,6.780345e-11,1.4382550000000001e-12,1.4665950000000002e-12,1.4170000000000014e-13
871.5,7.044e-11,878.0,6.741108e-11,1.429932e-12,1.458108e-12,1.4088000000000013e-13
872.5,7.002e-11,877.7,6.700913999999999e-11,1.4214059999999998e-12,1.4494139999999999e-12,1.400400000000001e-13
873.5,6.961e-11,877.4,6.661677000000001e-11,1.413083e-12,1.440927e-12,1.3922000000000014e-13
874.5,6.92e-11,877.1,6.62244e-11,1.40476e-12,1.4324400000000001e-12,1.3840000000000012e-13
875.5,6.88e-11,876.7,6.58416e-11,1.3966399999999998e-12,1.4241599999999999e-12,1.3760000000000012e-13
876.5,6.839e-11,876.4,6.544923e-11,1.3883169999999998e-12,1.4156729999999999e-12,1.3678000000000013e-13
877.5,6.799e-11,876.0,6.506643e-11,1.380197e-12,1.407393e-12,1.3598000000000012e-13
878.5,6.759e-11,875.7,6.468362999999999e-11,1.3720769999999998e-12,1.3991129999999998e-12,1.351800000000001e-13
879.5,6.72e-11,875.3,6.43104e-11,1.36416e-12,1.3910399999999999e-12,1.3440000000000011e-13
880.5,6.68e-11,875.0,6.39276e-11,1.35604e-12,1.38276e-12,1.3360000000000013e-13
881.5,6.641e-11,874.7,6.355437e-11,1.348123e-12,1.3746870000000002e-12,1.3282000000000013e-13
882.5,6.602e-11,874.4,6.318114e-11,1.340206e-12,1.3666139999999999e-12,1.320400000000001e-13
883.5,6.563e-11,874.0,6.280791e-11,1.3322889999999998e-12,1.358541e-12,1.3126000000000011e-13
884.5,6.524e-11,873.7,6.243468e-11,1.3243719999999999e-12,1.350468e-12,1.3048000000000012e-13
885.5,6.485e-11,873.4,6.206145e-11,1.316455e-12,1.342395e-12,1.2970000000000012e-13
886.5,6.447e-11,873.1,6.169779e-11,1.308741e-12,1.334529e-12,1.289400000000001e-13
887.5,6.409e-11,872.8,6.133412999999999e-11,1.3010269999999998e-12,1.3266629999999998e-12,1.2818000000000012e-13
888.5,6.371e-11,872.5,6.097047e-11,1.293313e-12,1.318797e-12,1.2742000000000013e-13
889.5,6.334e-11,872.1,6.061638e-11,1.2858019999999998e-12,1.3111379999999999e-12,1.266800000000001e-13
890.5,6.297e-11,871.8,6.026229e-11,1.278291e-12,1.303479e-12,1.2594000000000012e-13
891.5,6.259e-11,871.5,5.989862999999999e-11,1.270577e-12,1.295613e-12,1.251800000000001e-13
892.5,6.222e-11,871.2,5.954454e-11,1.2630660000000001e-12,1.287954e-12,1.2444000000000012e-13
893.5,6.184e-11,871.0,5.918088e-11,1.255352e-12,1.2800880000000001e-12,1.236800000000001e-13
894.5,6.147e-11,870.7,5.882678999999999e-11,1.2478409999999998e-12,1.2724289999999999e-12,1.229400000000001e-13
895.5,6.11e-11,870.4,5.84727e-11,1.24033e-12,1.26477e-12,1.222000000000001e-13
896.5,6.074e-11,870.1,5.812818e-11,1.2330219999999999e-12,1.257318e-12,1.214800000000001e-13
897.5,6.038e-11,869.9,5.778366e-11,1.225714e-12,1.2498660000000001e-12,1.207600000000001e-13
898.5,6.002e-11,869.6,5.743914e-11,1.218406e-12,1.242414e-12,1.200400000000001e-13
899.5,5.966e-11,869.3,5.7094620000000005e-11,1.211098e-12,1.234962e-12,1.1932000000000012e-13
900.5,5.931e-11,869.0,5.6759669999999997e-11,1.203993e-12,1.227717e-12,1.186200000000001e-13
901.5,5.895e-11,868.7,5.6415149999999996e-11,1.196685e-12,1.220265e-12,1.179000000000001e-13
902.5,5.86e-11,868.5,5.6080199999999994e-11,1.1895799999999999e-12,1.2130199999999998e-12,1.172000000000001e-13
903.5,5.824e-11,868.2,5.5735679999999994e-11,1.182272e-12,1.205568e-12,1.164800000000001e-13
904.5,5.789e-11,868.0,5.540073e-11,1.175167e-12,1.198323e-12,1.1578000000000011e-13
905.5,5.754e-11,867.7,5.506578e-11,1.168062e-12,1.191078e-12,1.150800000000001e-13
906.5,5.72e-11,867.5,5.4740399999999995e-11,1.1611599999999999e-12,1.18404e-12,1.144000000000001e-13
907.5,5.685e-11,867.3,5.440545e-11,1.154055e-12,1.1767950000000001e-12,1.137000000000001e-13
908.5,5.65e-11,867.1,5.40705e-11,1.1469499999999999e-12,1.16955e-12,1.130000000000001e-13
909.5,5.616e-11,866.9,5.374512e-11,1.140048e-12,1.162512e-12,1.1232000000000011e-13
910.5,5.582e-11,866.7,5.341974e-11,1.133146e-12,1.155474e-12,1.116400000000001e-13
911.5,5.548e-11,866.5,5.309436e-11,1.126244e-12,1.148436e-12,1.1096000000000009e-13
912.5,5.514e-11,866.3,5.276898e-11,1.1193419999999999e-12,1.141398e-12,1.102800000000001e-13
913.5,5.48e-11,866.2,5.24436e-11,1.1124399999999999e-12,1.13436e-12,1.096000000000001e-13
914.5,5.446e-11,866.1,5.211822e-11,1.1055379999999998e-12,1.127322e-12,1.0892000000000009e-13
915.5,5.413e-11,865.9,5.1802409999999994e-11,1.0988389999999998e-12,1.120491e-12,1.082600000000001e-13
916.5,5.38e-11,865.8,5.1486599999999997e-11,1.0921399999999998e-12,1.11366e-12,1.0760000000000009e-13
917.5,5.346e-11,865.7,5.116122e-11,1.085238e-12,1.106622e-12,1.069200000000001e-13
918.5,5.313e-11,865.5,5.084541e-11,1.078539e-12,1.099791e-12,1.062600000000001e-13
919.5,5.281e-11,865.4,5.053917e-11,1.072043e-12,1.093167e-12,1.056200000000001e-13
920.5,5.248e-11,865.3,5.022336e-11,1.065344e-12,1.0863360000000001e-12,1.049600000000001e-13
921.5,5.216e-11,865.2,4.991711999999999e-11,1.058848e-12,1.079712e-12,1.0432000000000009e-13
922.5,5.183e-11,865.1,4.9601309999999996e-11,1.052149e-12,1.072881e-12,1.0366000000000009e-13
923.5,5.151e-11,865.1,4.929507e-11,1.0456529999999998e-12,1.066257e-12,1.0302000000000009e-13
924.5,5.118e-11,865.1,4.8979259999999995e-11,1.0389539999999998e-12,1.059426e-12,1.0236000000000008e-13
925.5,5.086e-11,865.0,4.867302e-11,1.0324579999999999e-12,1.052802e-12,1.0172000000000008e-13
926.5,5.054e-11,865.0,4.836678e-11,1.025962e-12,1.046178e-12,1.0108000000000009e-13
927.5,5.022e-11,865.0,4.806054e-11,1.019466e-12,1.039554e-12,1.0044000000000009e-13
928.5,4.991e-11,865.0,4.7763869999999996e-11,1.013173e-12,1.0331369999999999e-12,9.982000000000009e-14
929.5,4.959e-11,865.1,4.745763e-11,1.006677e-12,1.026513e-12,9.918000000000009e-14
930.5,4.928e-11,865.1,4.7160959999999994e-11,1.000384e-12,1.020096e-12,9.856000000000009e-14
931.5,4.896e-11,865.1,4.6854719999999996e-11,9.93888e-13,1.0134719999999999e-12,9.792000000000009e-14
932.5,4.865e-11,865.2,4.655805e-11,9.875949999999999e-13,1.007055e-12,9.730000000000009e-14
933.5,4.834e-11,865.3,4.626138e-11,9.813019999999998e-13,1.000638e-12,9.668000000000009e-14
934.5,4.803e-11,865.3,4.596471e-11,9.75009e-13,9.94221e-13,9.606000000000008e-14
935.5,4.772e-11,865.4,4.5668039999999995e-11,9.687159999999998e-13,9.87804e-13,9.544000000000008e-14
936.5,4.742e-11,865.5,4.538094e-11,9.62626e-13,9.81594e-13,9.484000000000009e-14
937.5,4.711e-11,865.6,4.508427e-11,9.56333e-13,9.75177e-13,9.422000000000008e-14
938.5,4.681e-11,865.8,4.479717e-11,9.50243e-13,9.68967e-13,9.362000000000008e-14
939.5,4.65e-11,866.0,4.45005e-11,9.4395e-13,9.6255e-13,9.300000000000008e-14
940.5,4.62e-11,866.2,4.42134e-11,9.3786e-13,9.5634e-13,9.240000000000008e-14
941.5,4.589e-11,866.4,4.391673e-11,9.31567e-13,9.49923e-13,9.178000000000009e-14
942.5,4.559e-11,866.6,4.362963e-11,9.254769999999999e-13,9.43713e-13,9.118000000000008e-14
943.5,4.529e-11,866.8,4.3342529999999996e-11,9.193869999999999e-13,9.37503e-13,9.058000000000008e-14
944.5,4.5e-11,867.0,4.3064999999999996e-11,9.134999999999999e-13,9.315e-13,9.000000000000008e-14
945.5,4.47e-11,867.3,4.2777899999999996e-11,9.074099999999999e-13,9.2529e-13,8.940000000000008e-14
946.5,4.441e-11,867.5,4.2500369999999996e-11,9.015229999999999e-13,9.192869999999999e-13,8.882000000000007e-14
947.5,4.412e-11,867.7,4.2222839999999995e-11,8.956359999999999e-13,9.13284e-13,8.824000000000007e-14
948.5,4.383e-11,867.9,4.1945309999999995e-11,8.897489999999999e-13,9.072809999999999e-13,8.766000000000008e-14
949.5,4.354e-11,868.3,4.1667779999999995e-11,8.838619999999999e-13,9.012779999999999e-13,8.708000000000007e-14
950.5,4.325e-11,868.6,4.139025e-11,8.779749999999999e-13,8.952749999999999e-13,8.650000000000007e-14
951.5,4.296e-11,869.0,4.111272e-11,8.720879999999999e-13,8.892719999999999e-13,8.592000000000008e-14
952.5,4.267e-11,869.3,4.083519e-11,8.66201e-13,8.83269e-13,8.534000000000008e-14
953.5,4.239e-11,869.7,4.056723e-11,8.605169999999999e-13,8.77473e-13,8.478000000000008e-14
954.5,4.211e-11,870.1,4.029927e-11,8.548329999999999e-13,8.71677e-13,8.422000000000007e-14
955.5,4.183e-11,870.4,4.0031309999999997e-11,8.491489999999999e-13,8.65881e-13,8.366000000000007e-14
956.5,4.154e-11,870.8,3.9753779999999996e-11,8.432619999999999e-13,8.59878e-13,8.308000000000007e-14
957.5,4.127e-11,871.2,3.9495389999999994e-11,8.377809999999999e-13,8.542889999999999e-13,8.254000000000007e-14
958.5,4.099e-11,871.6,3.922743e-11,8.320969999999999e-13,8.48493e-13,8.198000000000007e-14
959.5,4.071e-11,872.0,3.895947e-11,8.264129999999999e-13,8.42697e-13,8.142000000000007e-14
960.5,4.044e-11,872.5,3.8701079999999996e-11,8.209319999999999e-13,8.371079999999999e-13,8.088000000000007e-14
961.5,4.016e-11,873.0,3.843312e-11,8.152479999999999e-13,8.31312e-13,8.032000000000007e-14
962.5,3.988e-11,873.5,3.816516e-11,8.09564e-13,8.25516e-13,7.976000000000008e-14
963.5,3.961e-11,874.0,3.790677e-11,8.04083e-13,8.19927e-13,7.922000000000007e-14
964.5,3.934e-11,874.5,3.764838e-11,7.98602e-13,8.143380000000001e-13,7.868000000000007e-14
965.5,3.907e-11,875.0,3.738999e-11,7.931209999999999e-13,8.08749e-13,7.814000000000007e-14
966.5,3.88e-11,875.6,3.71316e-11,7.876399999999999e-13,8.0316e-13,7.760000000000007e-14
967.5,3.854e-11,876.1,3.6882779999999995e-11,7.823619999999999e-13,7.977779999999999e-13,7.708000000000006e-14
968.5,3.827e-11,876.7,3.662439e-11,7.76881e-13,7.92189e-13,7.654000000000007e-14
969.5,3.801e-11,877.2,3.6375569999999997e-11,7.71603e-13,7.868069999999999e-13,7.602000000000006e-14
970.5,3.775e-11,877.8,3.612675e-11,7.66325e-13,7.81425e-13,7.550000000000007e-14
971.5,3.749e-11,878.5,3.587793e-11,7.610469999999999e-13,7.760429999999999e-13,7.498000000000006e-14
972.5,3.723e-11,879.1,3.5629109999999994e-11,7.557689999999998e-13,7.706609999999999e-13,7.446000000000006e-14
973.5,3.698e-11,879.7,3.538986e-11,7.506939999999999e-13,7.654859999999999e-13,7.396000000000006e-14
974.5,3.672e-11,880.4,3.5141039999999994e-11,7.454159999999999e-13,7.601039999999999e-13,7.344000000000006e-14
975.5,3.647e-11,881.0,3.4901789999999996e-11,7.403409999999999e-13,7.549289999999999e-13,7.294000000000007e-14
976.5,3.622e-11,881.7,3.466254e-11,7.35266e-13,7.49754e-13,7.244000000000007e-14
977.5,3.597e-11,882.3,3.4423289999999995e-11,7.301909999999999e-13,7.44579e-13,7.194000000000006e-14
978.5,3.572e-11,883.0,3.418404e-11,7.25116e-13,7.39404e-13,7.144000000000006e-14
979.5,3.547e-11,883.6,3.394479e-11,7.20041e-13,7.34229e-13,7.094000000000006e-14
980.5,3.523e-11,884.3,3.3715109999999996e-11,7.151689999999999e-13,7.292609999999999e-13,7.046000000000006e-14
981.5,3.498e-11,884.9,3.347586e-11,7.100939999999999e-13,7.240859999999999e-13,6.996000000000006e-14
982.5,3.474e-11,885.6,3.324618e-11,7.052219999999999e-13,7.19118e-13,6.948000000000006e-14
983.5,3.45e-11,886.3,3.3016499999999995e-11,7.003499999999999e-13,7.141499999999999e-13,6.900000000000006e-14
984.5,3.426e-11,887.0,3.278682e-11,6.954779999999999e-13,7.09182e-13,6.852000000000006e-14
985.5,3.403e-11,887.6,3.256671e-11,6.908089999999999e-13,7.044209999999999e-13,6.806000000000005e-14
986.5,3.379e-11,888.3,3.233703e-11,6.85937e-13,6.99453e-13,6.758000000000006e-14
987.5,3.356e-11,888.9,3.2116919999999994e-11,6.812679999999999e-13,6.94692e-13,6.712000000000006e-14
988.5,3.333e-11,889.6,3.189681e-11,6.76599e-13,6.89931e-13,6.666000000000007e-14
989.5,3.311e-11,890.2,3.168627e-11,6.72133e-13,6.85377e-13,6.622000000000006e-14
990.5,3.288e-11,890.8,3.146616e-11,6.67464e-13,6.80616e-13,6.576000000000007e-14
991.5,3.266e-11,891.5,3.125562e-11,6.62998e-13,6.76062e-13,6.532000000000006e-14
992.5,3.243e-11,892.2,3.1035509999999996e-11,6.583289999999999e-13,6.713009999999999e-13,6.486000000000005e-14
993.5,3.221e-11,892.8,3.0824969999999996e-11,6.538629999999999e-13,6.667469999999999e-13,6.442000000000006e-14
994.5,3.199e-11,893.5,3.0614429999999996e-11,6.493969999999999e-13,6.621929999999999e-13,6.398000000000005e-14
995.5,3.177e-11,894.2,3.0403889999999996e-11,6.449309999999999e-13,6.576389999999999e-13,6.354000000000005e-14
996.5,3.155e-11,894.9,3.0193349999999996e-11,6.404649999999999e-13,6.530849999999999e-13,6.310000000000005e-14
997.5,3.134e-11,895.5,2.9992379999999995e-11,6.362019999999999e-13,6.48738e-13,6.268000000000005e-14
998.5,3.113e-11,896.1,2.979141e-11,6.31939e-13,6.44391e-13,6.226000000000005e-14
999.5,3.092e-11,896.6,2.959044e-11,6.27676e-13,6.400440000000001e-13,6.184000000000006e-14
